easting,northing,gCBGA
329482,4259574,-217.24900000000
335252,4262999,-203.75300000000
335002,4262998,-204.51500000000
335003,4262749,-204.16200000000
335003,4262499,-203.56200000000
335253,4262499,-204.06300000000
335251,4262749,-203.98200000000
335252,4263250,-204.07400000000
335001,4263250,-204.82100000000
334751,4263000,-205.74900000000
334751,4263250,-204.30700000000
334500,4262999,-206.23500000000
334250,4262999,-206.62300000000
334501,4263500,-205.88600000000
334501,4263249,-206.02700000000
334251,4263250,-206.55700000000
334251,4263499,-206.44200000000
334250,4263749,-206.28300000000
334250,4263999,-205.98000000000
334500,4263998,-205.53200000000
334752,4263999,-204.17700000000
334501,4263749,-205.40500000000
337501,4261998,-197.11400000000
338001,4262000,-196.14900000000
337000,4261999,-198.29100000000
336500,4261999,-196.65100000000
336001,4261999,-201.57800000000
337501,4261499,-197.15500000000
337001,4261499,-198.56800000000
336501,4261499,-200.28600000000
336001,4261499,-202.05600000000
335501,4261498,-203.50100000000
335001,4261499,-204.91400000000
334501,4261499,-205.00300000000
334001,4261500,-207.51100000000
333502,4261499,-208.93000000000
333003,4261500,-210.01000000000
336760,4264196,-196.10000000000
330061,4265083,-210.72200000000
334269,4258076,-209.44700000000
336842,4260925,-199.40400000000
335501,4263998,-202.13000000000
333002,4263499,-209.13500000000
333502,4263498,-207.93500000000
334002,4263498,-207.10700000000
334002,4263998,-206.47500000000
333502,4263998,-208.09900000000
333003,4263998,-209.20300000000
333002,4264499,-208.86200000000
333502,4264499,-207.71500000000
334001,4264499,-207.25300000000
334501,4264500,-205.23300000000
335001,4264499,-204.44500000000
335500,4264499,-202.04100000000
336001,4264498,-199.32900000000
336500,4264499,-197.35300000000
337002,4264499,-195.61800000000
337503,4264500,-193.14300000000
338002,4264499,-193.17900000000
338502,4264498,-193.08100000000
339002,4264497,-193.13100000000
339499,4264500,-194.09600000000
337501,4259999,-199.64700000000
339501,4259000,-203.62000000000
338501,4258998,-200.19200000000
337500,4259000,-200.49100000000
336502,4259000,-201.72800000000
335501,4259000,-205.29600000000
334502,4258999,-208.79900000000
333501,4258999,-211.42500000000
332501,4258999,-214.01200000000
331501,4258999,-215.70700000000
330501,4258999,-216.92900000000
329501,4259000,-217.25300000000
329501,4263999,-212.64400000000
330499,4264002,-212.80600000000
331501,4263999,-212.45000000000
332501,4264000,-210.08200000000
335612,4255587,-203.89300000000
335614,4255587,-205.54200000000
335512,4255587,-207.32400000000
335314,4255586,-207.54600000000
335116,4255605,-207.56700000000
334910,4255620,-205.56300000000
334706,4255610,-208.47000000000
334505,4255596,-208.74000000000
334309,4255583,-208.87300000000
334108,4255556,-209.15900000000
333903,4255540,-209.42100000000
333702,4255554,-209.44900000000
333507,4255559,-209.68900000000
333307,4255556,-209.93100000000
333050,4255539,-209.43400000000
332801,4255544,-209.28900000000
332295,4255532,-210.28000000000
331810,4255522,-212.27400000000
331307,4255516,-213.15300000000
330811,4255514,-213.52800000000
330303,4255505,-214.92700000000
333905,4257995,-210.79300000000
334102,4257997,-210.07000000000
334304,4257997,-209.26000000000
334500,4258000,-208.60200000000
334697,4257998,-208.09100000000
334899,4257997,-206.98300000000
335104,4257997,-206.74000000000
335303,4258002,-203.98700000000
335503,4257994,-205.41500000000
331503,4258000,-215.86600000000
332502,4257997,-214.50800000000
333004,4258002,-212.22900000000
333505,4258001,-211.65600000000
335700,4257999,-205.45500000000
336107,4257997,-204.21300000000
336504,4257996,-203.39500000000
337503,4257991,-200.28200000000
336525,4260461,-200.01700000000
336737,4260451,-199.25400000000
336936,4260437,-198.02100000000
337133,4260427,-197.59200000000
337332,4260410,-198.36300000000
337533,4260396,-198.49100000000
337734,4260388,-196.57700000000
337931,4260377,-198.99000000000
339499,4261489,-200.41100000000
338998,4261501,-197.88300000000
338503,4261493,-199.02400000000
337708,4260554,-198.24300000000
332501,4265999,-209.30200000000
333501,4265999,-207.06900000000
334501,4265999,-204.52500000000
335501,4265999,-200.84800000000
336502,4265999,-195.76800000000
337503,4265999,-192.05200000000
338502,4266000,-190.78500000000
339502,4265998,-191.30100000000
329501,4266999,-208.97400000000
330500,4266999,-209.30700000000
332500,4267000,-208.93500000000
333501,4267000,-206.49300000000
334500,4266999,-203.52300000000
335502,4267000,-199.42000000000
336502,4267000,-194.68200000000
337503,4266999,-190.78300000000
338501,4266999,-188.58100000000
339502,4267000,-187.66600000000
342542,4267010,-194.77400000000
341629,4267491,-190.18700000000
340017,4263945,-198.68500000000
339500,4264000,-197.39600000000
338999,4263998,-193.11800000000
338501,4263999,-193.41000000000
338501,4263499,-194.68000000000
329501,4259999,-215.97400000000
330502,4259999,-214.83000000000
331502,4260000,-214.95400000000
332502,4259999,-212.68200000000
333502,4260000,-210.79100000000
335502,4262999,-202.87400000000
335752,4262750,-202.27200000000
336003,4262499,-201.58300000000
336004,4262748,-201.32400000000
335502,4262749,-202.93300000000
335502,4262500,-203.45600000000
335752,4262500,-201.74200000000
336001,4263001,-201.17600000000
336001,4263250,-200.79800000000
336000,4263500,-200.31700000000
335751,4263499,-201.51700000000
335750,4263250,-201.56600000000
335751,4262999,-201.29300000000
335502,4263249,-202.11100000000
335502,4263499,-201.58700000000
335251,4263500,-203.24400000000
335001,4263499,-203.93200000000
334751,4263498,-202.63900000000
334751,4263748,-204.42000000000
335001,4263748,-204.05700000000
335253,4263749,-203.38700000000
335252,4263999,-203.10700000000
338000,4262499,-195.70800000000
337500,4262500,-196.93900000000
337000,4262499,-198.11500000000
336501,4262499,-199.47100000000
334501,4262499,-207.18600000000
334002,4262501,-207.07600000000
333502,4262499,-207.46600000000
333002,4262498,-209.38200000000
333002,4261999,-209.57300000000
333502,4261998,-208.22800000000
334002,4261999,-207.12300000000
334502,4262000,-206.10100000000
335002,4262000,-203.65700000000
335503,4262001,-203.66300000000
336760,4264195,-196.21900000000
330061,4265080,-210.87000000000
334268,4258076,-209.62300000000
336844,4260925,-199.51600000000
335002,4263999,-203.42800000000
336502,4264000,-197.92600000000
336001,4264000,-199.99000000000
336502,4263500,-197.39500000000
337003,4263499,-193.79100000000
337503,4263499,-193.54400000000
338002,4263499,-194.43100000000
338001,4262999,-194.85900000000
338003,4263999,-193.29500000000
337503,4264000,-192.97900000000
337003,4264000,-190.90000000000
333501,4264998,-208.12000000000
334000,4264999,-206.89000000000
334501,4264999,-204.09300000000
335002,4265000,-203.78700000000
335502,4265001,-201.71200000000
336002,4265001,-199.08000000000
336503,4264999,-196.80100000000
337002,4264999,-194.82500000000
337502,4264998,-193.53400000000
338002,4264999,-192.52300000000
338501,4265000,-192.44800000000
339001,4265000,-192.65400000000
339502,4264999,-194.13700000000
338001,4260998,-198.97200000000
337501,4261000,-196.73200000000
337001,4261000,-198.88100000000
336501,4261000,-200.91000000000
336000,4261001,-202.28700000000
335500,4261000,-204.22100000000
335001,4260999,-205.63000000000
334500,4260999,-207.04700000000
334001,4261000,-208.18500000000
333501,4261000,-209.81800000000
333002,4261001,-211.01700000000
332502,4260999,-212.05900000000
331501,4260998,-214.07300000000
330500,4260999,-215.00500000000
332501,4263000,-211.72800000000
331501,4263000,-213.05100000000
330500,4262999,-212.80700000000
329500,4263000,-213.48100000000
329501,4262000,-214.41600000000
330501,4262000,-214.45200000000
331500,4262000,-212.92500000000
332501,4262000,-211.19800000000
329501,4261000,-215.25500000000
335451,4263040,-203.15100000000
335607,4255587,-205.51900000000
335611,4255587,-205.51500000000
335312,4255587,-207.62700000000
335412,4255584,-207.50200000000
335215,4255593,-207.57800000000
335013,4255619,-207.73700000000
334807,4255616,-208.11200000000
334608,4255602,-207.93600000000
334406,4255589,-208.73900000000
334209,4255576,-209.05900000000
334011,4255548,-209.31600000000
333905,4255537,-209.40300000000
335819,4255577,-205.04600000000
336009,4255573,-205.45100000000
336209,4255565,-204.77600000000
336406,4255566,-204.39600000000
336613,4255560,-201.65400000000
336819,4255548,-203.07900000000
337315,4255510,-199.81500000000
337767,4255294,-200.34400000000
338095,4254901,-200.93100000000
333905,4257994,-210.59000000000
334002,4257997,-210.20500000000
334202,4258001,-209.70100000000
334401,4257998,-208.93900000000
334601,4257997,-208.30700000000
334798,4257999,-207.87000000000
335001,4257999,-207.29100000000
335203,4257999,-206.41000000000
335399,4257999,-205.77800000000
331997,4258002,-215.27100000000
332752,4257998,-213.44600000000
333252,4258002,-212.18600000000
333705,4257999,-211.07600000000
335701,4257999,-205.30000000000
335901,4258000,-204.91600000000
336299,4258000,-204.50300000000
336992,4258013,-201.60400000000
336525,4260459,-199.99500000000
336633,4260451,-199.59900000000
336836,4260441,-198.56100000000
337032,4260429,-195.90800000000
337228,4260417,-197.85900000000
337430,4260402,-198.35900000000
337631,4260391,-198.40700000000
337830,4260379,-197.87500000000
338500,4260999,-197.89300000000
339002,4261000,-198.62700000000
338500,4261999,-199.33500000000
339001,4262003,-200.22100000000
337708,4260554,-198.31500000000
332943,4265030,-209.25200000000
332501,4264999,-210.15300000000
331501,4264997,-210.50800000000
330502,4265000,-210.99100000000
329501,4264999,-210.81600000000
329501,4265999,-209.21500000000
330503,4265998,-209.67200000000
331502,4266001,-209.81800000000
331502,4266999,-209.08000000000
339452,4260119,-200.46500000000
339506,4261999,-201.08400000000
339013,4262486,-196.22400000000
338515,4262536,-195.43700000000
338499,4263014,-192.89800000000
339027,4263283,-195.27000000000
339474,4263260,-196.82000000000
338099,4261529,-198.71100000000
328510,4259126,-217.82300000000
327517,4259117,-215.79800000000
326524,4259069,-214.08300000000
325571,4258817,-212.01900000000
324581,4258881,-208.07000000000
323580,4258953,-204.19300000000
322284,4258489,-199.47800000000
320950,4258009,-191.59600000000
320274,4255797,-188.63200000000
319097,4255857,-189.60400000000
317811,4256356,-191.08900000000
316794,4254544,-186.56000000000
315388,4255058,-184.81000000000
314117,4255879,-196.29100000000
312938,4256442,-198.10400000000
311782,4257281,-198.93700000000
310756,4258265,-199.98300000000
309868,4259347,-200.98100000000
340613,4262090,-200.64400000000
342127,4262253,-203.43000000000
343527,4262162,-205.05400000000
343962,4263554,-206.27000000000
343143,4264685,-202.45300000000
343337,4266036,-203.63300000000
344804,4263016,-207.93900000000
345952,4263846,-206.92600000000
346935,4264870,-210.98700000000
348373,4265543,-214.62400000000
336973,4260010,-199.98500000000
336484,4259968,-201.63500000000
335985,4259988,-203.09200000000
335504,4260006,-203.74300000000
335000,4260024,-206.36800000000
334515,4260049,-208.26200000000
333983,4260062,-209.52700000000
310437,4257177,-200.10900000000
309050,4257737,-200.45900000000
307765,4258258,-198.59100000000
306655,4258709,-196.96600000000
305452,4259036,-193.68500000000
303970,4259432,-188.19200000000
302805,4258460,-187.01400000000
302035,4257175,-185.46500000000
300822,4256449,-182.60500000000
299373,4256648,-185.02900000000
334852,4262980,-204.93800000000
336739,4264151,-195.94000000000
337662,4264167,-193.20900000000
337639,4262823,-195.33200000000
337453,4262911,-195.20100000000
337289,4262914,-194.45800000000
337076,4262892,-195.60400000000
336883,4262925,-196.74300000000
336688,4262931,-197.55000000000
334655,4262965,-205.30800000000
334455,4262971,-205.81400000000
335050,4262987,-204.13100000000
334256,4262980,-206.10200000000
334054,4262982,-206.55000000000
333664,4262989,-207.41300000000
333257,4262997,-208.34000000000
332836,4263008,-209.15800000000
334183,4263671,-206.32700000000
334361,4263581,-205.87400000000
334549,4263491,-205.65100000000
334729,4263396,-204.75700000000
334891,4263264,-204.62900000000
335262,4262952,-203.69500000000
335081,4263210,-203.19400000000
335245,4263124,-203.60100000000
335436,4263035,-202.73900000000
335806,4262847,-201.34200000000
336928,4262789,-196.15300000000
336786,4262655,-197.72300000000
336634,4262519,-198.37300000000
336485,4262387,-197.74200000000
336325,4262246,-200.07900000000
336185,4262112,-200.70600000000
335451,4262947,-202.69800000000
336039,4261990,-201.30100000000
333857,4262985,-207.07800000000
335658,4262941,-201.06800000000
335860,4262929,-201.24900000000
336095,4262926,-200.55300000000
336278,4262943,-199.73900000000
336493,4262931,-198.20600000000
331556,4231416,-197.75500000000
336737,4231366,-194.64800000000
304707,4232111,-202.77500000000
333951,4231459,-190.79600000000
328524,4231665,-204.74500000000
310184,4232184,-200.83600000000
304931,4232346,-202.76100000000
338363,4231610,-201.44400000000
347117,4231441,-229.39300000000
310171,4232240,-199.63000000000
310113,4232260,-200.85500000000
310113,4232260,-200.82500000000
338276,4231649,-201.65400000000
338276,4231649,-201.65400000000
292998,4232771,-214.27900000000
305155,4232526,-202.82100000000
333128,4231939,-191.83600000000
331583,4231989,-196.68400000000
355935,4231520,-224.38700000000
350011,4231627,-231.85500000000
352419,4231620,-230.96800000000
330882,4232059,-197.69400000000
353616,4231617,-228.96700000000
354870,4231594,-227.33200000000
289836,4233038,-209.00200000000
316102,4232399,-199.39300000000
332445,4232045,-196.69900000000
295688,4232907,-208.80100000000
310484,4232547,-200.64900000000
310995,4232535,-201.33000000000
355863,4231614,-224.79700000000
299731,4232824,-206.64900000000
312557,4232518,-202.03900000000
309610,4232587,-200.31500000000
310134,4232574,-200.14000000000
308121,4232622,-204.17500000000
308602,4232610,-202.62000000000
305713,4232679,-204.98000000000
306195,4232668,-206.34700000000
306589,4232658,-206.89200000000
306983,4232649,-207.12600000000
307289,4232641,-206.71700000000
330052,4232132,-200.49900000000
314162,4232499,-199.54200000000
305305,4232707,-203.38800000000
341011,4231928,-212.32000000000
329090,4232189,-202.98100000000
324537,4232305,-201.86100000000
315841,4232498,-200.36600000000
315958,4232495,-200.57500000000
315958,4232495,-200.56500000000
317563,4232459,-201.24400000000
314280,4232534,-199.24900000000
312602,4232572,-202.01300000000
312617,4232572,-201.98200000000
307787,4232685,-206.38600000000
307802,4232685,-206.41600000000
305305,4232744,-203.66000000000
305305,4232744,-203.63000000000
331425,4232159,-196.29000000000
332373,4232139,-194.90900000000
328433,4232222,-203.43200000000
327660,4232238,-204.52000000000
324042,4232334,-201.18800000000
328464,4232239,-203.86600000000
327486,4232260,-204.30700000000
326027,4232291,-204.07100000000
323664,4232361,-200.51900000000
322044,4232415,-198.19300000000
322394,4232407,-198.97500000000
319942,4232461,-196.80500000000
320526,4232448,-196.59000000000
318936,4232484,-199.83600000000
316967,4232528,-201.53000000000
315843,4232572,-200.17400000000
317288,4232539,-201.71200000000
317302,4232539,-202.00200000000
324059,4232408,-200.84600000000
319170,4232515,-198.64700000000
298831,4233031,-204.45700000000
298816,4233050,-204.50200000000
332450,4232323,-196.65500000000
335515,4232297,-194.11900000000
344811,4232169,-224.60600000000
331665,4232450,-197.84400000000
298311,4233285,-205.14600000000
322386,4232721,-198.62500000000
320855,4232755,-196.08000000000
337327,4232427,-201.64100000000
333504,4232504,-191.64700000000
311022,4233034,-201.24100000000
311008,4233072,-200.49000000000
298285,4233415,-204.62700000000
289999,4233681,-204.57400000000
290176,4233732,-205.02600000000
290176,4233732,-205.04600000000
343971,4232537,-222.53600000000
290761,4233754,-206.33200000000
354885,4232408,-228.01700000000
291127,4233837,-209.55000000000
326204,4233083,-203.25700000000
334404,4232930,-192.45600000000
291612,4233936,-211.98100000000
298018,4233829,-205.51700000000
299930,4233800,-205.95600000000
298004,4233848,-205.51200000000
330949,4233094,-195.63200000000
339002,4232948,-209.02100000000
290214,4234083,-209.01200000000
290228,4234083,-208.94200000000
347363,4232842,-230.96400000000
299321,4233963,-203.89500000000
292434,4234137,-214.11800000000
296943,4234041,-205.95600000000
331010,4233278,-195.56300000000
292933,4234216,-213.61300000000
289037,4234317,-209.24700000000
306501,4233881,-205.86500000000
337081,4233209,-197.89200000000
295575,4234186,-205.38600000000
293082,4234342,-211.88000000000
352448,4233248,-234.44900000000
351632,4233299,-235.24600000000
350013,4233329,-235.33400000000
342924,4233482,-220.10100000000
343785,4233484,-222.26600000000
330509,4233751,-195.90800000000
327226,4233820,-202.19300000000
317570,4234050,-202.38700000000
332188,4233734,-196.41000000000
330524,4233769,-196.17300000000
315950,4234105,-202.42600000000
327154,4233859,-202.16300000000
325710,4233890,-202.89900000000
320809,4234015,-199.28400000000
317585,4234087,-202.41600000000
296549,4234606,-204.09700000000
295615,4234630,-205.18300000000
324093,4233961,-202.45800000000
320809,4234033,-199.61900000000
319205,4234069,-202.13400000000
311108,4234254,-200.61800000000
312261,4234227,-202.46200000000
309430,4234293,-200.14000000000
307097,4234348,-206.22600000000
307898,4234329,-204.54900000000
325288,4233936,-202.91300000000
324166,4233978,-202.77200000000
324166,4233978,-202.73200000000
320810,4234052,-199.67400000000
320810,4234052,-199.63400000000
319205,4234088,-201.62900000000
317600,4234124,-202.83500000000
317600,4234124,-202.81500000000
311109,4234272,-200.35500000000
332744,4233834,-195.76200000000
295325,4234711,-203.00500000000
295325,4234711,-202.98500000000
332745,4233852,-195.97900000000
295428,4234745,-203.22400000000
290922,4234953,-207.54200000000
289436,4235065,-209.81400000000
343296,4233863,-221.81300000000
355476,4233637,-228.47900000000
355871,4233630,-226.90300000000
355871,4233630,-226.86300000000
354382,4233657,-231.39700000000
344755,4233854,-224.47400000000
345557,4233838,-226.79500000000
293946,4235023,-207.91500000000
293946,4235023,-207.91500000000
330402,4234179,-196.18600000000
303750,4234799,-203.58100000000
298863,4234937,-202.99700000000
303750,4234818,-203.62600000000
356894,4233760,-224.21300000000
300106,4235017,-204.72800000000
348362,4233971,-234.33400000000
334520,4234334,-191.64600000000
350451,4234117,-236.37100000000
343537,4234284,-220.94400000000
297734,4235317,-203.40500000000
336684,4234549,-195.54700000000
288739,4235750,-208.80100000000
298864,4235585,-204.08600000000
289616,4235820,-207.24700000000
304279,4235545,-201.98500000000
290786,4235900,-207.43600000000
355944,4234516,-228.93800000000
329953,4235058,-195.78300000000
333397,4235078,-192.84700000000
333412,4235097,-192.97700000000
340415,4235067,-213.15900000000
330645,4235358,-193.35800000000
308957,4235877,-202.68400000000
315987,4235733,-199.63800000000
316031,4235732,-199.49800000000
317635,4235696,-202.50700000000
319240,4235660,-204.17500000000
325730,4235517,-202.50800000000
327364,4235482,-200.93300000000
294985,4236256,-203.70400000000
296574,4236216,-202.83900000000
298193,4236175,-201.98700000000
299798,4236135,-202.95200000000
301402,4236096,-203.98300000000
303021,4236056,-201.61200000000
304713,4236015,-201.64800000000
307937,4235938,-205.10700000000
309556,4235900,-200.84900000000
311161,4235863,-197.99300000000
312780,4235825,-201.23600000000
319226,4235679,-203.91000000000
341368,4235233,-212.79200000000
311147,4235937,-197.51200000000
319242,4235752,-204.27800000000
319257,4235752,-204.25800000000
335024,4235452,-192.05000000000
306658,4236135,-203.55700000000
336777,4235528,-195.39300000000
355300,4235194,-233.57300000000
355956,4235182,-230.02400000000
301030,4236383,-202.29600000000
319235,4236085,-204.30100000000
348419,4235486,-235.98700000000
349250,4235471,-237.37300000000
351089,4235437,-239.56800000000
303529,4236525,-200.95500000000
303529,4236525,-200.93500000000
303515,4236544,-200.58000000000
352839,4235498,-239.58200000000
347167,4235640,-233.17000000000
337617,4235918,-202.22400000000
331944,4236052,-194.52200000000
357057,4235589,-229.19500000000
304293,4236747,-199.52300000000
299044,4236931,-201.00100000000
343424,4235952,-218.96600000000
342782,4235983,-216.04300000000
305199,4236818,-200.69000000000
305199,4236818,-200.68000000000
343322,4235991,-221.47200000000
343337,4235991,-221.46200000000
344475,4235969,-223.06400000000
344635,4235966,-223.14400000000
344650,4235965,-223.14400000000
356301,4235750,-229.43600000000
356301,4235750,-229.45600000000
317626,4236547,-201.99900000000
343395,4236008,-218.54000000000
305216,4236873,-200.31400000000
343791,4236074,-222.95800000000
302345,4237035,-202.27000000000
353944,4236014,-239.39300000000
332827,4236441,-190.92900000000
335526,4236442,-194.30700000000
329140,4236592,-197.46900000000
300949,4237255,-201.50000000000
329184,4236647,-197.40200000000
329184,4236647,-197.40200000000
324897,4236757,-201.37300000000
325757,4236738,-201.58600000000
326982,4236712,-201.06900000000
297773,4237463,-202.23300000000
326998,4236786,-200.83800000000
347560,4236372,-234.00700000000
290977,4237673,-203.27300000000
290977,4237673,-203.29300000000
337499,4236623,-199.63800000000
306948,4237313,-203.10500000000
334132,4236729,-192.23900000000
347270,4236470,-234.05200000000
347285,4236470,-234.04200000000
332003,4236810,-194.18200000000
334876,4236788,-193.75900000000
337925,4236763,-200.16100000000
289350,4237937,-204.86400000000
289365,4237936,-204.85400000000
308921,4237451,-201.41000000000
314915,4237312,-195.61500000000
318414,4237232,-202.49900000000
320005,4237197,-204.76500000000
303832,4237591,-198.52900000000
308922,4237470,-201.42500000000
314901,4237331,-195.60000000000
318401,4237251,-202.50400000000
320005,4237216,-204.79000000000
330635,4236986,-192.99100000000
330650,4236986,-192.36100000000
310264,4237457,-196.23700000000
310279,4237456,-196.26700000000
316067,4237323,-197.43200000000
316067,4237323,-197.44200000000
308004,4237529,-203.54400000000
313677,4237396,-196.85000000000
313691,4237396,-196.84000000000
317672,4237305,-201.28300000000
317672,4237305,-201.29300000000
319291,4237269,-203.91700000000
307975,4237547,-203.61100000000
307990,4237547,-203.53900000000
308413,4237537,-203.05200000000
308982,4237524,-201.16800000000
310308,4237492,-195.89600000000
311212,4237471,-195.34000000000
312817,4237434,-197.09000000000
313662,4237415,-196.45400000000
314902,4237386,-195.36300000000
316024,4237361,-197.36100000000
316039,4237360,-197.16100000000
317672,4237323,-200.93900000000
318460,4237306,-202.40700000000
319262,4237288,-203.64200000000
319277,4237287,-204.04200000000
335405,4236943,-193.89400000000
320079,4237288,-204.52800000000
320881,4237270,-204.36500000000
320911,4237270,-204.79500000000
320911,4237270,-204.78500000000
322514,4237234,-202.16300000000
324163,4237198,-201.13900000000
324541,4237190,-201.09100000000
323215,4237238,-202.61400000000
323229,4237237,-202.64400000000
324163,4237217,-201.55400000000
324163,4237217,-201.58400000000
328610,4237122,-197.41400000000
338614,4236934,-204.99400000000
287458,4238134,-205.88800000000
287458,4238134,-205.84800000000
353650,4236686,-241.16200000000
333950,4237103,-192.64300000000
299156,4237910,-199.60100000000
358637,4236671,-223.55300000000
360299,4236642,-221.94700000000
332144,4237269,-192.24900000000
332144,4237288,-191.93300000000
302836,4238041,-197.07700000000
315246,4237785,-194.82700000000
343316,4237193,-217.61500000000
314984,4237810,-194.57200000000
308001,4238028,-202.96900000000
355508,4237059,-235.21200000000
300932,4238310,-199.36100000000
334907,4237545,-193.13700000000
336424,4237552,-197.63000000000
291295,4238645,-204.85600000000
291310,4238645,-204.87600000000
331147,4237716,-192.07200000000
335259,4237668,-194.06700000000
303195,4238403,-197.33600000000
348747,4237423,-236.75200000000
347012,4237474,-231.20500000000
325784,4238015,-201.30600000000
352759,4237479,-242.24800000000
356477,4237412,-229.82100000000
350266,4237561,-240.52000000000
353416,4237504,-242.87200000000
353665,4237518,-242.08800000000
350500,4237594,-239.57000000000
351725,4237571,-242.16500000000
356566,4237484,-230.09800000000
328587,4238047,-197.13200000000
356581,4237502,-230.21100000000
354468,4237614,-240.46400000000
356495,4237578,-230.02300000000
355299,4237618,-237.49900000000
356480,4237597,-230.03800000000
346581,4237815,-227.35800000000
298611,4238886,-197.98300000000
304094,4238769,-196.71400000000
307346,4238710,-201.89600000000
332177,4238157,-191.95900000000
346494,4237873,-227.52000000000
356499,4237800,-231.19500000000
358220,4237788,-225.73700000000
358876,4237795,-225.44900000000
332443,4238318,-192.47700000000
334353,4238297,-194.30500000000
354473,4237910,-240.68500000000
346237,4238081,-227.63700000000
355291,4237932,-237.43600000000
301665,4239088,-195.61800000000
333319,4238374,-192.15000000000
342826,4238239,-213.47200000000
337899,4238373,-199.97900000000
359929,4237999,-223.07300000000
345992,4238271,-226.48400000000
328351,4238644,-197.26500000000
330771,4238593,-190.71800000000
299877,4239335,-195.44200000000
299877,4239335,-195.47200000000
299920,4239334,-195.47200000000
308392,4239129,-200.02500000000
315827,4238957,-195.18300000000
319327,4238878,-200.47300000000
320042,4238862,-201.89100000000
320916,4238842,-203.13800000000
322519,4238807,-203.17000000000
299877,4239354,-194.98600000000
299921,4239353,-195.48600000000
303099,4239275,-194.76600000000
304806,4239233,-195.79500000000
308378,4239148,-200.06900000000
313714,4239023,-193.72100000000
314443,4239007,-192.30100000000
315814,4238975,-195.18700000000
319313,4238896,-200.28800000000
320042,4238880,-201.91600000000
320916,4238861,-203.19200000000
322520,4238825,-203.13400000000
327404,4238720,-199.26000000000
329096,4238684,-194.36100000000
336298,4238535,-195.76300000000
312854,4239062,-193.78800000000
320115,4238897,-201.80000000000
327434,4238738,-199.81500000000
320932,4238898,-202.95200000000
322550,4238862,-202.99300000000
323250,4238847,-202.31700000000
324198,4238826,-202.07400000000
324198,4238826,-201.79400000000
300710,4239389,-194.68400000000
324199,4238844,-202.08800000000
308336,4239242,-197.45100000000
356462,4238263,-232.08900000000
345733,4238479,-225.30500000000
316108,4239117,-195.25700000000
353650,4238369,-242.09200000000
341725,4238612,-208.71700000000
354482,4238372,-241.10200000000
355313,4238357,-238.12300000000
311839,4239307,-192.24400000000
347616,4238554,-235.55400000000
356480,4238392,-232.23100000000
311824,4239326,-192.88800000000
337032,4238779,-198.33300000000
311825,4239345,-192.90300000000
345490,4238687,-224.41700000000
350085,4238749,-239.78500000000
301348,4239836,-191.46200000000
335886,4239062,-195.75400000000
345230,4238877,-222.46500000000
330536,4239246,-189.68400000000
354489,4238798,-241.00700000000
355306,4238783,-238.06100000000
305959,4239854,-197.68900000000
334665,4239234,-195.19600000000
336676,4239193,-196.44700000000
357465,4238838,-231.11500000000
308599,4239865,-197.85000000000
344986,4239085,-221.56000000000
325818,4239586,-200.81700000000
325017,4239622,-201.83300000000
325818,4239605,-201.41200000000
342846,4239256,-212.32100000000
322568,4239694,-202.97200000000
324216,4239658,-201.82500000000
344699,4239276,-220.05400000000
344742,4239275,-220.46400000000
309960,4240036,-191.56200000000
322540,4239750,-203.18700000000
322540,4239750,-203.22700000000
354496,4239149,-240.79100000000
355312,4239135,-238.28800000000
301053,4240306,-193.13100000000
306666,4240170,-198.36500000000
327935,4239689,-197.57700000000
349583,4239258,-238.37700000000
355852,4239144,-236.40300000000
307483,4240169,-199.01200000000
344583,4239389,-219.52700000000
332193,4239655,-192.79200000000
344426,4239522,-218.76400000000
333917,4239749,-192.08200000000
319340,4240117,-198.83600000000
319340,4240136,-198.35000000000
335215,4239797,-195.48800000000
344268,4239654,-217.82400000000
348889,4239567,-235.26200000000
319342,4240191,-198.73400000000
319356,4240191,-198.70400000000
298439,4240741,-190.06600000000
344110,4239750,-217.53000000000
352216,4239635,-243.18300000000
338003,4239944,-198.52100000000
343937,4239883,-216.56200000000
356662,4239666,-234.62800000000
302904,4240816,-190.69300000000
329129,4240237,-192.90400000000
330790,4240203,-189.03900000000
338021,4240073,-199.40100000000
301303,4240947,-192.14900000000
312892,4240671,-192.48000000000
315063,4240621,-192.13600000000
320079,4240526,-199.57900000000
320151,4240525,-199.17900000000
320953,4240507,-201.03700000000
320982,4240506,-200.74700000000
322556,4240472,-202.85700000000
324233,4240435,-202.04800000000
336710,4240173,-198.00600000000
320079,4240545,-199.53400000000
320953,4240525,-201.07100000000
322556,4240490,-202.84200000000
322586,4240489,-202.47200000000
324234,4240453,-202.01200000000
325836,4240419,-200.72500000000
310518,4240856,-191.40100000000
343622,4240148,-214.98700000000
359307,4239952,-229.74700000000
343478,4240261,-214.13100000000
308088,4241061,-196.92500000000
327868,4240634,-196.80600000000
306806,4241129,-197.32500000000
327883,4240653,-196.48800000000
317345,4240902,-194.47200000000
333029,4240563,-195.33100000000
343800,4240348,-215.79500000000
333029,4240582,-195.18500000000
343320,4240394,-213.35800000000
348320,4240299,-234.30800000000
317318,4240977,-194.88000000000
317318,4240977,-194.92000000000
353525,4240295,-243.02300000000
343177,4240508,-212.65400000000
337813,4240632,-197.44400000000
343047,4240603,-211.82000000000
304161,4241525,-193.55700000000
341956,4240698,-203.84500000000
341184,4240769,-199.37100000000
342861,4240755,-210.04500000000
356663,4240498,-235.01000000000
316377,4241331,-192.13000000000
333970,4240951,-193.20000000000
340631,4240817,-196.74700000000
340981,4240810,-198.11100000000
342832,4240774,-209.58900000000
355439,4240539,-238.24000000000
340792,4240832,-197.57000000000
294296,4241900,-197.59700000000
294296,4241900,-197.58700000000
320969,4241265,-199.92400000000
320969,4241265,-199.96400000000
330152,4241067,-190.80700000000
341375,4240839,-200.52600000000
341579,4240835,-201.86500000000
359622,4240502,-229.13700000000
339772,4240889,-197.39500000000
336755,4240968,-196.39000000000
339787,4240908,-197.02200000000
291266,4242033,-207.58600000000
291266,4242033,-207.58600000000
321000,4241320,-199.62800000000
327822,4241172,-196.85700000000
341770,4240887,-202.67500000000
342703,4240869,-208.44800000000
330519,4241170,-190.83700000000
342150,4240972,-204.81100000000
301369,4241889,-189.86700000000
342545,4241001,-206.98700000000
349540,4240868,-237.33000000000
307740,4241773,-197.63700000000
342355,4241024,-205.49800000000
342370,4241023,-205.48600000000
300265,4242028,-191.74400000000
311153,4241785,-190.98200000000
334677,4241307,-194.93100000000
290006,4242362,-210.99100000000
315395,4241742,-192.89600000000
290006,4242380,-211.03600000000
333454,4241405,-191.73700000000
339139,4241290,-196.98000000000
331925,4241492,-189.21000000000
331882,4241512,-190.13900000000
335511,4241437,-195.97300000000
314991,4241918,-194.98100000000
315006,4241955,-191.92000000000
315021,4241954,-191.87000000000
334857,4241543,-191.87400000000
350495,4241239,-240.29800000000
314133,4242030,-191.19700000000
304663,4242383,-193.40500000000
304663,4242383,-193.42500000000
327516,4241881,-197.50800000000
329163,4241846,-193.42900000000
330780,4241812,-191.25100000000
306982,4242383,-197.06300000000
336829,4241725,-195.78600000000
290353,4242816,-210.37100000000
309386,4242344,-192.88900000000
356707,4241367,-236.19400000000
312929,4242280,-191.02900000000
318204,4242160,-194.20700000000
321018,4242115,-198.71800000000
310641,4242370,-191.11900000000
300818,4242625,-192.67600000000
321820,4242134,-200.14300000000
322622,4242117,-201.27400000000
323452,4242099,-201.86100000000
324254,4242081,-201.96500000000
325871,4242046,-201.27700000000
304987,4242542,-193.59100000000
320989,4242171,-199.05200000000
321864,4242152,-200.44700000000
322592,4242136,-201.64900000000
323468,4242117,-202.09600000000
324269,4242100,-202.22900000000
324269,4242100,-202.27900000000
335549,4241862,-198.28800000000
320990,4242190,-199.04600000000
321864,4242171,-200.44200000000
322593,4242155,-201.62400000000
323468,4242135,-202.16100000000
325872,4242084,-200.82600000000
305864,4242613,-197.21000000000
339150,4241882,-196.90600000000
332026,4242120,-191.46700000000
306275,4242715,-196.98400000000
306289,4242714,-197.01400000000
360035,4241605,-229.31500000000
354148,4241727,-241.90100000000
341763,4242053,-201.51500000000
352168,4241856,-242.85300000000
346251,4241984,-222.27700000000
306571,4242892,-197.14500000000
306571,4242892,-197.10500000000
307520,4242962,-199.55800000000
306866,4243052,-197.70500000000
307173,4243045,-197.67900000000
306357,4243082,-196.84300000000
306866,4243070,-197.80000000000
307158,4243063,-197.67400000000
353368,4242111,-243.42700000000
327750,4242635,-196.86300000000
298128,4243469,-195.19400000000
298128,4243469,-195.18400000000
307454,4243241,-198.54700000000
307454,4243241,-198.58700000000
300475,4243448,-193.29800000000
294020,4243647,-196.81800000000
294021,4243665,-196.80300000000
327741,4242894,-197.04800000000
338977,4242663,-197.97100000000
288687,4243840,-209.83600000000
312500,4243271,-189.82500000000
293906,4243761,-197.19600000000
293906,4243761,-197.17600000000
307896,4243416,-200.06300000000
307896,4243416,-200.05300000000
330396,4242949,-191.75100000000
315140,4243302,-189.91600000000
352079,4242542,-239.65200000000
335293,4242885,-194.95000000000
347970,4242637,-223.50400000000
347971,4242655,-223.40800000000
308337,4243572,-199.99200000000
310333,4243525,-193.34100000000
318989,4243326,-194.53400000000
321014,4243281,-197.84600000000
327732,4243135,-197.16800000000
308337,4243591,-199.99600000000
318975,4243345,-194.51900000000
319032,4243344,-194.20800000000
321014,4243300,-197.91100000000
327718,4243154,-197.19300000000
321045,4243354,-198.04400000000
330648,4243166,-191.30500000000
330939,4243160,-188.73100000000
313221,4243569,-190.50200000000
335005,4243095,-196.20100000000
352666,4242771,-240.60100000000
308778,4243765,-199.08500000000
308778,4243765,-199.05500000000
338579,4243189,-198.12300000000
295230,4244227,-197.45000000000
295230,4244227,-197.50000000000
309075,4243943,-198.62600000000
309075,4243943,-198.57600000000
327581,4243527,-197.74900000000
329183,4243493,-195.29100000000
338509,4243301,-199.33100000000
338509,4243301,-199.33100000000
356546,4242961,-238.06500000000
316201,4243833,-189.05300000000
316187,4243852,-189.09800000000
327684,4243599,-198.30700000000
329199,4243567,-195.65000000000
293441,4244420,-197.23200000000
299999,4244255,-194.18400000000
314555,4243908,-189.61000000000
316159,4243871,-188.67200000000
317411,4243843,-191.05700000000
322672,4243726,-200.41800000000
324304,4243690,-202.17100000000
324304,4243690,-202.22100000000
325105,4243673,-202.40900000000
325906,4243655,-202.46800000000
321856,4243762,-199.15200000000
324304,4243708,-201.80600000000
343246,4243356,-205.42200000000
355952,4243119,-240.63000000000
356753,4243105,-238.21000000000
299899,4244332,-195.07300000000
309661,4244096,-194.57000000000
309821,4244092,-196.00000000000
317820,4243908,-191.73400000000
321901,4243817,-199.51600000000
322629,4243801,-200.82700000000
299899,4244350,-195.11800000000
306237,4244196,-196.73300000000
309661,4244114,-194.65400000000
309807,4244111,-196.04500000000
317821,4243926,-191.72800000000
321901,4243835,-199.56100000000
322629,4243819,-200.90100000000
288783,4244689,-209.10200000000
291989,4244606,-201.79000000000
343890,4243455,-205.82900000000
354277,4243260,-242.52000000000
343876,4243473,-205.25300000000
307364,4244335,-197.35500000000
338224,4243658,-198.06500000000
310103,4244289,-193.87800000000
310103,4244289,-193.85800000000
310249,4244286,-193.35400000000
310264,4244285,-193.39400000000
316762,4244135,-189.02500000000
312306,4244330,-189.56200000000
315993,4244264,-188.69100000000
310240,4244527,-194.43000000000
331701,4244051,-192.92900000000
307516,4244609,-198.23700000000
332884,4244100,-194.03800000000
353268,4243815,-240.68900000000
327525,4244361,-200.40000000000
317109,4244682,-189.68000000000
317109,4244682,-189.70000000000
322705,4244557,-200.21800000000
324322,4244522,-202.12700000000
337711,4244242,-197.32700000000
317140,4244738,-189.68400000000
319908,4244675,-194.58200000000
335789,4244374,-197.20900000000
349601,4244123,-225.45700000000
360076,4243972,-230.92600000000
314200,4244934,-190.57100000000
314215,4244933,-190.57100000000
305824,4245186,-193.72800000000
314231,4244989,-189.02500000000
307719,4245178,-197.67100000000
297348,4245506,-196.91600000000
297348,4245524,-196.91100000000
320164,4245002,-194.82900000000
353992,4244357,-241.29800000000
324334,4245077,-205.24900000000
313585,4245411,-191.10900000000
348024,4244745,-220.20000000000
346378,4244794,-216.35800000000
321060,4245334,-196.81200000000
321060,4245334,-196.82200000000
321934,4245315,-198.51200000000
321934,4245315,-198.48200000000
322662,4245299,-200.31500000000
322662,4245299,-200.27500000000
329218,4245158,-199.79900000000
330820,4245124,-196.60300000000
344383,4244851,-207.94400000000
329233,4245176,-200.11400000000
330836,4245142,-196.38400000000
324339,4245299,-202.77000000000
324339,4245299,-202.76000000000
327572,4245229,-202.40800000000
334143,4245092,-195.69200000000
321090,4245389,-196.65600000000
321207,4245386,-196.33700000000
322722,4245353,-200.00900000000
322736,4245353,-200.08900000000
324339,4245318,-202.39500000000
325941,4245283,-203.96000000000
316210,4245517,-188.06400000000
321892,4245390,-198.24100000000
325942,4245320,-203.56000000000
337131,4245124,-195.50400000000
291941,4246198,-205.77900000000
298439,4246034,-196.07100000000
288650,4246303,-208.86300000000
290267,4246260,-209.85000000000
291928,4246217,-205.84400000000
298426,4246053,-196.10600000000
321095,4245611,-196.66100000000
332400,4245387,-194.88900000000
317310,4245807,-189.21400000000
317310,4245807,-189.15400000000
320370,4245756,-194.97800000000
311048,4246007,-192.88000000000
304902,4246264,-192.03800000000
356528,4245218,-238.92300000000
343404,4245499,-207.13100000000
334797,4245708,-196.17500000000
326904,4245984,-204.59300000000
307531,4246478,-194.64900000000
312585,4246359,-191.80000000000
326832,4246041,-204.25500000000
324357,4246113,-202.96200000000
325958,4246097,-205.09900000000
330926,4245992,-198.43300000000
288640,4247006,-209.84700000000
318225,4246286,-190.05700000000
288625,4247025,-209.85200000000
318313,4246321,-190.45600000000
318313,4246321,-190.43600000000
322682,4246224,-200.17900000000
322682,4246224,-200.18900000000
322742,4246222,-199.87800000000
302145,4246775,-196.70100000000
302131,4246794,-196.71600000000
336683,4246021,-199.28400000000
337907,4245996,-198.67600000000
321112,4246369,-196.73000000000
336232,4246123,-199.70100000000
336232,4246123,-199.70100000000
305281,4246828,-193.23100000000
310816,4246734,-194.41000000000
336279,4246214,-199.14400000000
353976,4245875,-238.88800000000
331518,4246404,-198.50100000000
331518,4246423,-199.01600000000
290501,4247439,-211.40000000000
290501,4247439,-211.40000000000
349582,4246214,-222.12500000000
349610,4246214,-222.36500000000
327605,4246765,-205.92600000000
335121,4246608,-198.26400000000
345477,4246421,-212.71000000000
335602,4246635,-198.01300000000
329253,4246785,-203.88300000000
300122,4247491,-201.91200000000
300122,4247491,-201.91200000000
313043,4247181,-190.38800000000
314644,4247144,-190.24300000000
322698,4246963,-200.46900000000
322698,4246963,-200.45900000000
324374,4246927,-203.83900000000
324374,4246927,-203.83900000000
325975,4246892,-206.33700000000
329253,4246822,-203.43100000000
319510,4247053,-193.44600000000
324375,4246945,-203.45400000000
307349,4247371,-200.60600000000
322759,4247017,-199.99200000000
322773,4247017,-200.07200000000
303344,4247505,-192.97900000000
303344,4247505,-192.93900000000
356781,4246379,-238.79300000000
356781,4246379,-238.79300000000
334325,4246846,-197.54000000000
288707,4247930,-210.40100000000
291911,4247847,-207.93100000000
311050,4247394,-193.40500000000
318042,4247233,-189.79800000000
318144,4247231,-189.87800000000
334208,4246885,-197.72100000000
311051,4247413,-193.42000000000
318042,4247252,-189.82300000000
334209,4246904,-197.77600000000
356769,4246491,-238.98100000000
339599,4246832,-199.52200000000
311039,4247487,-192.86900000000
338989,4246955,-203.11700000000
315716,4247490,-190.00200000000
315716,4247490,-190.02200000000
353991,4246707,-237.88900000000
356641,4246659,-239.16300000000
356656,4246659,-239.15300000000
353991,4246725,-238.00300000000
305552,4247821,-193.16300000000
344338,4247017,-214.73500000000
300719,4248031,-200.11100000000
300734,4248031,-200.08100000000
338266,4247192,-203.52900000000
287670,4248401,-210.12500000000
287670,4248401,-210.07500000000
355599,4247011,-241.58100000000
316597,4247821,-188.15600000000
333201,4247461,-200.27600000000
333201,4247461,-199.46600000000
337322,4247377,-201.61900000000
333201,4247480,-200.31100000000
321304,4247790,-197.46700000000
324392,4247722,-204.44100000000
322061,4247810,-199.30200000000
322061,4247810,-199.74100000000
322062,4247829,-199.77600000000
319092,4247931,-192.50400000000
319078,4247969,-192.49300000000
319093,4247969,-192.52300000000
320098,4247946,-194.97700000000
320098,4247946,-195.00700000000
325995,4247817,-207.82500000000
332418,4247681,-202.31400000000
293491,4248602,-199.46800000000
307342,4248296,-200.68600000000
325997,4247909,-207.52700000000
338596,4247647,-204.01600000000
336367,4247730,-199.78200000000
311000,4248321,-191.54000000000
320684,4248118,-196.57100000000
320684,4248118,-196.52100000000
335160,4247828,-198.04500000000
320773,4248172,-196.31500000000
303722,4248661,-194.37800000000
303722,4248661,-194.34800000000
331697,4248048,-205.12900000000
352072,4247722,-229.72100000000
293706,4249041,-200.33200000000
293720,4249040,-200.27200000000
314781,4248640,-188.73900000000
307355,4248851,-200.13800000000
318641,4248590,-190.44800000000
345507,4248030,-211.24900000000
309992,4248826,-194.59300000000
311986,4248779,-187.51000000000
329302,4248394,-207.35300000000
335825,4248259,-200.83100000000
349630,4248008,-221.28500000000
325690,4248508,-208.24100000000
316283,4248735,-188.45900000000
324410,4248554,-205.70500000000
325676,4248527,-208.31700000000
327642,4248485,-208.49400000000
330992,4248414,-206.81300000000
293581,4249303,-201.51400000000
323623,4248590,-204.00100000000
319532,4248699,-192.70400000000
319547,4248698,-192.68400000000
319547,4248698,-192.32400000000
322735,4248628,-202.20700000000
322735,4248628,-202.17700000000
322808,4248626,-202.07700000000
324411,4248591,-205.93400000000
324411,4248591,-205.93400000000
327687,4248521,-208.12300000000
338201,4248303,-204.26300000000
290351,4249479,-210.34400000000
335188,4248438,-201.24600000000
352910,4248170,-228.74100000000
288664,4249616,-211.33600000000
288665,4249634,-211.32000000000
325508,4248827,-206.43300000000
309348,4249303,-196.69400000000
309348,4249303,-196.65400000000
329878,4248844,-208.10500000000
329878,4248844,-208.15500000000
330024,4248841,-207.72400000000
334742,4248743,-200.45400000000
339548,4248683,-203.88700000000
335196,4248827,-201.16400000000
356880,4248579,-238.78900000000
317597,4249446,-188.65000000000
317510,4249466,-191.40400000000
329319,4249208,-208.72800000000
317510,4249485,-191.42800000000
351450,4248788,-225.18800000000
351465,4248788,-225.99200000000
335202,4249159,-200.91000000000
294652,4250164,-200.08900000000
294667,4250164,-200.04900000000
350740,4248968,-224.28800000000
304556,4249973,-193.17400000000
304556,4249973,-193.14400000000
338045,4249268,-203.06600000000
345325,4249144,-211.15400000000
287508,4250534,-208.19400000000
287494,4250553,-208.19800000000
336898,4249440,-201.50200000000
335705,4249556,-200.38900000000
332227,4249702,-207.16900000000
335227,4249658,-201.91100000000
300867,4250471,-197.42400000000
327949,4249885,-210.94500000000
331094,4249836,-208.91400000000
356894,4249375,-238.96500000000
330512,4249904,-209.13000000000
329320,4249967,-209.51500000000
330484,4249942,-208.90000000000
329350,4250003,-209.89400000000
326075,4250128,-211.26000000000
327313,4250102,-211.95700000000
336923,4249957,-203.10900000000
292023,4251027,-212.03900000000
288703,4251114,-210.34900000000
288703,4251114,-210.35900000000
288790,4251112,-209.71900000000
325975,4250223,-211.73400000000
325975,4250223,-211.76400000000
327431,4250192,-212.67000000000
327446,4250192,-212.62000000000
353857,4249762,-226.78800000000
307052,4250820,-192.78100000000
307052,4250838,-192.78600000000
350205,4249921,-223.35500000000
348721,4250005,-218.82200000000
349099,4249998,-218.59100000000
329360,4250484,-210.63100000000
335229,4250472,-202.41400000000
321414,4250785,-198.35600000000
321429,4250785,-198.35600000000
351214,4250199,-223.36600000000
336570,4250519,-202.01600000000
319494,4250920,-191.82800000000
319509,4250920,-192.10800000000
319509,4250920,-192.09800000000
321474,4250876,-198.63900000000
321474,4250876,-198.68900000000
297570,4251478,-198.21200000000
322043,4250901,-200.32900000000
322043,4250901,-200.35900000000
348611,4250395,-217.72600000000
335233,4250676,-202.81400000000
350054,4250442,-224.24200000000
317853,4251124,-188.17600000000
296264,4251659,-198.74300000000
317839,4251143,-188.17100000000
344886,4250595,-211.68300000000
346358,4250586,-211.58200000000
294810,4251770,-203.71300000000
317840,4251217,-187.84000000000
317841,4251235,-187.90400000000
335238,4250879,-203.27400000000
316969,4251347,-187.41000000000
316984,4251347,-187.43000000000
294799,4251900,-203.88600000000
294799,4251900,-203.87600000000
316956,4251403,-187.01300000000
316971,4251421,-187.15800000000
316986,4251421,-187.46800000000
316972,4251440,-187.45300000000
337657,4250997,-202.38700000000
335242,4251083,-204.02700000000
343394,4250957,-211.56900000000
335258,4251175,-204.22500000000
324473,4251458,-207.92300000000
324546,4251493,-208.17300000000
324561,4251493,-209.18300000000
335246,4251287,-204.24500000000
302420,4252042,-195.39000000000
324416,4251533,-208.02200000000
324984,4251521,-208.08100000000
302421,4252061,-195.43500000000
324402,4251552,-207.91700000000
324984,4251539,-208.11600000000
335250,4251471,-204.17500000000
330985,4251578,-210.69600000000
331888,4251559,-210.25200000000
332091,4251555,-210.09000000000
332207,4251553,-210.01900000000
332295,4251551,-209.78900000000
332484,4251547,-209.42400000000
332673,4251543,-209.04100000000
332877,4251539,-208.42500000000
333066,4251535,-207.23000000000
333270,4251530,-205.20100000000
333416,4251527,-204.00000000000
333576,4251524,-203.21700000000
333780,4251520,-202.90100000000
333969,4251516,-202.77200000000
334085,4251514,-202.95900000000
334187,4251512,-203.09500000000
334376,4251508,-203.38000000000
334580,4251503,-203.64600000000
335875,4251477,-202.33700000000
324114,4251743,-207.89400000000
324114,4251743,-207.89400000000
324552,4251734,-208.65400000000
324552,4251734,-208.61400000000
326153,4251700,-211.91600000000
329355,4251631,-212.52200000000
329370,4251631,-212.85200000000
316385,4251934,-185.82400000000
338147,4251486,-204.31600000000
347754,4251299,-214.14800000000
354393,4251195,-226.35300000000
354393,4251214,-226.45600000000
319633,4251935,-194.76100000000
326126,4251792,-212.26900000000
293651,4252614,-208.60100000000
290449,4252697,-212.12700000000
335254,4251675,-202.63300000000
292095,4252691,-212.19800000000
292109,4252691,-212.17800000000
289038,4252771,-210.75300000000
289053,4252770,-210.75300000000
319606,4252028,-195.00400000000
319621,4252028,-195.02400000000
322881,4251956,-203.17000000000
322895,4251955,-203.15000000000
322868,4251974,-202.76500000000
351238,4251530,-224.56800000000
289057,4252937,-211.20500000000
289043,4252956,-211.16000000000
335258,4251878,-204.42600000000
345564,4251692,-213.57500000000
336731,4252015,-203.86700000000
303749,4252769,-194.02500000000
303749,4252769,-194.05500000000
304041,4252762,-193.74300000000
304041,4252762,-193.74300000000
304331,4252755,-193.80700000000
304346,4252755,-193.77700000000
304768,4252745,-193.76800000000
304783,4252744,-193.74800000000
335262,4252063,-205.24400000000
349424,4251786,-221.65200000000
356731,4251709,-236.58800000000
357416,4251696,-237.67600000000
339267,4252130,-204.20800000000
301425,4253011,-194.57400000000
305209,4252918,-194.23400000000
305223,4252918,-194.24400000000
305791,4252904,-194.26500000000
305791,4252904,-194.24500000000
306228,4252894,-193.92600000000
306519,4252887,-193.89200000000
306533,4252887,-193.85200000000
335266,4252248,-204.57200000000
324499,4252623,-208.48200000000
349298,4252122,-222.37400000000
306975,4253043,-195.06400000000
307251,4253036,-195.79700000000
307687,4253026,-196.71600000000
307979,4253019,-197.80900000000
308415,4253009,-199.13300000000
308721,4253001,-200.04800000000
324571,4252640,-208.81700000000
306960,4253061,-195.07800000000
307251,4253054,-195.85200000000
307688,4253044,-196.76000000000
307979,4253037,-197.86300000000
308415,4253027,-199.09800000000
308707,4253020,-200.05200000000
324572,4252658,-208.82100000000
331427,4252512,-211.41300000000
335269,4252433,-205.12400000000
356664,4252024,-236.64700000000
342416,4252327,-210.03400000000
329391,4252611,-214.61800000000
343902,4252372,-213.89500000000
322901,4252862,-203.07800000000
335273,4252600,-204.98200000000
295612,4253526,-199.73200000000
295626,4253526,-199.74200000000
309148,4253194,-200.63500000000
309163,4253194,-200.63500000000
309584,4253184,-200.57200000000
309599,4253184,-200.55200000000
310167,4253170,-199.84000000000
310167,4253170,-199.84000000000
310458,4253163,-199.71000000000
310473,4253163,-199.72000000000
356740,4252208,-236.65200000000
356755,4252207,-236.66200000000
341590,4252510,-213.76100000000
339641,4252604,-207.40600000000
354239,4252363,-224.28600000000
335277,4252784,-204.49100000000
337547,4252738,-203.18100000000
310899,4253338,-200.00600000000
310914,4253338,-200.05600000000
311045,4253335,-200.39600000000
311045,4253335,-200.38600000000
317448,4253187,-186.42300000000
317462,4253187,-186.44300000000
317435,4253225,-186.25200000000
351869,4252555,-226.16900000000
346790,4252668,-215.59400000000
350605,4252652,-221.07300000000
335281,4253007,-204.40300000000
319594,4253416,-195.26000000000
319609,4253416,-195.25000000000
355875,4252704,-231.13000000000
319595,4253453,-194.96900000000
292089,4254172,-210.33600000000
319640,4253508,-195.27300000000
319654,4253507,-195.23300000000
329391,4253296,-215.13000000000
288888,4254274,-209.23100000000
335285,4253192,-204.68000000000
295263,4254127,-201.86800000000
326291,4253399,-212.51700000000
329406,4253332,-215.51000000000
334296,4253230,-205.75600000000
335910,4253197,-205.38500000000
341732,4253080,-212.67900000000
342023,4253075,-210.38600000000
345720,4253003,-215.00200000000
316410,4253636,-185.11700000000
321300,4253526,-197.71500000000
327776,4253386,-215.39500000000
295250,4254165,-201.83700000000
295235,4254184,-201.87200000000
358265,4252828,-237.15600000000
343424,4253214,-215.01000000000
355385,4252991,-227.82600000000
335289,4253395,-205.12800000000
331943,4253501,-211.18300000000
320606,4253764,-196.10700000000
320621,4253763,-196.14700000000
331943,4253519,-211.06700000000
354223,4253104,-224.47200000000
341141,4253370,-208.39800000000
348664,4253243,-220.20800000000
312371,4254025,-197.21800000000
312372,4254044,-197.24300000000
335293,4253598,-205.89700000000
339950,4253523,-206.32100000000
339005,4253560,-203.45500000000
339950,4253541,-206.04500000000
304501,4254361,-192.45400000000
347067,4253440,-216.71500000000
359408,4253234,-234.74900000000
333346,4253768,-208.40700000000
337362,4253686,-203.89600000000
338353,4253703,-203.68500000000
356062,4253367,-232.25500000000
356833,4253353,-237.87300000000
335311,4253783,-206.85000000000
343258,4253717,-214.15100000000
345878,4253666,-214.25500000000
351451,4253580,-223.43300000000
320238,4254235,-195.77200000000
320238,4254235,-195.77200000000
338369,4253851,-204.55400000000
313908,4254415,-194.90400000000
313908,4254415,-194.88400000000
335301,4253968,-205.52900000000
335534,4253982,-204.28700000000
350362,4253693,-219.03700000000
355018,4253608,-226.72600000000
348500,4253765,-219.24300000000
324563,4254268,-208.66300000000
357565,4253617,-237.89200000000
316808,4254460,-186.61700000000
324535,4254288,-208.77800000000
309328,4254652,-202.02000000000
316749,4254480,-187.17200000000
322731,4254346,-201.95600000000
324272,4254312,-208.18400000000
309329,4254670,-202.02400000000
316749,4254498,-187.16600000000
322672,4254365,-201.67100000000
322716,4254364,-201.94100000000
356244,4253771,-233.14500000000
335305,4254190,-205.55000000000
316476,4254634,-186.98200000000
358488,4253897,-237.57100000000
360190,4253886,-233.67300000000
326026,4254570,-212.21100000000
359274,4253976,-236.82600000000
329650,4254585,-216.33700000000
344302,4254288,-211.29300000000
347519,4254264,-218.57600000000
295486,4255436,-201.11100000000
295500,4255436,-201.10100000000
338208,4254483,-202.82000000000
335313,4254578,-208.23000000000
337772,4254528,-202.55800000000
345513,4254395,-215.68500000000
337656,4254568,-203.25800000000
354650,4254243,-226.54800000000
315366,4255067,-184.91200000000
315366,4255085,-184.96700000000
352092,4254327,-226.20100000000
355379,4254267,-227.66300000000
355394,4254267,-227.76400000000
319267,4255034,-191.36500000000
346185,4254530,-218.10400000000
335317,4254782,-208.14600000000
290531,4255841,-209.66500000000
339158,4254723,-201.69800000000
293747,4255776,-205.71400000000
327825,4254975,-216.46400000000
295275,4255756,-202.91100000000
322877,4255101,-202.90900000000
322877,4255101,-202.88900000000
322951,4255100,-202.64900000000
351468,4254542,-224.57900000000
348153,4254659,-220.56300000000
360505,4254436,-235.86300000000
327828,4255087,-216.17200000000
348167,4254678,-220.29000000000
352300,4254601,-225.58800000000
353959,4254589,-224.92300000000
335307,4255004,-208.26800000000
342512,4254989,-217.85200000000
353263,4254787,-224.41600000000
326421,4255339,-213.61200000000
336707,4255142,-203.70500000000
335311,4255189,-207.85400000000
348085,4254938,-219.66400000000
326378,4255395,-213.38600000000
352537,4254874,-225.84800000000
344187,4255049,-212.94100000000
351112,4254919,-222.85900000000
356771,4254816,-235.30900000000
351127,4254937,-222.63500000000
331400,4255381,-213.80900000000
350008,4255032,-218.25600000000
350095,4255030,-218.39600000000
335300,4255356,-208.08600000000
332579,4255449,-211.85900000000
354258,4255046,-222.02800000000
354811,4255036,-224.69400000000
342038,4255313,-216.87600000000
332567,4255542,-211.81200000000
334096,4255547,-209.74100000000
324495,4255806,-209.44300000000
324509,4255806,-209.39300000000
334097,4255603,-209.64500000000
335304,4255578,-208.18100000000
335552,4255573,-207.37000000000
335538,4255610,-207.61000000000
335290,4255634,-207.95700000000
338884,4255561,-204.82800000000
340645,4255526,-207.70100000000
324583,4255878,-209.16200000000
300840,4256449,-183.66800000000
299924,4256490,-183.56400000000
299938,4256490,-183.78400000000
299924,4256509,-183.83900000000
340166,4255610,-206.24100000000
313295,4256225,-198.27700000000
313296,4256243,-198.34200000000
344474,4255617,-213.96100000000
353930,4255459,-223.26000000000
289744,4256898,-209.63300000000
289744,4256898,-209.67300000000
330756,4255931,-216.35200000000
337012,4255821,-203.17000000000
298997,4256699,-186.16800000000
318667,4256231,-190.46400000000
321024,4256197,-193.56400000000
318639,4256269,-190.78300000000
318639,4256269,-190.75300000000
313591,4256422,-197.97800000000
313606,4256421,-198.01800000000
313882,4256415,-197.28000000000
313882,4256415,-197.32000000000
335297,4255966,-207.95500000000
314178,4256593,-196.32600000000
314178,4256593,-196.32600000000
343797,4255963,-216.19100000000
331854,4256223,-214.21400000000
335287,4256152,-207.92800000000
350010,4255883,-219.70800000000
317598,4256570,-191.97700000000
353152,4255843,-222.68700000000
317599,4256588,-192.03100000000
351348,4255895,-222.95800000000
357576,4255801,-238.98200000000
297960,4257095,-191.78800000000
297960,4257095,-191.81800000000
300768,4257062,-185.01300000000
301961,4257051,-186.93800000000
311999,4256810,-199.00300000000
314487,4256753,-195.78500000000
301962,4257069,-186.92300000000
311999,4256829,-199.06700000000
314473,4256771,-195.81900000000
332598,4256374,-212.49600000000
333937,4256346,-209.91200000000
355992,4255958,-235.17700000000
292187,4257371,-210.03400000000
352718,4256036,-221.40300000000
288987,4257473,-209.89500000000
337561,4256346,-202.33900000000
335351,4256410,-207.67100000000
359673,4255949,-239.40700000000
327860,4256585,-216.87300000000
329474,4256551,-218.81400000000
295361,4257401,-204.77400000000
310754,4257043,-200.36000000000
310754,4257043,-200.32000000000
314768,4256949,-195.57400000000
314768,4256949,-195.54400000000
315059,4256943,-194.75600000000
315059,4256943,-194.72600000000
322914,4256766,-203.45000000000
322914,4256766,-203.49000000000
322987,4256764,-203.11100000000
327861,4256659,-216.26100000000
329461,4256625,-218.44300000000
344182,4256326,-215.00600000000
305198,4257250,-195.24500000000
305198,4257268,-195.26900000000
297140,4257541,-196.23800000000
315208,4257124,-194.26400000000
315208,4257124,-194.22400000000
315500,4257118,-192.70400000000
315500,4257118,-192.71400000000
321610,4256980,-196.90600000000
321610,4256980,-196.87600000000
353845,4256330,-222.48200000000
321596,4257017,-196.71500000000
337468,4256737,-201.67800000000
339111,4256704,-206.83600000000
341351,4256659,-211.42200000000
348246,4256545,-222.89300000000
360364,4256325,-239.01400000000
348261,4256563,-220.29800000000
315809,4257277,-190.98300000000
315795,4257296,-190.95800000000
338327,4256812,-202.78200000000
355318,4256525,-232.94100000000
345370,4256766,-216.88000000000
298343,4257900,-187.78000000000
298358,4257899,-187.75000000000
316090,4257474,-190.21200000000
316090,4257474,-190.22200000000
316381,4257468,-189.25000000000
316381,4257468,-189.28000000000
357692,4256631,-238.45800000000
357706,4256631,-238.51800000000
296134,4258029,-201.41200000000
344573,4256948,-217.95600000000
298448,4257989,-187.74200000000
319437,4257491,-187.04200000000
353083,4256806,-220.95700000000
335672,4257161,-206.75200000000
318973,4257557,-186.79000000000
316603,4257629,-189.14400000000
337578,4257178,-200.56600000000
311294,4257770,-200.53400000000
311294,4257770,-200.54400000000
316604,4257648,-189.25800000000
316821,4257643,-190.17700000000
316821,4257643,-190.13700000000
319702,4257577,-186.95700000000
332458,4257302,-213.74200000000
319936,4257646,-187.44400000000
307836,4258000,-199.71300000000
318673,4257748,-187.63400000000
316971,4257806,-190.73600000000
316972,4257824,-190.80100000000
333596,4257463,-211.35700000000
320244,4257769,-188.60600000000
290179,4258534,-210.69400000000
295242,4258422,-203.96500000000
353278,4257155,-221.30500000000
355197,4257120,-231.76800000000
331519,4257599,-216.84000000000
345831,4257330,-218.12700000000
320523,4257874,-189.69300000000
350952,4257290,-221.71900000000
317267,4258003,-190.95400000000
317267,4258003,-190.90400000000
317557,4257996,-190.02200000000
317571,4257996,-189.98200000000
330939,4257704,-218.03200000000
337558,4257604,-199.55500000000
320846,4257978,-191.23100000000
302810,4258418,-188.06500000000
302825,4258417,-188.06500000000
318475,4258049,-187.50900000000
294679,4258659,-205.14700000000
335887,4257731,-205.77200000000
359072,4257328,-240.34700000000
307671,4258412,-198.58200000000
317852,4258174,-189.37400000000
317852,4258174,-189.35400000000
321153,4258100,-193.10700000000
321198,4258099,-193.31700000000
321198,4258099,-193.35700000000
339918,4257742,-206.38500000000
344645,4257668,-218.43600000000
352033,4257529,-224.23200000000
348239,4257673,-219.80800000000
348224,4257692,-219.52300000000
318146,4258334,-187.75100000000
321623,4258256,-196.03200000000
318147,4258353,-187.72600000000
327746,4258142,-216.82300000000
293829,4258977,-207.91700000000
293844,4258976,-207.94700000000
290615,4259060,-211.26500000000
317960,4258413,-188.15100000000
335995,4258025,-205.56300000000
332809,4258109,-214.35200000000
333116,4258102,-213.65600000000
333421,4258096,-212.93200000000
333712,4258090,-212.15100000000
334003,4258084,-211.20200000000
334308,4258078,-210.24100000000
334628,4258071,-209.45200000000
334918,4258065,-208.41100000000
335210,4258059,-207.39700000000
335515,4258053,-206.41600000000
335820,4258047,-205.75900000000
336111,4258041,-205.28200000000
336300,4258037,-204.83200000000
336489,4258033,-204.06000000000
336679,4258029,-203.09600000000
336882,4258025,-201.98900000000
337086,4258021,-200.91700000000
337275,4258017,-200.79700000000
337377,4258015,-200.78900000000
337479,4258013,-200.67000000000
337696,4258009,-200.36300000000
337798,4258007,-200.06600000000
338002,4258002,-199.52900000000
326920,4258252,-215.35900000000
339123,4258017,-202.88100000000
293264,4259083,-209.21200000000
291432,4259131,-209.89900000000
318180,4258500,-187.61000000000
322078,4258413,-198.14900000000
324653,4258375,-209.00800000000
318442,4258531,-187.47200000000
318457,4258530,-187.46200000000
318588,4258528,-187.83600000000
318588,4258528,-187.83600000000
324697,4258392,-209.52300000000
324697,4258392,-209.57300000000
324871,4258388,-208.84900000000
311461,4258692,-198.85900000000
311475,4258691,-198.87900000000
328551,4258309,-218.38200000000
317512,4258589,-188.93200000000
337599,4258196,-199.94400000000
358483,4257820,-238.75500000000
305137,4258954,-191.40700000000
305152,4258954,-191.41700000000
322518,4258588,-200.22900000000
305444,4259002,-193.19700000000
337760,4258285,-199.65100000000
292848,4259335,-209.41400000000
292848,4259335,-209.41400000000
317081,4258784,-190.06500000000
333791,4258422,-211.58200000000
341295,4258270,-212.07000000000
324513,4258655,-208.14900000000
337602,4258381,-200.23800000000
297404,4259330,-188.52400000000
314683,4258950,-189.25900000000
314683,4258950,-189.29900000000
322958,4258782,-202.87200000000
323032,4258780,-202.47200000000
316559,4258926,-190.29600000000
316560,4258944,-190.33100000000
322959,4258800,-202.84700000000
316619,4258961,-189.89600000000
325593,4258799,-212.57200000000
352804,4258273,-219.60100000000
337606,4258584,-199.24300000000
323486,4258937,-204.25900000000
292407,4259698,-211.26600000000
336153,4258687,-203.84900000000
314238,4259182,-188.93200000000
314238,4259182,-188.93200000000
326194,4258989,-214.05900000000
338046,4258742,-202.35500000000
324246,4259050,-207.15900000000
337610,4258769,-199.43600000000
332753,4258887,-214.17400000000
339632,4258747,-204.34100000000
331154,4258939,-216.88000000000
316263,4259302,-188.54200000000
311624,4259428,-198.08000000000
311624,4259428,-198.13000000000
326312,4259098,-214.28700000000
326327,4259097,-214.24700000000
327011,4259101,-215.42000000000
345655,4258722,-215.04300000000
327767,4259103,-216.51300000000
328670,4259121,-217.83700000000
291702,4260013,-211.64400000000
336421,4258978,-202.75400000000
337033,4258966,-201.06000000000
337919,4258948,-201.30200000000
336116,4259003,-203.95400000000
336292,4258999,-203.19700000000
336524,4258994,-202.38500000000
336713,4258991,-201.64900000000
336916,4258986,-201.10000000000
337120,4258982,-200.96000000000
337309,4258979,-200.70100000000
337513,4258974,-200.22500000000
337614,4258972,-200.12600000000
337818,4258968,-201.05800000000
338123,4258962,-200.78900000000
338327,4258958,-199.57600000000
295674,4259947,-196.79200000000
335651,4259031,-205.63500000000
290613,4260115,-211.45200000000
290613,4260115,-211.49200000000
327770,4259233,-217.11600000000
327770,4259251,-217.13000000000
343375,4258951,-212.02400000000
353395,4258762,-220.31900000000
329241,4259294,-218.17100000000
338344,4259106,-199.93700000000
290239,4260273,-210.43100000000
337618,4259176,-200.32400000000
334871,4259269,-208.08000000000
329229,4259405,-219.01900000000
329229,4259405,-218.99900000000
352350,4258948,-219.49400000000
341823,4259166,-207.16600000000
336021,4259301,-203.91300000000
360074,4258865,-236.75100000000
330321,4259475,-217.37200000000
355057,4259009,-228.46400000000
344733,4259220,-212.53300000000
355087,4259027,-228.38900000000
337623,4259379,-200.30000000000
308438,4260059,-199.99200000000
308453,4260059,-199.99200000000
331123,4259550,-216.82000000000
331138,4259550,-216.84000000000
308802,4260087,-200.35200000000
308802,4260087,-200.37200000000
329859,4259614,-216.21000000000
338104,4259462,-204.95400000000
337625,4259490,-200.37500000000
320219,4259898,-189.65700000000
344881,4259403,-215.24400000000
320235,4259953,-190.23000000000
306406,4260274,-196.41700000000
292242,4260646,-211.76200000000
320221,4259972,-190.20500000000
306407,4260293,-196.39200000000
337627,4259601,-200.10600000000
332073,4259734,-215.22500000000
300110,4260483,-185.21700000000
295471,4260600,-199.99700000000
312151,4260193,-195.27400000000
312165,4260193,-195.26400000000
327915,4259859,-216.07700000000
323145,4259980,-202.75600000000
321444,4260018,-194.94400000000
323059,4260001,-202.48100000000
316617,4260145,-189.38700000000
321459,4260036,-194.61900000000
332773,4259831,-213.39200000000
354337,4259411,-227.03600000000
354367,4259411,-226.72900000000
356315,4259394,-234.00400000000
332731,4259887,-213.75600000000
332731,4259887,-213.71600000000
338474,4259769,-200.65800000000
351430,4259520,-220.37600000000
337631,4259805,-200.16200000000
351794,4259550,-219.94300000000
352100,4259544,-219.45500000000
355212,4259524,-230.56700000000
339145,4259848,-202.68700000000
338796,4259874,-201.21900000000
336659,4259935,-201.35600000000
359270,4259508,-234.14000000000
336035,4259967,-203.22000000000
336238,4259962,-202.63300000000
333650,4260034,-211.16000000000
335758,4259991,-204.01500000000
313540,4260494,-192.22500000000
313540,4260494,-192.25500000000
334858,4260028,-205.71900000000
334915,4260027,-207.65800000000
334915,4260027,-207.60800000000
357046,4259603,-236.70000000000
289242,4261113,-210.36300000000
337635,4260008,-199.77800000000
360319,4259601,-236.51600000000
340995,4259978,-205.72100000000
329873,4260280,-216.73100000000
357631,4259777,-240.09100000000
359550,4259743,-236.67000000000
355872,4259827,-233.59800000000
350609,4259942,-219.15600000000
329482,4260380,-217.11400000000
330398,4260361,-217.00800000000
330994,4260348,-216.48700000000
331591,4260336,-215.56100000000
332201,4260323,-214.43300000000
332812,4260310,-213.25100000000
333103,4260304,-212.62300000000
333408,4260298,-211.88900000000
333728,4260291,-211.07900000000
334019,4260285,-210.24100000000
334324,4260279,-209.40300000000
334630,4260273,-208.34600000000
334920,4260267,-207.05100000000
335225,4260261,-206.09100000000
335517,4260255,-204.96900000000
335837,4260248,-203.80700000000
336141,4260242,-202.55800000000
336345,4260238,-202.17700000000
336519,4260234,-201.40700000000
336738,4260230,-200.63600000000
336927,4260226,-200.03900000000
337029,4260224,-200.06500000000
337131,4260222,-199.49400000000
337319,4260218,-199.91400000000
337523,4260214,-199.89000000000
337639,4260211,-199.68000000000
337829,4260208,-200.04100000000
338047,4260203,-200.70500000000
338235,4260199,-200.58700000000
338832,4260187,-200.32500000000
339137,4260181,-200.82200000000
339442,4260175,-201.48900000000
339646,4260171,-203.22500000000
346916,4260048,-216.85700000000
336041,4260281,-202.39800000000
358403,4259856,-238.51600000000
315003,4260830,-188.29200000000
315018,4260830,-188.33200000000
352138,4260061,-220.16600000000
346206,4260191,-213.70200000000
359132,4259954,-237.34700000000
337643,4260378,-199.00500000000
294794,4261414,-203.48700000000
294111,4261449,-205.86800000000
294125,4261449,-205.90700000000
337558,4260509,-198.78000000000
295785,4261481,-198.40400000000
316650,4260977,-189.02000000000
316650,4260977,-189.05000000000
337646,4260545,-199.02800000000
347693,4260348,-216.74500000000
293706,4261571,-208.49000000000
330609,4260709,-216.43600000000
347694,4260367,-216.42000000000
287819,4261743,-207.94000000000
287819,4261743,-207.94000000000
342386,4260487,-205.49600000000
347709,4260385,-216.68300000000
337778,4260597,-201.84000000000
337808,4260652,-198.17400000000
345107,4260508,-211.43200000000
339132,4260681,-203.91600000000
350314,4260503,-217.87100000000
350314,4260521,-217.94300000000
337651,4260804,-199.01200000000
352846,4260567,-222.23400000000
336824,4260894,-200.42000000000
348441,4260667,-217.71600000000
349576,4260720,-219.79600000000
331127,4261105,-215.09400000000
297047,4261912,-190.99400000000
337655,4261007,-199.03600000000
338266,4260995,-198.58500000000
355509,4260666,-234.36600000000
296264,4262005,-196.05400000000
319033,4261479,-190.22600000000
319091,4261477,-190.90700000000
319091,4261477,-190.93700000000
313857,4261597,-188.36300000000
338573,4261062,-198.68200000000
338588,4261062,-198.62100000000
347209,4260894,-214.28100000000
293955,4262194,-206.97600000000
292240,4262238,-210.76300000000
292240,4262238,-210.79300000000
337659,4261192,-198.83000000000
338517,4261175,-198.48000000000
290685,4262297,-211.22800000000
336061,4261243,-203.84300000000
342471,4261115,-206.24400000000
290511,4262320,-211.21400000000
349029,4261007,-219.42600000000
316827,4261695,-188.64800000000
321494,4261609,-195.60200000000
348870,4261048,-218.59500000000
318252,4261700,-190.21200000000
327935,4261487,-214.58500000000
321480,4261646,-195.94100000000
326977,4261581,-213.63300000000
326992,4261600,-213.73800000000
337489,4261399,-197.81700000000
337663,4261395,-198.66400000000
307032,4262128,-196.45000000000
307032,4262128,-196.48000000000
304125,4262199,-187.37700000000
304139,4262198,-187.26700000000
340325,4261398,-203.55100000000
338930,4261481,-199.41900000000
332810,4261643,-211.16800000000
337667,4261599,-198.39800000000
339180,4261642,-200.42700000000
339180,4261642,-200.39700000000
343847,4261550,-206.23400000000
350200,4261466,-217.90800000000
339168,4261698,-200.58100000000
351379,4261482,-219.51800000000
337642,4261766,-201.69800000000
337671,4261784,-198.63100000000
301531,4262614,-183.45700000000
334837,4261860,-205.81800000000
301517,4262633,-183.32200000000
339433,4261878,-202.26700000000
345757,4261754,-212.71400000000
345277,4261782,-210.69000000000
345932,4261787,-211.23500000000
334478,4262053,-206.89100000000
334666,4262049,-206.23400000000
334869,4262045,-205.75700000000
335073,4262040,-205.14500000000
335277,4262036,-204.79400000000
335466,4262032,-204.06600000000
335669,4262028,-203.54600000000
335887,4262024,-202.67400000000
336076,4262020,-202.25300000000
336280,4262016,-201.42800000000
336468,4262012,-200.84800000000
336672,4262008,-200.19000000000
336978,4262001,-198.68100000000
337181,4261997,-198.07900000000
337385,4261993,-197.60600000000
337776,4261985,-198.25800000000
337966,4261981,-198.79300000000
339943,4261942,-202.37100000000
332820,4262105,-209.82400000000
337662,4262024,-204.07900000000
346238,4261874,-212.27700000000
359263,4261636,-233.40000000000
338607,4262043,-203.39100000000
340265,4262009,-202.17700000000
346442,4261889,-213.69200000000
346994,4261878,-212.96200000000
341704,4261999,-204.59900000000
346836,4261955,-213.49700000000
341328,4262081,-203.97200000000
345005,4262027,-210.24300000000
336081,4262223,-201.80500000000
337679,4262190,-198.16100000000
340688,4262130,-202.33200000000
352187,4261948,-218.74700000000
342114,4262195,-207.59000000000
344543,4262147,-209.11100000000
343801,4262180,-208.46300000000
343395,4262225,-208.24300000000
359240,4261951,-233.68100000000
359240,4261969,-233.69600000000
336085,4262427,-201.90000000000
337683,4262394,-197.46500000000
342568,4262334,-206.45600000000
338586,4262450,-201.27600000000
338601,4262450,-198.23900000000
343165,4262359,-207.22600000000
344126,4262433,-209.83100000000
344126,4262433,-209.87100000000
336089,4262630,-201.87500000000
344171,4262469,-209.09100000000
308370,4263281,-197.17000000000
308370,4263299,-197.18400000000
337689,4262653,-197.34500000000
334797,4262768,-205.67400000000
288311,4263896,-205.91300000000
288311,4263896,-205.85300000000
336093,4262833,-201.70900000000
337692,4262801,-196.98700000000
292325,4263865,-209.97900000000
289157,4263966,-208.08500000000
317343,4263293,-187.14000000000
317329,4263312,-187.08400000000
323216,4263199,-201.18800000000
319887,4263273,-190.64100000000
321516,4263237,-195.73100000000
327970,4263114,-212.94200000000
329598,4263080,-213.55600000000
331225,4263045,-212.97600000000
323130,4263238,-200.92700000000
321531,4263273,-194.92000000000
326255,4263170,-211.07100000000
331197,4263064,-212.41000000000
358974,4262529,-233.24600000000
337695,4262986,-194.50000000000
338714,4262984,-195.43000000000
336099,4263111,-201.46100000000
359543,4262667,-233.26700000000
344776,4262976,-206.49700000000
343673,4263053,-204.12700000000
337700,4263190,-193.67600000000
318630,4263634,-187.43200000000
336103,4263315,-200.98500000000
304751,4264034,-188.90100000000
304751,4264034,-188.92100000000
323938,4263591,-203.75400000000
323938,4263591,-203.74400000000
334809,4263360,-205.59700000000
296423,4264260,-194.60300000000
344083,4263193,-205.95200000000
345828,4263177,-210.44900000000
353313,4263037,-219.98300000000
354040,4263024,-221.46500000000
345813,4263196,-210.51400000000
353560,4263051,-222.00200000000
323881,4263666,-203.40300000000
309405,4264015,-196.46300000000
309420,4264014,-196.49300000000
337704,4263393,-194.74600000000
336107,4263518,-199.69500000000
336123,4263629,-200.08300000000
337708,4263597,-194.56100000000
351850,4263360,-214.84500000000
345892,4263510,-209.71700000000
336111,4263721,-200.58300000000
331621,4263870,-211.73200000000
358537,4263350,-233.30100000000
360530,4263353,-227.33600000000
360776,4263348,-226.32300000000
360384,4263373,-228.37600000000
288777,4264994,-205.63200000000
288777,4264994,-205.63200000000
360066,4263435,-230.31000000000
360066,4263435,-230.27000000000
333833,4263953,-207.73300000000
360007,4263454,-230.31600000000
317367,4264348,-185.43500000000
317368,4264366,-185.44900000000
335476,4263993,-202.39100000000
337614,4263950,-194.23800000000
359849,4263531,-230.92900000000
332876,4264066,-209.81800000000
333181,4264060,-209.20100000000
333486,4264053,-208.73200000000
333776,4264047,-208.06400000000
334096,4264041,-206.91300000000
334387,4264035,-206.57600000000
334707,4264028,-205.77200000000
334997,4264022,-204.58900000000
335288,4264016,-203.41200000000
335594,4264010,-202.07500000000
336785,4263986,-197.19800000000
336916,4263983,-196.74400000000
337105,4263979,-195.88400000000
337294,4263975,-195.17400000000
337715,4263967,-193.76300000000
337905,4263963,-193.35700000000
338108,4263959,-192.79600000000
338326,4263954,-192.90200000000
338515,4263950,-193.18800000000
338703,4263947,-194.51900000000
338907,4263943,-195.44700000000
339517,4263930,-197.29600000000
339808,4263925,-198.48100000000
340113,4263918,-199.31400000000
327019,4264227,-210.81000000000
336758,4264097,-199.10100000000
310104,4264702,-191.10600000000
336120,4264129,-200.06000000000
337720,4264207,-192.99100000000
339945,4264236,-198.67900000000
333086,4264394,-209.38000000000
339436,4264265,-199.32000000000
352430,4264034,-214.48600000000
294036,4265339,-206.54300000000
331909,4264456,-211.31900000000
336126,4264424,-199.86700000000
337724,4264410,-192.84600000000
343218,4264301,-201.35900000000
356021,4264080,-228.29800000000
290813,4265551,-209.81200000000
321567,4264864,-194.22200000000
323165,4264829,-203.25300000000
328019,4264723,-210.78000000000
329472,4264692,-211.51100000000
334515,4264587,-205.73900000000
354483,4264237,-225.14900000000
337728,4264595,-192.95200000000
346012,4264469,-208.12700000000
318257,4265087,-186.50800000000
310279,4265290,-189.98300000000
327020,4264912,-209.77400000000
327034,4264911,-209.83600000000
347670,4264511,-215.03600000000
358409,4264333,-232.55400000000
337862,4264759,-193.40000000000
355460,4264441,-226.10100000000
337733,4264817,-193.00000000000
353994,4264523,-221.78700000000
360010,4264435,-229.66200000000
336384,4264974,-197.50300000000
331531,4265093,-210.84600000000
331966,4265084,-210.40200000000
338389,4264952,-191.92200000000
337736,4265002,-192.66800000000
346484,4264830,-209.49100000000
346920,4264822,-210.86900000000
339248,4265009,-193.99000000000
352603,4264771,-216.63100000000
349102,4264892,-218.19800000000
317075,4265576,-183.79900000000
300612,4266023,-184.97700000000
337741,4265224,-192.97200000000
355746,4264954,-226.47300000000
334517,4265382,-205.21800000000
317007,4265781,-183.68700000000
317007,4265781,-183.73700000000
332209,4265541,-210.47700000000
337745,4265427,-192.70900000000
310573,4266041,-186.47400000000
329768,4265630,-210.06700000000
357754,4265103,-231.81800000000
337732,4265502,-195.91300000000
344634,4265365,-205.45600000000
346756,4265343,-210.81300000000
346799,4265342,-210.99300000000
343966,4265415,-203.47900000000
353789,4265230,-220.93000000000
353803,4265230,-220.79000000000
289301,4266702,-205.39800000000
289301,4266702,-205.37800000000
337749,4265612,-192.17800000000
353456,4265329,-219.16900000000
294114,4266669,-208.87500000000
315272,4266172,-181.41800000000
348284,4265481,-214.67800000000
348299,4265480,-214.57000000000
315272,4266191,-181.43300000000
342429,4265612,-200.84500000000
336981,4265739,-194.11600000000
346077,4265559,-206.67400000000
354213,4265407,-222.34400000000
337753,4265816,-191.87300000000
343492,4265702,-200.71000000000
350511,4265586,-214.21700000000
308592,4266533,-192.50000000000
308607,4266533,-192.50000000000
311934,4266454,-185.87200000000
311934,4266454,-185.86200000000
317848,4266317,-182.58100000000
360798,4265475,-225.70300000000
295878,4266883,-200.14900000000
357239,4265557,-231.02600000000
358852,4265528,-231.39600000000
336507,4266008,-199.50600000000
295503,4266967,-202.07100000000
337757,4266019,-191.44800000000
288442,4267187,-203.96600000000
354858,4265710,-222.45300000000
355526,4265698,-225.27000000000
289242,4267185,-205.09500000000
292468,4267100,-209.09400000000
355644,4265715,-225.31200000000
292468,4267119,-209.43800000000
292482,4267118,-209.39700000000
301186,4266898,-184.53600000000
301201,4266897,-184.42600000000
329724,4266278,-209.67400000000
330581,4266260,-210.04200000000
331424,4266243,-210.27300000000
332020,4266230,-210.12500000000
332920,4266211,-208.74900000000
333225,4266205,-208.17000000000
333531,4266198,-207.44800000000
333821,4266192,-206.76000000000
334126,4266186,-205.84500000000
334431,4266180,-204.91000000000
334737,4266174,-203.41600000000
335041,4266167,-202.88800000000
335332,4266161,-201.68100000000
335652,4266155,-200.23400000000
335943,4266149,-198.79700000000
336262,4266142,-197.14700000000
336552,4266136,-195.84900000000
336756,4266132,-194.93900000000
336959,4266128,-193.84100000000
337149,4266124,-193.23300000000
337352,4266120,-192.36400000000
337556,4266116,-191.87800000000
337759,4266112,-191.35400000000
337962,4266108,-191.66700000000
338166,4266104,-191.19500000000
338354,4266100,-190.91800000000
338558,4266096,-190.60000000000
352477,4265828,-218.33300000000
319990,4266509,-186.62400000000
321602,4266473,-193.74500000000
323200,4266438,-199.40900000000
360062,4265729,-229.68600000000
360076,4265728,-230.58400000000
357840,4265842,-231.36300000000
327054,4266483,-207.08400000000
335262,4266311,-201.43600000000
356417,4265904,-228.95100000000
356984,4265894,-229.69900000000
357216,4265890,-230.65800000000
296603,4267309,-193.16400000000
346713,4266195,-208.55900000000
309768,4267060,-189.66200000000
309768,4267060,-189.64200000000
326331,4266684,-206.61600000000
330079,4266604,-209.01300000000
348939,4266282,-216.01800000000
340237,4266488,-191.82100000000
341574,4266480,-194.20200000000
359707,4266216,-229.81200000000
333658,4266733,-206.45700000000
358358,4266388,-229.94300000000
359724,4266364,-229.59300000000
352374,4266533,-217.81600000000
352344,4266552,-217.35100000000
350096,4266760,-214.22300000000
350925,4266763,-214.88400000000
351622,4266750,-216.08500000000
298755,4267939,-184.14000000000
317526,4267490,-179.96000000000
346654,4266899,-210.06200000000
334030,4267169,-204.74000000000
350694,4266860,-214.15000000000
359614,4266699,-229.11200000000
310903,4267718,-186.17200000000
350695,4266878,-214.45300000000
330181,4267305,-208.23200000000
349504,4266975,-214.26700000000
358832,4266842,-229.18000000000
360200,4266984,-227.99000000000
360186,4267003,-228.48200000000
289830,4268557,-205.63500000000
289830,4268557,-205.63500000000
359838,4267065,-231.16000000000
295919,4268474,-199.42200000000
341724,4267439,-194.29300000000
295905,4268493,-199.51700000000
297533,4268451,-190.39400000000
339749,4267497,-187.70700000000
294105,4268558,-206.55500000000
294105,4268558,-206.59500000000
299044,4268432,-184.45000000000
299059,4268432,-184.44000000000
352678,4267286,-218.53900000000
317160,4268035,-179.76100000000
317496,4268064,-180.22700000000
359856,4267212,-228.82800000000
317830,4268094,-180.22700000000
346318,4267498,-207.43500000000
290912,4268770,-206.77900000000
346318,4267516,-207.61000000000
349644,4267471,-214.35900000000
316815,4268191,-177.76800000000
318137,4268161,-180.70400000000
318471,4268154,-181.14500000000
318514,4268153,-181.54500000000
318514,4268153,-181.57500000000
318820,4268146,-182.07200000000
319125,4268139,-183.65100000000
319444,4268132,-184.49700000000
319778,4268124,-186.04100000000
319967,4268120,-187.85700000000
319982,4268120,-187.83700000000
320026,4268119,-187.77800000000
320360,4268111,-189.60100000000
320680,4268104,-191.44100000000
320999,4268097,-192.18000000000
321333,4268089,-193.08000000000
321565,4268084,-194.45200000000
321565,4268084,-194.47200000000
321638,4268083,-194.17300000000
322437,4268065,-196.26500000000
323236,4268047,-198.49200000000
323890,4268033,-200.53000000000
324470,4268020,-201.85700000000
324470,4268020,-201.80700000000
328335,4267937,-206.41800000000
329526,4267911,-207.45800000000
334349,4267810,-202.36900000000
346972,4267559,-210.80400000000
324471,4268038,-201.52100000000
326461,4267995,-204.55000000000
328103,4267960,-205.99400000000
330514,4267908,-208.10300000000
331836,4267880,-208.50300000000
295418,4268746,-201.06900000000
327057,4268019,-205.20700000000
327057,4268019,-205.43700000000
340117,4267748,-188.92800000000
359872,4267379,-228.85800000000
355035,4267483,-225.36800000000
336066,4267922,-195.20800000000
360354,4267481,-227.05000000000
360354,4267500,-227.07400000000
359890,4267526,-229.00400000000
348618,4267769,-213.06000000000
340573,4268035,-189.64200000000
359936,4267674,-227.80000000000
360446,4267757,-227.37000000000
339878,4268160,-187.04900000000
352806,4267913,-218.68400000000
359954,4267840,-228.89900000000
339503,4268279,-185.48400000000
339258,4268395,-183.53800000000
359985,4268006,-228.61000000000
290205,4269566,-205.27500000000
309452,4269085,-184.53800000000
290206,4269584,-205.30000000000
309452,4269103,-184.55200000000
334583,4268582,-201.55400000000
338839,4268496,-182.29800000000
337967,4268531,-185.14700000000
338461,4268522,-181.51100000000
360017,4268153,-228.15800000000
327076,4268870,-205.06500000000
337737,4268666,-185.23400000000
343867,4268544,-196.37500000000
356083,4268315,-224.96300000000
332684,4268788,-205.18800000000
334558,4268749,-199.79800000000
334586,4268749,-201.30900000000
335414,4268732,-198.06200000000
336184,4268716,-193.99800000000
336517,4268709,-191.70100000000
332669,4268807,-205.18300000000
334543,4268768,-199.86300000000
336518,4268728,-191.72600000000
336998,4268718,-189.23300000000
359612,4268308,-227.82000000000
345017,4268651,-199.57100000000
353123,4268535,-217.76500000000
360675,4268401,-225.69000000000
326820,4269079,-203.22500000000
336187,4268882,-194.27300000000
338134,4268843,-183.52500000000
338729,4268831,-181.69700000000
360067,4268485,-227.63000000000
352296,4268662,-219.89900000000
352747,4268653,-219.90600000000
332965,4269060,-205.62200000000
341230,4268892,-190.09300000000
345820,4268839,-203.99000000000
355407,4268716,-221.93000000000
359648,4268641,-227.58500000000
325969,4269394,-203.13000000000
295947,4270121,-198.93100000000
360115,4268799,-227.52300000000
292536,4270301,-206.17900000000
289341,4270403,-203.58200000000
351709,4269043,-215.20000000000
316852,4269801,-179.53400000000
318465,4269764,-187.33600000000
323678,4269647,-200.03400000000
342617,4269253,-191.78400000000
339712,4269329,-186.33100000000
330998,4269527,-207.04100000000
332176,4269502,-206.37100000000
360148,4268965,-226.87900000000
348006,4269186,-212.01300000000
316809,4269857,-179.99800000000
316809,4269857,-180.03800000000
323636,4269704,-200.25800000000
345119,4269408,-201.48800000000
345554,4269418,-202.23600000000
344699,4269471,-196.01700000000
355011,4269297,-220.79100000000
360210,4269223,-226.65300000000
290573,4270833,-202.86100000000
290573,4270833,-202.89100000000
360603,4269308,-229.26200000000
360227,4269389,-226.57900000000
312289,4270387,-177.55800000000
312289,4270387,-177.52800000000
338285,4269857,-180.93500000000
298523,4270851,-188.36300000000
298523,4270851,-188.38300000000
314934,4270455,-179.53300000000
314934,4270455,-179.53300000000
321615,4270303,-198.31500000000
321615,4270303,-198.28500000000
360260,4269536,-226.23600000000
296273,4270926,-196.29400000000
297915,4270903,-189.70500000000
351851,4269725,-214.14300000000
321659,4270358,-197.97000000000
318712,4270443,-190.62200000000
309665,4270690,-181.39800000000
309665,4270690,-181.38800000000
360276,4269684,-228.10200000000
297075,4271054,-197.51100000000
297076,4271073,-197.57500000000
295217,4271157,-200.77800000000
295217,4271157,-200.81800000000
340615,4270162,-188.84300000000
360308,4269850,-224.79800000000
342012,4270283,-189.56400000000
353994,4270074,-217.06000000000
360325,4269998,-224.37600000000
334623,4270506,-201.15600000000
294180,4271480,-204.01600000000
343060,4270373,-191.85400000000
345021,4270372,-198.65600000000
360313,4270146,-224.63800000000
338242,4270617,-179.33600000000
316621,4271101,-184.58900000000
297628,4271669,-194.24600000000
360346,4270330,-224.20000000000
352562,4270470,-214.17400000000
294202,4271775,-203.44700000000
303031,4271553,-180.09900000000
347191,4270608,-207.73200000000
341267,4270760,-190.31600000000
290981,4271970,-200.96100000000
290995,4271970,-201.25000000000
290995,4271970,-201.21000000000
292593,4271928,-203.81200000000
292606,4271928,-203.86200000000
360363,4270497,-223.70800000000
327082,4271164,-203.99400000000
339656,4270903,-181.25200000000
352275,4270660,-212.21100000000
318501,4271373,-190.89800000000
320113,4271337,-195.57100000000
321710,4271301,-198.19900000000
323321,4271265,-199.49200000000
327097,4271183,-203.83900000000
334633,4271024,-201.34700000000
345814,4270819,-201.38300000000
357212,4270608,-219.69600000000
354425,4270658,-215.74200000000
307947,4271730,-179.20600000000
318444,4271485,-191.46600000000
318444,4271485,-191.49600000000
344945,4270929,-196.49000000000
344945,4270929,-196.48000000000
360380,4270644,-223.40000000000
307947,4271749,-179.23100000000
344961,4270984,-198.26100000000
344961,4271002,-198.18600000000
343713,4271063,-191.40900000000
354690,4270875,-216.32200000000
306048,4271942,-176.30000000000
306048,4271961,-176.27500000000
342379,4271182,-192.36600000000
360384,4270848,-223.14300000000
357437,4270937,-220.83000000000
310247,4271934,-179.72100000000
310262,4271934,-179.73100000000
360400,4270959,-222.64900000000
360417,4271106,-222.31500000000
350297,4271289,-213.13300000000
344912,4271466,-198.12800000000
289563,4272748,-197.72100000000
289577,4272747,-197.68100000000
316077,4272113,-183.76000000000
345465,4271492,-200.08400000000
360377,4271292,-221.65100000000
355019,4271387,-215.26700000000
340820,4271712,-184.09600000000
341256,4271704,-182.82100000000
311796,4272360,-178.61800000000
311928,4272357,-178.83800000000
351536,4271525,-209.74200000000
311783,4272379,-178.59200000000
311928,4272376,-178.87300000000
357867,4271429,-217.75700000000
360336,4271441,-221.57000000000
327117,4272107,-203.03000000000
358711,4271525,-219.52200000000
338429,4271945,-183.37200000000
342102,4271872,-190.01700000000
359075,4271555,-219.19200000000
358305,4271588,-218.07800000000
360222,4271572,-219.44000000000
360296,4271589,-221.18700000000
359614,4271657,-219.49900000000
327180,4272310,-204.25400000000
354577,4271802,-218.03900000000
360284,4271756,-219.72000000000
351690,4271985,-209.46000000000
360228,4271905,-219.60900000000
326896,4272593,-200.53000000000
340688,4272307,-181.96500000000
346175,4272237,-203.75100000000
346191,4272292,-203.25700000000
346191,4272292,-203.30700000000
323776,4272772,-197.35100000000
335057,4272532,-201.83700000000
335435,4272543,-200.14000000000
336262,4272526,-196.92200000000
360217,4272072,-219.63200000000
335942,4272551,-198.19500000000
336538,4272539,-195.70600000000
347252,4272327,-205.23300000000
336843,4272551,-194.06400000000
342708,4272434,-190.52900000000
337120,4272564,-193.05500000000
344392,4272419,-195.65600000000
352595,4272264,-209.57300000000
337424,4272576,-191.24800000000
332141,4272704,-205.53900000000
334710,4272651,-202.78100000000
337716,4272589,-189.59600000000
331488,4272736,-206.45900000000
331836,4272729,-205.59800000000
333753,4272689,-205.27200000000
334072,4272682,-204.48600000000
334391,4272675,-203.87400000000
337876,4272604,-188.95900000000
338180,4272598,-187.60700000000
338949,4272582,-183.14200000000
315345,4273111,-182.98700000000
320136,4273002,-194.30800000000
321761,4272965,-195.92800000000
327089,4272848,-201.90000000000
332475,4272734,-206.85700000000
332780,4272728,-205.99100000000
333114,4272721,-205.80400000000
333433,4272714,-205.77800000000
338631,4272607,-185.42300000000
339269,4272595,-181.83200000000
315330,4273130,-182.99200000000
316883,4273094,-186.45400000000
318510,4273057,-190.94800000000
295992,4273617,-198.88700000000
299202,4273536,-187.57700000000
360220,4272238,-219.27700000000
354689,4272337,-211.01800000000
289431,4273825,-195.79000000000
292799,4273737,-200.35200000000
315070,4273191,-180.30500000000
339649,4272679,-181.32200000000
320080,4273114,-194.88500000000
320095,4273113,-194.89600000000
321676,4273078,-196.39600000000
321676,4273078,-196.43600000000
359116,4272332,-216.98500000000
352744,4272465,-209.44400000000
349551,4272543,-206.64900000000
340159,4272743,-180.72300000000
340479,4272774,-182.24300000000
360193,4272406,-218.97900000000
316846,4273353,-187.03900000000
316846,4273372,-186.99400000000
342195,4272851,-184.25800000000
360181,4272553,-219.04000000000
323411,4273317,-196.20600000000
360155,4272702,-218.78300000000
346829,4272964,-203.91800000000
337873,4273159,-186.67500000000
338758,4273141,-186.29600000000
354757,4272946,-209.97800000000
312834,4273835,-178.78400000000
341838,4273209,-184.29300000000
360129,4272869,-218.46700000000
349200,4273179,-206.09400000000
360101,4272999,-216.67000000000
340086,4273448,-185.42100000000
347170,4273365,-203.78900000000
353064,4273254,-207.90400000000
355082,4273236,-208.24300000000
360017,4273167,-216.59500000000
311391,4274239,-175.96100000000
311406,4274239,-175.94100000000
311536,4274236,-175.92900000000
311536,4274236,-175.88900000000
344052,4273554,-194.06200000000
330916,4273840,-204.57600000000
291825,4274780,-196.44500000000
291825,4274780,-196.44500000000
359991,4273334,-215.81800000000
299057,4274725,-188.24800000000
299057,4274725,-188.29800000000
322690,4274221,-192.93400000000
359965,4273482,-215.28300000000
354247,4273640,-207.49800000000
355872,4273629,-208.80000000000
342520,4273899,-185.23400000000
360722,4273562,-217.45900000000
353812,4273685,-207.09500000000
341518,4273956,-185.73400000000
359938,4273631,-215.23600000000
355076,4273717,-207.35800000000
340099,4274114,-183.13700000000
349113,4273939,-205.59300000000
291953,4275276,-195.55400000000
291953,4275276,-195.53400000000
308791,4274856,-175.60400000000
308806,4274856,-175.57400000000
331522,4274345,-205.65200000000
334758,4274277,-202.78400000000
338750,4274196,-185.76400000000
359927,4273797,-215.67200000000
320172,4274611,-192.00500000000
324207,4274521,-194.53700000000
295989,4275209,-198.38800000000
294452,4275267,-199.86100000000
297630,4275186,-195.47400000000
300838,4275105,-182.97400000000
347722,4274095,-203.04200000000
347736,4274094,-203.00200000000
291215,4275388,-194.78300000000
317778,4274739,-187.73500000000
360683,4273877,-215.34500000000
345589,4274209,-196.59800000000
359915,4273964,-215.45200000000
354634,4274151,-206.49800000000
341456,4274475,-185.64900000000
359918,4274131,-215.24100000000
347872,4274351,-202.70700000000
359921,4274279,-214.93700000000
310111,4275380,-174.95800000000
310126,4275380,-174.99800000000
327094,4275087,-198.78100000000
341390,4274791,-182.59300000000
359924,4274445,-214.18100000000
327125,4275124,-199.08100000000
343306,4274790,-188.29100000000
343306,4274790,-188.33100000000
348576,4274708,-203.44100000000
343467,4274824,-190.03300000000
334702,4275056,-199.94300000000
334702,4275056,-199.99300000000
359926,4274593,-214.55500000000
361131,4274572,-214.31200000000
334775,4275092,-201.73400000000
328303,4275246,-200.50400000000
329914,4275212,-201.96300000000
338448,4275053,-186.68400000000
331540,4275215,-204.38700000000
347722,4274909,-201.71500000000
292282,4276175,-194.41500000000
292267,4276194,-194.47900000000
296041,4276097,-198.51300000000
330728,4275287,-201.96800000000
359914,4274741,-214.38900000000
355489,4274857,-204.99100000000
318220,4275636,-188.27200000000
318235,4275635,-188.28300000000
360670,4274802,-214.31700000000
360685,4274802,-214.40600000000
349221,4275047,-204.08900000000
312156,4275887,-175.09400000000
312156,4275887,-175.03400000000
334506,4275393,-200.19900000000
359919,4275037,-213.47800000000
360341,4275067,-213.32800000000
356684,4275132,-203.84000000000
308170,4276203,-175.59000000000
308185,4276203,-175.57000000000
359922,4275185,-212.98900000000
360692,4275172,-213.51000000000
358574,4275264,-208.50500000000
358588,4275283,-208.67700000000
339186,4275668,-180.93900000000
340770,4275710,-185.08000000000
359983,4275369,-211.59300000000
357184,4275437,-205.39000000000
338029,4275839,-190.10800000000
360086,4275423,-211.52900000000
359273,4275437,-211.05700000000
294464,4276877,-198.36700000000
294478,4276877,-198.32700000000
299282,4276755,-187.26100000000
313620,4276408,-176.09200000000
313635,4276408,-176.12200000000
347694,4275687,-199.79800000000
327160,4276122,-197.54700000000
358070,4275514,-206.96200000000
292882,4276955,-194.33400000000
289632,4277059,-190.35800000000
360044,4275516,-211.23600000000
343111,4275886,-187.30400000000
313189,4276603,-174.95200000000
313203,4276602,-174.98200000000
327120,4276289,-198.00400000000
340877,4276004,-182.86200000000
350121,4275825,-203.44700000000
350121,4275825,-203.40700000000
359974,4275665,-211.74100000000
350121,4275844,-203.72100000000
336932,4276176,-196.60700000000
339805,4276118,-178.90900000000
292657,4277220,-193.92200000000
292643,4277239,-193.90700000000
334814,4276275,-200.65600000000
350965,4275958,-204.60600000000
359948,4275814,-210.91500000000
350197,4276009,-203.40300000000
359906,4275944,-210.57400000000
349372,4276135,-202.38600000000
336850,4276455,-195.18100000000
347690,4276242,-198.97700000000
351652,4276186,-205.17100000000
359923,4276055,-210.39300000000
357456,4276117,-205.12700000000
316987,4276959,-182.18200000000
318844,4276935,-185.82500000000
350797,4276294,-203.31000000000
359910,4276147,-210.36400000000
329947,4276784,-199.66600000000
352235,4276360,-205.04100000000
348579,4276447,-200.20500000000
338887,4276673,-182.16600000000
339323,4276664,-178.99600000000
359913,4276295,-209.80500000000
337408,4276740,-192.54500000000
337422,4276739,-192.57500000000
357607,4276429,-205.04600000000
359857,4276463,-211.83800000000
353009,4276641,-204.36700000000
359989,4276535,-209.06500000000
338138,4276984,-184.41700000000
349122,4276770,-200.41100000000
357307,4276674,-204.16900000000
360050,4276681,-208.88800000000
347658,4276908,-198.52300000000
347673,4276908,-198.41500000000
356307,4276785,-205.14800000000
300750,4277995,-184.36700000000
355930,4276829,-204.23300000000
352622,4276889,-205.51600000000
353696,4276869,-203.67300000000
360080,4276774,-208.69200000000
354306,4276877,-204.35400000000
351260,4276989,-203.45200000000
347315,4277136,-197.96400000000
296097,4278298,-198.12800000000
296098,4278316,-198.16300000000
342818,4277261,-189.31700000000
360142,4276939,-207.57300000000
347085,4277252,-195.98000000000
347099,4277252,-195.94000000000
334825,4277514,-200.04000000000
338062,4277448,-189.46300000000
360129,4277032,-207.16400000000
355414,4277116,-203.03700000000
320186,4277849,-183.25900000000
297711,4278405,-196.97000000000
300933,4278324,-182.01400000000
311816,4278060,-174.25800000000
312047,4278055,-171.90300000000
294535,4278504,-196.91000000000
319360,4277904,-183.77400000000
321798,4277850,-182.71200000000
331591,4277637,-198.62200000000
291299,4278607,-190.91900000000
361160,4277088,-210.93500000000
300890,4278380,-182.47700000000
300890,4278380,-182.48700000000
311772,4278117,-174.39200000000
311772,4278117,-174.42200000000
319317,4277942,-184.23400000000
319331,4277942,-184.21400000000
321784,4277887,-182.95100000000
321784,4277887,-182.96100000000
324251,4277832,-187.80100000000
324251,4277832,-187.85100000000
315938,4278038,-178.49300000000
360102,4277143,-206.66100000000
305999,4278292,-177.33500000000
324309,4277868,-187.64000000000
327327,4277802,-195.27200000000
360060,4277255,-206.37200000000
349208,4277453,-200.48800000000
356143,4277343,-203.20500000000
346481,4277560,-196.56200000000
346743,4277555,-195.79600000000
350239,4277489,-202.31800000000
359977,4277497,-206.08900000000
351679,4277646,-203.91400000000
308040,4278668,-178.43200000000
354974,4277679,-202.88100000000
308041,4278687,-178.50700000000
340902,4277965,-184.32600000000
357237,4277657,-203.66600000000
345661,4277908,-197.41100000000
339046,4278058,-186.02400000000
359995,4277663,-205.55400000000
342834,4278074,-192.70600000000
360010,4277755,-205.21300000000
339324,4278200,-184.09300000000
339310,4278219,-184.16800000000
351018,4277992,-202.89100000000
360984,4277831,-208.75500000000
345012,4278143,-197.38200000000
349162,4278064,-201.19000000000
327387,4278541,-193.51400000000
347682,4278147,-199.09500000000
316130,4278848,-173.79300000000
360116,4277957,-204.86200000000
350383,4278207,-202.97500000000
349847,4278254,-202.82100000000
338939,4278485,-188.14600000000
360148,4278086,-204.52600000000
339955,4278520,-184.07200000000
344220,4278473,-195.60000000000
344220,4278473,-195.64000000000
311102,4279224,-172.67500000000
289312,4279788,-188.00100000000
344134,4278530,-196.71100000000
360265,4278232,-204.76900000000
357134,4278343,-202.71100000000
294333,4279731,-194.57200000000
340960,4278704,-187.18800000000
340960,4278704,-187.16800000000
341410,4278732,-189.38000000000
360370,4278378,-204.67800000000
355960,4278457,-201.49500000000
342151,4278754,-192.23800000000
349201,4278618,-201.89400000000
306277,4279580,-179.00500000000
308410,4279566,-182.17500000000
343400,4278804,-193.48600000000
338468,4278920,-190.89500000000
340658,4278876,-188.13400000000
360430,4278506,-204.48900000000
348246,4278766,-201.49100000000
330042,4279151,-195.16600000000
342835,4278889,-194.84600000000
296140,4279962,-196.18400000000
297736,4279922,-196.57700000000
299346,4279881,-194.19000000000
300927,4279841,-188.37700000000
361128,4278568,-205.40700000000
296140,4279981,-196.20900000000
297736,4279940,-196.56100000000
299332,4279900,-194.24500000000
300927,4279860,-188.45200000000
343576,4278911,-195.45900000000
353556,4278722,-200.67000000000
346376,4278875,-198.70400000000
334844,4279124,-194.11000000000
360520,4278634,-203.30000000000
296142,4280036,-195.89400000000
299363,4279973,-194.03500000000
302554,4279894,-182.81700000000
320194,4279477,-180.04200000000
320194,4279477,-180.02200000000
323226,4279409,-183.58000000000
336601,4279125,-193.30300000000
352078,4278823,-203.89600000000
318627,4279531,-179.05800000000
292952,4280174,-191.56600000000
325141,4279404,-187.31600000000
289746,4280276,-188.38400000000
357099,4278824,-202.34600000000
317034,4279660,-175.05600000000
317034,4279660,-175.07600000000
340533,4279156,-187.49300000000
360594,4278781,-204.14400000000
301630,4280064,-186.95000000000
331759,4279410,-195.82600000000
316877,4279775,-173.85600000000
349428,4279095,-203.26300000000
360670,4278928,-204.07000000000
337941,4279412,-191.14100000000
306581,4280147,-181.02600000000
306567,4280166,-180.99000000000
360745,4279056,-203.86700000000
350433,4279335,-204.39400000000
344255,4279471,-197.31200000000
352944,4279307,-199.91400000000
352159,4279321,-203.04400000000
360820,4279203,-203.93500000000
355555,4279296,-200.75100000000
291517,4280841,-188.98400000000
291531,4280841,-188.94400000000
341704,4279688,-194.27300000000
347811,4279570,-201.89600000000
348102,4279564,-201.57400000000
360880,4279350,-203.92300000000
327491,4280019,-192.38900000000
357138,4279434,-200.02600000000
357908,4279420,-201.14900000000
338820,4279801,-190.76400000000
357154,4279453,-200.40000000000
330046,4280057,-192.83900000000
327538,4280129,-190.89500000000
328392,4280111,-192.28800000000
360970,4279496,-203.41500000000
327350,4280170,-190.64200000000
331746,4280132,-193.81500000000
358665,4279611,-201.95200000000
361044,4279606,-203.50300000000
349659,4279831,-204.39100000000
337244,4280111,-189.31500000000
354388,4279780,-199.17700000000
352691,4279811,-202.59300000000
337245,4280129,-188.55800000000
337245,4280129,-188.55800000000
337216,4280148,-187.95200000000
361105,4279734,-203.41700000000
335651,4280254,-191.01800000000
336536,4280236,-190.01700000000
353781,4279902,-198.45800000000
317347,4280671,-172.54300000000
334855,4280289,-191.84000000000
360047,4279826,-202.70700000000
352273,4279967,-203.74100000000
333506,4280354,-192.12100000000
334173,4280340,-192.00400000000
344442,4280152,-198.37800000000
357118,4279916,-199.11500000000
332680,4280409,-192.96900000000
348793,4280088,-205.18900000000
361209,4279880,-202.96500000000
355523,4279981,-198.39100000000
346734,4280164,-201.20400000000
347169,4280155,-201.54200000000
351753,4280106,-203.09500000000
360861,4279960,-203.57900000000
309723,4281034,-181.91300000000
360862,4279979,-203.28800000000
290911,4281523,-189.27100000000
308665,4281133,-184.78500000000
337108,4280502,-188.47000000000
359617,4280093,-201.36100000000
348957,4280288,-205.60200000000
349713,4280366,-203.48500000000
341664,4280540,-196.86700000000
318707,4281102,-175.60000000000
338213,4280683,-188.59600000000
297779,4281624,-194.48900000000
300999,4281543,-191.41500000000
304204,4281463,-182.51800000000
294603,4281723,-192.79600000000
291383,4281844,-188.68700000000
356867,4280457,-198.22600000000
321756,4281219,-177.06800000000
351617,4280608,-204.01400000000
350399,4280631,-206.40100000000
296653,4281837,-193.37600000000
296653,4281837,-193.41600000000
351226,4280634,-204.85900000000
306254,4281617,-180.21800000000
352460,4280648,-204.24700000000
306052,4281677,-180.06400000000
322181,4281357,-178.71500000000
324762,4281300,-184.12900000000
356638,4280665,-199.08500000000
351011,4280786,-204.88400000000
306344,4281763,-180.54600000000
306359,4281762,-180.55600000000
305547,4281819,-179.07600000000
309130,4281733,-183.23500000000
344604,4280982,-200.36800000000
323474,4281440,-181.57400000000
322765,4281511,-180.02300000000
349796,4280975,-204.61100000000
290264,4282336,-192.70000000000
307943,4281891,-183.07000000000
309684,4281849,-184.57300000000
310989,4281818,-178.28400000000
290251,4282355,-192.70500000000
307944,4281909,-183.04500000000
309684,4281868,-182.69800000000
310990,4281837,-178.29800000000
321533,4281612,-174.78500000000
354496,4280943,-200.17600000000
302407,4282137,-187.62700000000
347160,4281154,-203.40400000000
302407,4282155,-187.62200000000
350510,4281110,-205.88200000000
334893,4281491,-188.89200000000
337171,4281481,-185.93900000000
318088,4281949,-172.43600000000
320930,4281885,-174.18300000000
333299,4281617,-190.39200000000
341276,4281454,-197.85300000000
321352,4281949,-173.00900000000
321352,4281949,-173.10900000000
356069,4281248,-199.02700000000
306793,4282307,-181.29500000000
306808,4282307,-181.25500000000
325950,4281867,-185.07900000000
327705,4281865,-187.19100000000
327705,4281865,-187.01100000000
330606,4281803,-186.89100000000
334463,4281722,-188.02600000000
334478,4281722,-188.04600000000
320643,4282039,-175.60200000000
357100,4281322,-198.24300000000
300864,4282545,-191.22300000000
300864,4282545,-191.22300000000
341744,4281686,-199.74300000000
319965,4282166,-176.44200000000
300490,4282666,-192.86000000000
326914,4282142,-186.28600000000
331191,4282050,-189.62100000000
355784,4281568,-200.07300000000
348635,4281700,-207.04400000000
319229,4282330,-173.85700000000
352740,4281697,-204.14200000000
352755,4281697,-204.13200000000
351247,4281725,-206.40600000000
304048,4282781,-184.47900000000
302120,4282866,-190.52100000000
347101,4281877,-203.50700000000
318492,4282514,-172.54000000000
357498,4281722,-196.73100000000
337432,4282198,-184.31700000000
300050,4283066,-193.35900000000
333343,4282301,-187.99200000000
344263,4282117,-203.79600000000
317133,4282711,-172.48000000000
336520,4282291,-184.50000000000
352746,4281993,-205.12100000000
318773,4282711,-172.33400000000
351152,4282041,-207.18000000000
305766,4283035,-179.81500000000
309015,4282957,-183.67000000000
312248,4282880,-175.20500000000
320383,4282693,-175.79300000000
299430,4283211,-193.36800000000
293035,4283374,-191.27500000000
318700,4282750,-172.72200000000
296210,4283311,-190.87700000000
289815,4283477,-191.08900000000
293035,4283392,-190.93100000000
318701,4282768,-172.76600000000
333492,4282446,-187.87700000000
355444,4282018,-200.96900000000
321849,4282715,-173.99700000000
347514,4282221,-203.23600000000
360143,4281989,-198.21200000000
339004,4282443,-190.08100000000
346967,4282454,-203.75800000000
310458,4283293,-181.50100000000
352753,4282400,-205.21800000000
299454,4283580,-193.11700000000
341575,4282651,-200.98600000000
298629,4283656,-192.91200000000
298629,4283656,-192.91200000000
355220,4282466,-202.16300000000
359629,4282461,-196.88300000000
358223,4282523,-198.27300000000
358238,4282523,-197.94700000000
297081,4283862,-190.66300000000
313901,4283452,-171.25500000000
358761,4282569,-198.36500000000
337303,4282996,-184.02200000000
361226,4282563,-198.02200000000
339479,4283026,-193.25000000000
351513,4282793,-209.88400000000
295432,4284052,-189.26000000000
339480,4283044,-193.30500000000
355573,4282737,-201.66500000000
352761,4282788,-206.02100000000
339161,4283069,-189.50200000000
339510,4283062,-192.74300000000
348745,4282919,-206.31800000000
294462,4284152,-189.38100000000
322360,4283537,-172.79100000000
322374,4283536,-172.82100000000
322374,4283536,-172.84100000000
344095,4283157,-205.10000000000
361028,4282844,-197.02700000000
293161,4284333,-188.19100000000
331061,4283440,-187.29900000000
328032,4283561,-183.90600000000
291902,4284477,-188.40400000000
312477,4283985,-177.51600000000
334935,4283489,-183.08300000000
360857,4282995,-196.59900000000
327715,4283679,-183.46400000000
290644,4284621,-189.85000000000
355335,4283186,-201.62600000000
289776,4284718,-189.18200000000
354496,4283275,-203.13600000000
354003,4283302,-204.81500000000
352771,4283325,-206.70500000000
288576,4284861,-189.57500000000
360760,4283311,-196.59900000000
319575,4284192,-171.97900000000
340335,4283749,-196.23700000000
307397,4284495,-179.14300000000
304746,4284615,-182.80800000000
328159,4284076,-182.98800000000
331059,4284033,-182.58200000000
337409,4283919,-183.38400000000
301065,4284780,-190.70900000000
304255,4284701,-185.33000000000
317216,4284394,-171.57000000000
318810,4284357,-171.83600000000
297847,4284879,-189.75200000000
291467,4285044,-186.51300000000
294672,4284960,-186.88300000000
322029,4284303,-173.27000000000
330756,4284132,-184.90000000000
330756,4284132,-184.89000000000
344311,4283855,-204.98800000000
297863,4284916,-190.25200000000
299472,4284875,-192.44700000000
299458,4284894,-192.48100000000
297863,4284934,-190.25600000000
360824,4283606,-195.96100000000
352780,4283843,-207.32700000000
348331,4283945,-206.12600000000
354985,4283839,-203.28800000000
349549,4283959,-206.32100000000
310944,4284799,-182.89600000000
330630,4284356,-184.89600000000
353637,4283956,-206.97700000000
333432,4284445,-183.07500000000
360830,4283957,-195.90400000000
323590,4284712,-172.50500000000
358163,4284041,-203.67300000000
358439,4284055,-203.39500000000
350423,4284201,-207.91900000000
337595,4284507,-184.03000000000
305907,4285253,-180.42700000000
305922,4285253,-180.44700000000
341394,4284468,-199.34400000000
352440,4284256,-207.36300000000
305849,4285273,-180.28200000000
330407,4284713,-184.42100000000
305850,4285291,-180.29700000000
344671,4284441,-205.27000000000
351717,4284344,-207.50000000000
305199,4285363,-182.84700000000
311506,4285230,-183.17900000000
311506,4285230,-183.19900000000
360777,4284236,-195.91900000000
308201,4285364,-181.23500000000
308188,4285383,-181.32900000000
308188,4285383,-181.32900000000
306725,4285455,-179.80300000000
308174,4285420,-181.22900000000
308189,4285420,-181.20900000000
311509,4285341,-182.48900000000
312958,4285306,-179.40400000000
334847,4284823,-179.19000000000
312668,4285332,-180.31300000000
312668,4285332,-180.28300000000
315929,4285256,-171.11200000000
312668,4285350,-180.21700000000
313335,4285334,-177.46100000000
315930,4285274,-171.17600000000
310335,4285424,-183.75700000000
313901,4285340,-175.77200000000
314338,4285385,-175.39700000000
314338,4285385,-175.35700000000
314352,4285403,-175.13100000000
314729,4285413,-172.61800000000
360650,4284479,-195.27900000000
355664,4284567,-202.81300000000
315078,4285423,-170.71800000000
315469,4285414,-170.03200000000
303684,4285714,-188.36100000000
303684,4285714,-188.37100000000
309309,4285597,-183.09300000000
318297,4285387,-171.84700000000
343677,4284849,-203.21400000000
342679,4284887,-202.37000000000
343229,4284876,-202.02200000000
355318,4284647,-204.55600000000
318283,4285424,-172.12700000000
318283,4285424,-172.17700000000
318240,4285443,-171.68300000000
343998,4284898,-202.82700000000
360711,4284588,-197.60500000000
317342,4285482,-170.17500000000
318936,4285446,-171.54100000000
341839,4284959,-199.85400000000
308906,4285699,-181.99100000000
348594,4284865,-204.98400000000
316575,4285555,-170.41200000000
344391,4284964,-203.38200000000
322185,4285465,-173.01200000000
352944,4284839,-206.58700000000
292745,4286195,-186.87200000000
306386,4285852,-178.38400000000
347379,4284999,-205.37900000000
338943,4285183,-189.91200000000
344785,4285068,-204.96300000000
349176,4284984,-205.85300000000
356135,4284873,-201.32000000000
337422,4285288,-183.71700000000
341061,4285215,-197.72600000000
341815,4285237,-198.23100000000
346019,4285155,-206.01000000000
360831,4284882,-195.99200000000
320566,4285705,-172.22500000000
341902,4285253,-200.54800000000
320567,4285724,-172.19000000000
341902,4285272,-200.57300000000
345179,4285208,-205.90500000000
351643,4285085,-207.33200000000
345585,4285219,-205.28000000000
320567,4285760,-172.25900000000
328570,4285622,-180.10900000000
340745,4285369,-195.44200000000
343194,4285321,-201.54500000000
328556,4285641,-180.04200000000
331454,4285579,-179.69500000000
350950,4285209,-208.01400000000
302728,4286330,-188.71300000000
334906,4285599,-177.86100000000
340355,4285488,-194.70100000000
299496,4286430,-190.74200000000
293089,4286593,-186.00700000000
296265,4286530,-186.39300000000
289886,4286696,-187.32200000000
346965,4285395,-204.97300000000
360837,4285196,-198.11000000000
300760,4286490,-190.36300000000
300773,4286490,-190.39300000000
339967,4285625,-193.18200000000
342446,4285595,-200.27200000000
343301,4285578,-200.05900000000
351417,4285423,-207.63600000000
348374,4285480,-205.99800000000
336620,4285749,-183.10000000000
338490,4285747,-188.18000000000
360927,4285324,-192.31500000000
322302,4286110,-171.90000000000
322302,4286129,-171.92500000000
331621,4285945,-183.30300000000
322259,4286167,-171.77500000000
315882,4286348,-170.80300000000
315882,4286348,-170.76300000000
349494,4285643,-207.18900000000
315955,4286365,-170.35700000000
332029,4286029,-182.09900000000
339161,4285919,-190.27000000000
350060,4285707,-205.54800000000
360931,4285528,-196.06800000000
313421,4286517,-180.77300000000
332422,4286095,-181.55900000000
349799,4285749,-208.02400000000
305436,4286726,-184.01000000000
307624,4286673,-180.55600000000
307624,4286692,-180.60100000000
330640,4286170,-182.22900000000
338134,4286014,-185.98100000000
348481,4285811,-205.96200000000
350554,4285790,-207.59200000000
350860,4285840,-207.34900000000
333077,4286210,-180.26000000000
345615,4285995,-206.00400000000
358500,4285793,-199.88000000000
333689,4286327,-178.06600000000
356153,4285890,-199.78000000000
351341,4285979,-207.71700000000
360936,4285824,-198.82400000000
334967,4286412,-177.13600000000
304881,4287166,-184.84800000000
304881,4287166,-184.86800000000
323576,4286730,-172.81300000000
323576,4286730,-172.80300000000
323549,4286749,-172.55800000000
330259,4286640,-180.73500000000
333983,4286562,-176.86200000000
329868,4286686,-179.69300000000
353462,4286217,-204.28700000000
323217,4286849,-171.93600000000
343071,4286452,-198.08500000000
349332,4286350,-208.68300000000
361288,4286151,-196.35200000000
353115,4286297,-210.19900000000
353115,4286316,-210.22400000000
351957,4286356,-207.08300000000
321858,4287027,-170.90000000000
329641,4286857,-178.59200000000
330176,4286846,-179.89400000000
352291,4286424,-206.06200000000
356595,4286363,-199.11600000000
322482,4287069,-172.07600000000
325033,4287049,-173.48200000000
325034,4287068,-173.47700000000
329310,4286994,-177.54800000000
343787,4286697,-202.13200000000
356163,4286464,-203.45400000000
352815,4286525,-206.64700000000
350424,4286570,-210.10400000000
299297,4287711,-189.28300000000
299297,4287730,-189.32800000000
324963,4287143,-176.51600000000
328919,4287058,-177.83400000000
326137,4287136,-175.17000000000
361324,4286465,-196.58500000000
328630,4287119,-176.81800000000
328630,4287119,-176.83800000000
325602,4287203,-174.08600000000
333804,4287028,-176.16500000000
325603,4287222,-174.07100000000
338168,4286957,-185.84400000000
328081,4287187,-177.00700000000
328777,4287172,-178.22200000000
290259,4288185,-188.63300000000
342952,4286972,-197.93000000000
356645,4286714,-199.30600000000
342286,4287004,-200.98900000000
361008,4286655,-196.10800000000
349299,4286868,-207.94200000000
330868,4287293,-179.66300000000
355734,4286805,-203.49400000000
348619,4286937,-207.33400000000
301145,4287998,-188.16900000000
291537,4288244,-188.54300000000
289827,4288289,-188.41300000000
289827,4288289,-188.45300000000
307508,4287842,-181.99700000000
328665,4287359,-177.35800000000
294755,4288179,-189.74400000000
304349,4287938,-185.53200000000
349043,4287095,-207.52000000000
316873,4287806,-172.68100000000
322959,4287669,-171.30700000000
334088,4287429,-175.06900000000
361172,4286930,-196.59900000000
321004,4287786,-169.92700000000
360521,4286997,-198.17400000000
317136,4287893,-169.99100000000
297763,4288417,-189.20400000000
297777,4288416,-189.18400000000
337526,4287506,-184.05000000000
297793,4288434,-188.89000000000
296938,4288475,-189.92700000000
296952,4288475,-189.89700000000
356727,4287193,-204.66800000000
348670,4287343,-207.79200000000
320269,4287951,-169.81100000000
321370,4287926,-170.12800000000
356712,4287212,-204.65300000000
314488,4288102,-181.30200000000
321762,4287936,-171.52400000000
353917,4287282,-205.76000000000
345803,4287490,-205.63100000000
314504,4288176,-181.03300000000
334603,4287733,-174.89000000000
343630,4287569,-198.30200000000
361279,4287243,-199.45400000000
314477,4288232,-181.39800000000
348459,4287661,-207.72800000000
307525,4288564,-183.16600000000
317233,4288335,-170.15200000000
307511,4288582,-183.15000000000
317233,4288353,-170.18700000000
334912,4287967,-175.64200000000
303339,4288758,-183.93900000000
337492,4287988,-183.33900000000
341535,4287944,-197.73200000000
352055,4287742,-208.44900000000
359141,4287650,-198.22300000000
317890,4288523,-173.25100000000
350056,4287853,-209.85300000000
319456,4288525,-173.30200000000
318341,4288606,-172.53700000000
331295,4288339,-177.23200000000
299593,4289111,-186.40900000000
353248,4287979,-209.44400000000
337210,4288383,-182.64200000000
313291,4288963,-187.46900000000
314072,4288945,-184.89200000000
314898,4288926,-181.64300000000
359843,4288008,-198.25700000000
316739,4288920,-172.43000000000
343761,4288344,-198.43000000000
352860,4288171,-208.01300000000
334954,4288596,-176.50700000000
354151,4288258,-207.03600000000
295155,4289631,-188.14400000000
295155,4289631,-188.14400000000
335030,4288742,-177.01000000000
305603,4289425,-186.09500000000
306747,4289397,-186.59100000000
307212,4289385,-185.71900000000
309949,4289320,-185.74200000000
310732,4289301,-187.01900000000
311558,4289281,-187.97700000000
312355,4289263,-188.01500000000
329422,4288879,-171.23700000000
307501,4289397,-185.26300000000
309124,4289358,-184.33900000000
336813,4288742,-180.13000000000
353806,4288413,-207.68000000000
307501,4289416,-185.27800000000
309124,4289377,-184.33400000000
353807,4288431,-207.72500000000
302793,4289549,-185.29900000000
299577,4289629,-185.05300000000
308342,4289414,-184.16000000000
316427,4289223,-176.38600000000
296347,4289730,-188.00400000000
293173,4289812,-190.39800000000
289971,4289896,-188.10300000000
309125,4289414,-184.21300000000
353793,4288468,-207.51400000000
306126,4289505,-184.99700000000
344204,4288705,-200.96500000000
341364,4288780,-197.25500000000
317255,4289315,-174.15200000000
311229,4289493,-187.36000000000
354607,4288601,-206.51600000000
344147,4288817,-202.30400000000
346697,4288768,-206.21700000000
344133,4288836,-202.31900000000
315998,4289455,-180.10000000000
348393,4288773,-209.43900000000
329255,4289197,-171.94500000000
345365,4288868,-202.98200000000
355000,4288687,-206.03000000000
328401,4289234,-173.27700000000
357420,4288661,-201.31000000000
331531,4289185,-174.47100000000
355335,4288773,-205.39800000000
355814,4288783,-203.31800000000
348006,4288984,-208.42800000000
315266,4289750,-183.19800000000
321843,4289600,-171.51300000000
354121,4288962,-206.97700000000
315267,4289787,-182.89800000000
353426,4288993,-208.05700000000
299895,4290177,-183.29800000000
360758,4288917,-195.51300000000
359352,4288941,-198.86800000000
315239,4289880,-183.29200000000
315254,4289880,-183.32200000000
329873,4289628,-172.38200000000
347750,4289265,-210.21300000000
339581,4289500,-190.77500000000
356676,4289193,-202.36500000000
334975,4289632,-178.09500000000
336511,4289600,-180.20100000000
344625,4289530,-200.94700000000
358561,4289270,-200.06900000000
357114,4289351,-204.63300000000
291779,4290830,-192.06800000000
291793,4290829,-192.04800000000
351972,4289520,-208.90300000000
348017,4289594,-209.82000000000
327490,4268003,-205.32400000000
328524,4267988,-206.07300000000
329504,4267997,-206.88700000000
330502,4268000,-207.46000000000
331501,4267999,-208.16000000000
332503,4268000,-207.30000000000
333501,4268001,-205.11400000000
334500,4268001,-202.13600000000
335499,4268000,-198.08000000000
336501,4268000,-192.50000000000
337503,4268000,-186.53100000000
338503,4268001,-186.19900000000
339503,4267998,-186.76600000000
340576,4268038,-188.98400000000
