Easting[m],Northing[m],Elevation[m],Density[g/cm3],Elevation_Diff
331900.0,4259950.0,510.0,2.25,10.0
331900.0,4260050.0,510.0,2.24,10.0
331900.0,4260150.0,510.0,2.24,10.0
331900.0,4260250.0,510.0,2.24,10.0
331900.0,4260350.0,510.0,2.25,10.0
331900.0,4260450.0,510.0,2.25,10.0
331900.0,4260550.0,510.0,2.25,10.0
331900.0,4260650.0,510.0,2.25,10.0
331900.0,4260750.0,510.0,2.26,10.0
331900.0,4260850.0,510.0,2.26,10.0
331900.0,4260950.0,510.0,2.27,10.0
331900.0,4261050.0,510.0,2.27,10.0
331900.0,4261150.0,510.0,2.28,10.0
331900.0,4261250.0,510.0,2.28,10.0
331900.0,4261350.0,510.0,2.28,10.0
331900.0,4261450.0,510.0,2.28,10.0
331900.0,4261550.0,510.0,2.28,10.0
331900.0,4261650.0,510.0,2.28,10.0
331900.0,4261750.0,510.0,2.28,10.0
331900.0,4261850.0,510.0,2.28,10.0
331900.0,4261950.0,510.0,2.28,10.0
331900.0,4262050.0,510.0,2.29,10.0
331900.0,4262150.0,510.0,2.3,10.0
331900.0,4262250.0,510.0,2.33,10.0
331900.0,4262350.0,510.0,2.38,10.0
331900.0,4262450.0,510.0,2.41,10.0
331900.0,4262550.0,510.0,2.42,10.0
331900.0,4262650.0,510.0,2.42,10.0
331900.0,4262750.0,510.0,2.42,10.0
331900.0,4262850.0,510.0,2.42,10.0
331900.0,4262950.0,510.0,2.42,10.0
331900.0,4263050.0,510.0,2.42,10.0
331900.0,4263150.0,510.0,2.42,10.0
331900.0,4263250.0,510.0,2.42,10.0
331900.0,4263350.0,510.0,2.42,10.0
331900.0,4263450.0,510.0,2.42,10.0
331900.0,4263550.0,510.0,2.42,10.0
331900.0,4263650.0,510.0,2.42,10.0
331900.0,4263750.0,510.0,2.42,10.0
331900.0,4263850.0,510.0,2.42,10.0
331900.0,4263950.0,510.0,2.42,10.0
331900.0,4264050.0,510.0,2.42,10.0
331900.0,4264150.0,510.0,2.42,10.0
331900.0,4264250.0,510.0,2.42,10.0
331900.0,4264350.0,510.0,2.42,10.0
331900.0,4264450.0,510.0,2.42,10.0
331900.0,4264550.0,510.0,2.42,10.0
331900.0,4264650.0,510.0,2.43,10.0
331900.0,4264750.0,510.0,2.43,10.0
331900.0,4264850.0,510.0,2.43,10.0
331900.0,4264950.0,510.0,2.43,10.0
331900.0,4265050.0,510.0,2.43,10.0
331900.0,4265150.0,510.0,2.44,10.0
332000.0,4259950.0,510.0,2.25,10.0
332000.0,4260050.0,510.0,2.25,10.0
332000.0,4260150.0,510.0,2.24,10.0
332000.0,4260250.0,510.0,2.25,10.0
332000.0,4260350.0,510.0,2.25,10.0
332000.0,4260450.0,510.0,2.25,10.0
332000.0,4260550.0,510.0,2.25,10.0
332000.0,4260650.0,510.0,2.25,10.0
332000.0,4260750.0,510.0,2.26,10.0
332000.0,4260850.0,510.0,2.26,10.0
332000.0,4260950.0,510.0,2.27,10.0
332000.0,4261050.0,510.0,2.27,10.0
332000.0,4261150.0,510.0,2.28,10.0
332000.0,4261250.0,510.0,2.28,10.0
332000.0,4261350.0,510.0,2.28,10.0
332000.0,4261450.0,510.0,2.28,10.0
332000.0,4261550.0,510.0,2.28,10.0
332000.0,4261650.0,510.0,2.28,10.0
332000.0,4261750.0,510.0,2.28,10.0
332000.0,4261850.0,510.0,2.28,10.0
332000.0,4261950.0,510.0,2.28,10.0
332000.0,4262050.0,510.0,2.29,10.0
332000.0,4262150.0,510.0,2.3,10.0
332000.0,4262250.0,510.0,2.33,10.0
332000.0,4262350.0,510.0,2.38,10.0
332000.0,4262450.0,510.0,2.41,10.0
332000.0,4262550.0,510.0,2.42,10.0
332000.0,4262650.0,510.0,2.42,10.0
332000.0,4262750.0,510.0,2.42,10.0
332000.0,4262850.0,510.0,2.42,10.0
332000.0,4262950.0,510.0,2.42,10.0
332000.0,4263050.0,510.0,2.42,10.0
332000.0,4263150.0,510.0,2.42,10.0
332000.0,4263250.0,510.0,2.42,10.0
332000.0,4263350.0,510.0,2.42,10.0
332000.0,4263450.0,510.0,2.42,10.0
332000.0,4263550.0,510.0,2.42,10.0
332000.0,4263650.0,510.0,2.42,10.0
332000.0,4263750.0,510.0,2.42,10.0
332000.0,4263850.0,510.0,2.42,10.0
332000.0,4263950.0,510.0,2.42,10.0
332000.0,4264050.0,510.0,2.42,10.0
332000.0,4264150.0,510.0,2.42,10.0
332000.0,4264250.0,510.0,2.42,10.0
332000.0,4264350.0,510.0,2.42,10.0
332000.0,4264450.0,510.0,2.43,10.0
332000.0,4264550.0,510.0,2.43,10.0
332000.0,4264650.0,510.0,2.43,10.0
332000.0,4264750.0,510.0,2.43,10.0
332000.0,4264850.0,510.0,2.44,10.0
332000.0,4264950.0,510.0,2.44,10.0
332000.0,4265050.0,510.0,2.45,10.0
332000.0,4265150.0,510.0,2.45,10.0
332100.0,4259950.0,510.0,2.25,10.0
332100.0,4260050.0,510.0,2.25,10.0
332100.0,4260150.0,510.0,2.25,10.0
332100.0,4260250.0,510.0,2.25,10.0
332100.0,4260350.0,510.0,2.25,10.0
332100.0,4260450.0,510.0,2.25,10.0
332100.0,4260550.0,510.0,2.25,10.0
332100.0,4260650.0,510.0,2.25,10.0
332100.0,4260750.0,510.0,2.26,10.0
332100.0,4260850.0,510.0,2.26,10.0
332100.0,4260950.0,510.0,2.27,10.0
332100.0,4261050.0,510.0,2.27,10.0
332100.0,4261150.0,510.0,2.28,10.0
332100.0,4261250.0,510.0,2.28,10.0
332100.0,4261350.0,510.0,2.28,10.0
332100.0,4261450.0,510.0,2.28,10.0
332100.0,4261550.0,510.0,2.28,10.0
332100.0,4261650.0,510.0,2.28,10.0
332100.0,4261750.0,510.0,2.28,10.0
332100.0,4261850.0,510.0,2.28,10.0
332100.0,4261950.0,510.0,2.29,10.0
332100.0,4262050.0,510.0,2.29,10.0
332100.0,4262150.0,510.0,2.3,10.0
332100.0,4262250.0,510.0,2.33,10.0
332100.0,4262350.0,510.0,2.38,10.0
332100.0,4262450.0,510.0,2.41,10.0
332100.0,4262550.0,510.0,2.42,10.0
332100.0,4262650.0,510.0,2.42,10.0
332100.0,4262750.0,510.0,2.42,10.0
332100.0,4262850.0,510.0,2.42,10.0
332100.0,4262950.0,510.0,2.42,10.0
332100.0,4263050.0,510.0,2.42,10.0
332100.0,4263150.0,510.0,2.42,10.0
332100.0,4263250.0,510.0,2.42,10.0
332100.0,4263350.0,510.0,2.42,10.0
332100.0,4263450.0,510.0,2.42,10.0
332100.0,4263550.0,510.0,2.42,10.0
332100.0,4263650.0,510.0,2.42,10.0
332100.0,4263750.0,510.0,2.42,10.0
332100.0,4263850.0,510.0,2.42,10.0
332100.0,4263950.0,510.0,2.42,10.0
332100.0,4264050.0,510.0,2.42,10.0
332100.0,4264150.0,510.0,2.42,10.0
332100.0,4264250.0,510.0,2.43,10.0
332100.0,4264350.0,510.0,2.43,10.0
332100.0,4264450.0,510.0,2.43,10.0
332100.0,4264550.0,510.0,2.43,10.0
332100.0,4264650.0,510.0,2.44,10.0
332100.0,4264750.0,510.0,2.44,10.0
332100.0,4264850.0,510.0,2.45,10.0
332100.0,4264950.0,510.0,2.45,10.0
332100.0,4265050.0,510.0,2.46,10.0
332100.0,4265150.0,510.0,2.47,10.0
332200.0,4259950.0,510.0,2.25,10.0
332200.0,4260050.0,510.0,2.25,10.0
332200.0,4260150.0,510.0,2.25,10.0
332200.0,4260250.0,510.0,2.25,10.0
332200.0,4260350.0,510.0,2.25,10.0
332200.0,4260450.0,510.0,2.25,10.0
332200.0,4260550.0,510.0,2.25,10.0
332200.0,4260650.0,510.0,2.25,10.0
332200.0,4260750.0,510.0,2.26,10.0
332200.0,4260850.0,510.0,2.26,10.0
332200.0,4260950.0,510.0,2.27,10.0
332200.0,4261050.0,510.0,2.27,10.0
332200.0,4261150.0,510.0,2.28,10.0
332200.0,4261250.0,510.0,2.28,10.0
332200.0,4261350.0,510.0,2.28,10.0
332200.0,4261450.0,510.0,2.29,10.0
332200.0,4261550.0,510.0,2.29,10.0
332200.0,4261650.0,510.0,2.29,10.0
332200.0,4261750.0,510.0,2.29,10.0
332200.0,4261850.0,510.0,2.29,10.0
332200.0,4261950.0,510.0,2.29,10.0
332200.0,4262050.0,510.0,2.29,10.0
332200.0,4262150.0,510.0,2.31,10.0
332200.0,4262250.0,510.0,2.34,10.0
332200.0,4262350.0,510.0,2.39,10.0
332200.0,4262450.0,510.0,2.41,10.0
332200.0,4262550.0,510.0,2.42,10.0
332200.0,4262650.0,510.0,2.42,10.0
332200.0,4262750.0,510.0,2.42,10.0
332200.0,4262850.0,510.0,2.42,10.0
332200.0,4262950.0,510.0,2.42,10.0
332200.0,4263050.0,510.0,2.42,10.0
332200.0,4263150.0,510.0,2.42,10.0
332200.0,4263250.0,510.0,2.42,10.0
332200.0,4263350.0,510.0,2.42,10.0
332200.0,4263450.0,510.0,2.42,10.0
332200.0,4263550.0,510.0,2.42,10.0
332200.0,4263650.0,510.0,2.42,10.0
332200.0,4263750.0,510.0,2.42,10.0
332200.0,4263850.0,510.0,2.42,10.0
332200.0,4263950.0,510.0,2.42,10.0
332200.0,4264050.0,510.0,2.42,10.0
332200.0,4264150.0,510.0,2.43,10.0
332200.0,4264250.0,510.0,2.43,10.0
332200.0,4264350.0,510.0,2.43,10.0
332200.0,4264450.0,510.0,2.43,10.0
332200.0,4264550.0,510.0,2.44,10.0
332200.0,4264650.0,510.0,2.45,10.0
332200.0,4264750.0,510.0,2.46,10.0
332200.0,4264850.0,510.0,2.46,10.0
332200.0,4264950.0,510.0,2.47,10.0
332200.0,4265050.0,510.0,2.47,10.0
332200.0,4265150.0,510.0,2.48,10.0
332300.0,4259950.0,510.0,2.25,10.0
332300.0,4260050.0,510.0,2.25,10.0
332300.0,4260150.0,510.0,2.25,10.0
332300.0,4260250.0,510.0,2.25,10.0
332300.0,4260350.0,510.0,2.25,10.0
332300.0,4260450.0,510.0,2.25,10.0
332300.0,4260550.0,510.0,2.25,10.0
332300.0,4260650.0,510.0,2.25,10.0
332300.0,4260750.0,510.0,2.26,10.0
332300.0,4260850.0,510.0,2.26,10.0
332300.0,4260950.0,510.0,2.27,10.0
332300.0,4261050.0,510.0,2.27,10.0
332300.0,4261150.0,510.0,2.28,10.0
332300.0,4261250.0,510.0,2.28,10.0
332300.0,4261350.0,510.0,2.29,10.0
332300.0,4261450.0,510.0,2.29,10.0
332300.0,4261550.0,510.0,2.29,10.0
332300.0,4261650.0,510.0,2.29,10.0
332300.0,4261750.0,510.0,2.29,10.0
332300.0,4261850.0,510.0,2.29,10.0
332300.0,4261950.0,510.0,2.29,10.0
332300.0,4262050.0,510.0,2.3,10.0
332300.0,4262150.0,510.0,2.32,10.0
332300.0,4262250.0,510.0,2.36,10.0
332300.0,4262350.0,510.0,2.4,10.0
332300.0,4262450.0,510.0,2.42,10.0
332300.0,4262550.0,510.0,2.42,10.0
332300.0,4262650.0,510.0,2.42,10.0
332300.0,4262750.0,510.0,2.42,10.0
332300.0,4262850.0,510.0,2.42,10.0
332300.0,4262950.0,510.0,2.42,10.0
332300.0,4263050.0,510.0,2.42,10.0
332300.0,4263150.0,510.0,2.42,10.0
332300.0,4263250.0,510.0,2.42,10.0
332300.0,4263350.0,510.0,2.42,10.0
332300.0,4263450.0,510.0,2.42,10.0
332300.0,4263550.0,510.0,2.42,10.0
332300.0,4263650.0,510.0,2.42,10.0
332300.0,4263750.0,510.0,2.42,10.0
332300.0,4263850.0,510.0,2.42,10.0
332300.0,4263950.0,510.0,2.42,10.0
332300.0,4264050.0,510.0,2.43,10.0
332300.0,4264150.0,510.0,2.43,10.0
332300.0,4264250.0,510.0,2.43,10.0
332300.0,4264350.0,510.0,2.44,10.0
332300.0,4264450.0,510.0,2.44,10.0
332300.0,4264550.0,510.0,2.45,10.0
332300.0,4264650.0,510.0,2.46,10.0
332300.0,4264750.0,510.0,2.47,10.0
332300.0,4264850.0,510.0,2.48,10.0
332300.0,4264950.0,510.0,2.48,10.0
332300.0,4265050.0,510.0,2.48,10.0
332300.0,4265150.0,510.0,2.49,10.0
332400.0,4259950.0,510.0,2.25,10.0
332400.0,4260050.0,510.0,2.25,10.0
332400.0,4260150.0,510.0,2.25,10.0
332400.0,4260250.0,510.0,2.25,10.0
332400.0,4260350.0,510.0,2.25,10.0
332400.0,4260450.0,510.0,2.25,10.0
332400.0,4260550.0,510.0,2.25,10.0
332400.0,4260650.0,510.0,2.25,10.0
332400.0,4260750.0,510.0,2.25,10.0
332400.0,4260850.0,510.0,2.26,10.0
332400.0,4260950.0,510.0,2.27,10.0
332400.0,4261050.0,510.0,2.27,10.0
332400.0,4261150.0,510.0,2.28,10.0
332400.0,4261250.0,510.0,2.28,10.0
332400.0,4261350.0,510.0,2.29,10.0
332400.0,4261450.0,510.0,2.29,10.0
332400.0,4261550.0,510.0,2.29,10.0
332400.0,4261650.0,510.0,2.29,10.0
332400.0,4261750.0,510.0,2.29,10.0
332400.0,4261850.0,510.0,2.29,10.0
332400.0,4261950.0,510.0,2.3,10.0
332400.0,4262050.0,510.0,2.31,10.0
332400.0,4262150.0,510.0,2.33,10.0
332400.0,4262250.0,510.0,2.38,10.0
332400.0,4262350.0,510.0,2.41,10.0
332400.0,4262450.0,510.0,2.42,10.0
332400.0,4262550.0,510.0,2.42,10.0
332400.0,4262650.0,510.0,2.42,10.0
332400.0,4262750.0,510.0,2.42,10.0
332400.0,4262850.0,510.0,2.42,10.0
332400.0,4262950.0,510.0,2.42,10.0
332400.0,4263050.0,510.0,2.42,10.0
332400.0,4263150.0,510.0,2.42,10.0
332400.0,4263250.0,510.0,2.42,10.0
332400.0,4263350.0,510.0,2.42,10.0
332400.0,4263450.0,510.0,2.42,10.0
332400.0,4263550.0,510.0,2.42,10.0
332400.0,4263650.0,510.0,2.42,10.0
332400.0,4263750.0,510.0,2.42,10.0
332400.0,4263850.0,510.0,2.42,10.0
332400.0,4263950.0,510.0,2.43,10.0
332400.0,4264050.0,510.0,2.43,10.0
332400.0,4264150.0,510.0,2.43,10.0
332400.0,4264250.0,510.0,2.44,10.0
332400.0,4264350.0,510.0,2.45,10.0
332400.0,4264450.0,510.0,2.46,10.0
332400.0,4264550.0,510.0,2.47,10.0
332400.0,4264650.0,510.0,2.48,10.0
332400.0,4264750.0,510.0,2.48,10.0
332400.0,4264850.0,510.0,2.49,10.0
332400.0,4264950.0,510.0,2.49,10.0
332400.0,4265050.0,510.0,2.49,10.0
332400.0,4265150.0,510.0,2.49,10.0
332500.0,4259950.0,510.0,2.25,10.0
332500.0,4260050.0,510.0,2.25,10.0
332500.0,4260150.0,510.0,2.25,10.0
332500.0,4260250.0,510.0,2.24,10.0
332500.0,4260350.0,510.0,2.24,10.0
332500.0,4260450.0,510.0,2.25,10.0
332500.0,4260550.0,510.0,2.25,10.0
332500.0,4260650.0,510.0,2.25,10.0
332500.0,4260750.0,510.0,2.25,10.0
332500.0,4260850.0,510.0,2.26,10.0
332500.0,4260950.0,510.0,2.27,10.0
332500.0,4261050.0,510.0,2.27,10.0
332500.0,4261150.0,510.0,2.28,10.0
332500.0,4261250.0,510.0,2.29,10.0
332500.0,4261350.0,510.0,2.29,10.0
332500.0,4261450.0,510.0,2.3,10.0
332500.0,4261550.0,510.0,2.3,10.0
332500.0,4261650.0,510.0,2.3,10.0
332500.0,4261750.0,510.0,2.3,10.0
332500.0,4261850.0,510.0,2.3,10.0
332500.0,4261950.0,510.0,2.31,10.0
332500.0,4262050.0,510.0,2.32,10.0
332500.0,4262150.0,510.0,2.36,10.0
332500.0,4262250.0,510.0,2.4,10.0
332500.0,4262350.0,510.0,2.42,10.0
332500.0,4262450.0,510.0,2.42,10.0
332500.0,4262550.0,510.0,2.42,10.0
332500.0,4262650.0,510.0,2.42,10.0
332500.0,4262750.0,510.0,2.42,10.0
332500.0,4262850.0,510.0,2.42,10.0
332500.0,4262950.0,510.0,2.42,10.0
332500.0,4263050.0,510.0,2.42,10.0
332500.0,4263150.0,510.0,2.42,10.0
332500.0,4263250.0,510.0,2.42,10.0
332500.0,4263350.0,510.0,2.42,10.0
332500.0,4263450.0,510.0,2.42,10.0
332500.0,4263550.0,510.0,2.42,10.0
332500.0,4263650.0,510.0,2.42,10.0
332500.0,4263750.0,510.0,2.42,10.0
332500.0,4263850.0,510.0,2.43,10.0
332500.0,4263950.0,510.0,2.43,10.0
332500.0,4264050.0,510.0,2.43,10.0
332500.0,4264150.0,510.0,2.44,10.0
332500.0,4264250.0,510.0,2.45,10.0
332500.0,4264350.0,510.0,2.46,10.0
332500.0,4264450.0,510.0,2.47,10.0
332500.0,4264550.0,510.0,2.48,10.0
332500.0,4264650.0,510.0,2.48,10.0
332500.0,4264750.0,510.0,2.49,10.0
332500.0,4264850.0,510.0,2.49,10.0
332500.0,4264950.0,510.0,2.49,10.0
332500.0,4265050.0,510.0,2.49,10.0
332500.0,4265150.0,510.0,2.49,10.0
332600.0,4259950.0,510.0,2.25,10.0
332600.0,4260050.0,510.0,2.25,10.0
332600.0,4260150.0,510.0,2.25,10.0
332600.0,4260250.0,510.0,2.24,10.0
332600.0,4260350.0,510.0,2.24,10.0
332600.0,4260450.0,510.0,2.25,10.0
332600.0,4260550.0,510.0,2.25,10.0
332600.0,4260650.0,510.0,2.25,10.0
332600.0,4260750.0,510.0,2.25,10.0
332600.0,4260850.0,510.0,2.26,10.0
332600.0,4260950.0,510.0,2.27,10.0
332600.0,4261050.0,510.0,2.27,10.0
332600.0,4261150.0,510.0,2.28,10.0
332600.0,4261250.0,510.0,2.29,10.0
332600.0,4261350.0,510.0,2.3,10.0
332600.0,4261450.0,510.0,2.3,10.0
332600.0,4261550.0,510.0,2.3,10.0
332600.0,4261650.0,510.0,2.31,10.0
332600.0,4261750.0,510.0,2.31,10.0
332600.0,4261850.0,510.0,2.31,10.0
332600.0,4261950.0,510.0,2.32,10.0
332600.0,4262050.0,510.0,2.35,10.0
332600.0,4262150.0,510.0,2.39,10.0
332600.0,4262250.0,510.0,2.41,10.0
332600.0,4262350.0,510.0,2.42,10.0
332600.0,4262450.0,510.0,2.42,10.0
332600.0,4262550.0,510.0,2.42,10.0
332600.0,4262650.0,510.0,2.42,10.0
332600.0,4262750.0,510.0,2.42,10.0
332600.0,4262850.0,510.0,2.42,10.0
332600.0,4262950.0,510.0,2.42,10.0
332600.0,4263050.0,510.0,2.42,10.0
332600.0,4263150.0,510.0,2.42,10.0
332600.0,4263250.0,510.0,2.42,10.0
332600.0,4263350.0,510.0,2.42,10.0
332600.0,4263450.0,510.0,2.42,10.0
332600.0,4263550.0,510.0,2.42,10.0
332600.0,4263650.0,510.0,2.42,10.0
332600.0,4263750.0,510.0,2.43,10.0
332600.0,4263850.0,510.0,2.43,10.0
332600.0,4263950.0,510.0,2.43,10.0
332600.0,4264050.0,510.0,2.44,10.0
332600.0,4264150.0,510.0,2.45,10.0
332600.0,4264250.0,510.0,2.46,10.0
332600.0,4264350.0,510.0,2.47,10.0
332600.0,4264450.0,510.0,2.48,10.0
332600.0,4264550.0,510.0,2.48,10.0
332600.0,4264650.0,510.0,2.49,10.0
332600.0,4264750.0,510.0,2.49,10.0
332600.0,4264850.0,510.0,2.49,10.0
332600.0,4264950.0,510.0,2.49,10.0
332600.0,4265050.0,510.0,2.49,10.0
332600.0,4265150.0,510.0,2.49,10.0
332700.0,4259950.0,510.0,2.25,10.0
332700.0,4260050.0,510.0,2.25,10.0
332700.0,4260150.0,510.0,2.25,10.0
332700.0,4260250.0,510.0,2.24,10.0
332700.0,4260350.0,510.0,2.24,10.0
332700.0,4260450.0,510.0,2.24,10.0
332700.0,4260550.0,510.0,2.25,10.0
332700.0,4260650.0,510.0,2.25,10.0
332700.0,4260750.0,510.0,2.25,10.0
332700.0,4260850.0,510.0,2.26,10.0
332700.0,4260950.0,510.0,2.27,10.0
332700.0,4261050.0,510.0,2.27,10.0
332700.0,4261150.0,510.0,2.28,10.0
332700.0,4261250.0,510.0,2.29,10.0
332700.0,4261350.0,510.0,2.3,10.0
332700.0,4261450.0,510.0,2.31,10.0
332700.0,4261550.0,510.0,2.32,10.0
332700.0,4261650.0,510.0,2.32,10.0
332700.0,4261750.0,510.0,2.32,10.0
332700.0,4261850.0,510.0,2.33,10.0
332700.0,4261950.0,510.0,2.35,10.0
332700.0,4262050.0,510.0,2.38,10.0
332700.0,4262150.0,510.0,2.41,10.0
332700.0,4262250.0,510.0,2.42,10.0
332700.0,4262350.0,510.0,2.42,10.0
332700.0,4262450.0,510.0,2.42,10.0
332700.0,4262550.0,510.0,2.42,10.0
332700.0,4262650.0,510.0,2.42,10.0
332700.0,4262750.0,510.0,2.42,10.0
332700.0,4262850.0,510.0,2.42,10.0
332700.0,4262950.0,510.0,2.42,10.0
332700.0,4263050.0,510.0,2.42,10.0
332700.0,4263150.0,510.0,2.42,10.0
332700.0,4263250.0,510.0,2.42,10.0
332700.0,4263350.0,510.0,2.42,10.0
332700.0,4263450.0,510.0,2.42,10.0
332700.0,4263550.0,510.0,2.42,10.0
332700.0,4263650.0,510.0,2.42,10.0
332700.0,4263750.0,510.0,2.43,10.0
332700.0,4263850.0,510.0,2.43,10.0
332700.0,4263950.0,510.0,2.43,10.0
332700.0,4264050.0,510.0,2.44,10.0
332700.0,4264150.0,510.0,2.45,10.0
332700.0,4264250.0,510.0,2.46,10.0
332700.0,4264350.0,510.0,2.47,10.0
332700.0,4264450.0,510.0,2.48,10.0
332700.0,4264550.0,510.0,2.48,10.0
332700.0,4264650.0,510.0,2.49,10.0
332700.0,4264750.0,510.0,2.49,10.0
332700.0,4264850.0,510.0,2.49,10.0
332700.0,4264950.0,510.0,2.49,10.0
332700.0,4265050.0,510.0,2.49,10.0
332700.0,4265150.0,510.0,2.49,10.0
332800.0,4259950.0,510.0,2.25,10.0
332800.0,4260050.0,510.0,2.25,10.0
332800.0,4260150.0,510.0,2.25,10.0
332800.0,4260250.0,510.0,2.24,10.0
332800.0,4260350.0,510.0,2.24,10.0
332800.0,4260450.0,510.0,2.24,10.0
332800.0,4260550.0,510.0,2.25,10.0
332800.0,4260650.0,510.0,2.25,10.0
332800.0,4260750.0,510.0,2.25,10.0
332800.0,4260850.0,510.0,2.26,10.0
332800.0,4260950.0,510.0,2.27,10.0
332800.0,4261050.0,510.0,2.27,10.0
332800.0,4261150.0,510.0,2.29,10.0
332800.0,4261250.0,510.0,2.3,10.0
332800.0,4261350.0,510.0,2.31,10.0
332800.0,4261450.0,510.0,2.32,10.0
332800.0,4261550.0,510.0,2.33,10.0
332800.0,4261650.0,510.0,2.34,10.0
332800.0,4261750.0,510.0,2.35,10.0
332800.0,4261850.0,510.0,2.36,10.0
332800.0,4261950.0,510.0,2.38,10.0
332800.0,4262050.0,510.0,2.4,10.0
332800.0,4262150.0,510.0,2.41,10.0
332800.0,4262250.0,510.0,2.42,10.0
332800.0,4262350.0,510.0,2.42,10.0
332800.0,4262450.0,510.0,2.42,10.0
332800.0,4262550.0,510.0,2.42,10.0
332800.0,4262650.0,510.0,2.42,10.0
332800.0,4262750.0,510.0,2.42,10.0
332800.0,4262850.0,510.0,2.42,10.0
332800.0,4262950.0,510.0,2.42,10.0
332800.0,4263050.0,510.0,2.42,10.0
332800.0,4263150.0,510.0,2.42,10.0
332800.0,4263250.0,510.0,2.42,10.0
332800.0,4263350.0,510.0,2.42,10.0
332800.0,4263450.0,510.0,2.42,10.0
332800.0,4263550.0,510.0,2.42,10.0
332800.0,4263650.0,510.0,2.43,10.0
332800.0,4263750.0,510.0,2.43,10.0
332800.0,4263850.0,510.0,2.43,10.0
332800.0,4263950.0,510.0,2.44,10.0
332800.0,4264050.0,510.0,2.45,10.0
332800.0,4264150.0,510.0,2.46,10.0
332800.0,4264250.0,510.0,2.47,10.0
332800.0,4264350.0,510.0,2.47,10.0
332800.0,4264450.0,510.0,2.48,10.0
332800.0,4264550.0,510.0,2.48,10.0
332800.0,4264650.0,510.0,2.49,10.0
332800.0,4264750.0,510.0,2.49,10.0
332800.0,4264850.0,510.0,2.49,10.0
332800.0,4264950.0,510.0,2.49,10.0
332800.0,4265050.0,510.0,2.49,10.0
332800.0,4265150.0,510.0,2.49,10.0
332900.0,4259950.0,510.0,2.25,10.0
332900.0,4260050.0,510.0,2.25,10.0
332900.0,4260150.0,510.0,2.25,10.0
332900.0,4260250.0,510.0,2.24,10.0
332900.0,4260350.0,510.0,2.24,10.0
332900.0,4260450.0,510.0,2.24,10.0
332900.0,4260550.0,510.0,2.25,10.0
332900.0,4260650.0,510.0,2.25,10.0
332900.0,4260750.0,510.0,2.25,10.0
332900.0,4260850.0,510.0,2.26,10.0
332900.0,4260950.0,510.0,2.27,10.0
332900.0,4261050.0,510.0,2.28,10.0
332900.0,4261150.0,510.0,2.29,10.0
332900.0,4261250.0,510.0,2.31,10.0
332900.0,4261350.0,510.0,2.32,10.0
332900.0,4261450.0,510.0,2.34,10.0
332900.0,4261550.0,510.0,2.35,10.0
332900.0,4261650.0,510.0,2.36,10.0
332900.0,4261750.0,510.0,2.37,10.0
332900.0,4261850.0,510.0,2.39,10.0
332900.0,4261950.0,510.0,2.4,10.0
332900.0,4262050.0,510.0,2.41,10.0
332900.0,4262150.0,510.0,2.42,10.0
332900.0,4262250.0,510.0,2.42,10.0
332900.0,4262350.0,510.0,2.42,10.0
332900.0,4262450.0,510.0,2.42,10.0
332900.0,4262550.0,510.0,2.42,10.0
332900.0,4262650.0,510.0,2.42,10.0
332900.0,4262750.0,510.0,2.42,10.0
332900.0,4262850.0,510.0,2.42,10.0
332900.0,4262950.0,510.0,2.42,10.0
332900.0,4263050.0,510.0,2.42,10.0
332900.0,4263150.0,510.0,2.42,10.0
332900.0,4263250.0,510.0,2.42,10.0
332900.0,4263350.0,510.0,2.42,10.0
332900.0,4263450.0,510.0,2.42,10.0
332900.0,4263550.0,510.0,2.42,10.0
332900.0,4263650.0,510.0,2.43,10.0
332900.0,4263750.0,510.0,2.43,10.0
332900.0,4263850.0,510.0,2.43,10.0
332900.0,4263950.0,510.0,2.44,10.0
332900.0,4264050.0,510.0,2.45,10.0
332900.0,4264150.0,510.0,2.46,10.0
332900.0,4264250.0,510.0,2.47,10.0
332900.0,4264350.0,510.0,2.47,10.0
332900.0,4264450.0,510.0,2.48,10.0
332900.0,4264550.0,510.0,2.48,10.0
332900.0,4264650.0,510.0,2.48,10.0
332900.0,4264750.0,510.0,2.49,10.0
332900.0,4264850.0,510.0,2.49,10.0
332900.0,4264950.0,510.0,2.49,10.0
332900.0,4265050.0,510.0,2.49,10.0
332900.0,4265150.0,510.0,2.49,10.0
333000.0,4259950.0,510.0,2.25,10.0
333000.0,4260050.0,510.0,2.25,10.0
333000.0,4260150.0,510.0,2.25,10.0
333000.0,4260250.0,510.0,2.24,10.0
333000.0,4260350.0,510.0,2.24,10.0
333000.0,4260450.0,510.0,2.24,10.0
333000.0,4260550.0,510.0,2.25,10.0
333000.0,4260650.0,510.0,2.25,10.0
333000.0,4260750.0,510.0,2.25,10.0
333000.0,4260850.0,510.0,2.26,10.0
333000.0,4260950.0,510.0,2.27,10.0
333000.0,4261050.0,510.0,2.28,10.0
333000.0,4261150.0,510.0,2.3,10.0
333000.0,4261250.0,510.0,2.32,10.0
333000.0,4261350.0,510.0,2.34,10.0
333000.0,4261450.0,510.0,2.36,10.0
333000.0,4261550.0,510.0,2.37,10.0
333000.0,4261650.0,510.0,2.38,10.0
333000.0,4261750.0,510.0,2.39,10.0
333000.0,4261850.0,510.0,2.4,10.0
333000.0,4261950.0,510.0,2.41,10.0
333000.0,4262050.0,510.0,2.41,10.0
333000.0,4262150.0,510.0,2.42,10.0
333000.0,4262250.0,510.0,2.42,10.0
333000.0,4262350.0,510.0,2.42,10.0
333000.0,4262450.0,510.0,2.42,10.0
333000.0,4262550.0,510.0,2.42,10.0
333000.0,4262650.0,510.0,2.42,10.0
333000.0,4262750.0,510.0,2.42,10.0
333000.0,4262850.0,510.0,2.42,10.0
333000.0,4262950.0,510.0,2.42,10.0
333000.0,4263050.0,510.0,2.42,10.0
333000.0,4263150.0,510.0,2.42,10.0
333000.0,4263250.0,510.0,2.42,10.0
333000.0,4263350.0,510.0,2.42,10.0
333000.0,4263450.0,510.0,2.42,10.0
333000.0,4263550.0,510.0,2.43,10.0
333000.0,4263650.0,510.0,2.43,10.0
333000.0,4263750.0,510.0,2.43,10.0
333000.0,4263850.0,510.0,2.44,10.0
333000.0,4263950.0,510.0,2.44,10.0
333000.0,4264050.0,510.0,2.45,10.0
333000.0,4264150.0,510.0,2.46,10.0
333000.0,4264250.0,510.0,2.46,10.0
333000.0,4264350.0,510.0,2.47,10.0
333000.0,4264450.0,510.0,2.48,10.0
333000.0,4264550.0,510.0,2.48,10.0
333000.0,4264650.0,510.0,2.48,10.0
333000.0,4264750.0,510.0,2.48,10.0
333000.0,4264850.0,510.0,2.48,10.0
333000.0,4264950.0,510.0,2.48,10.0
333000.0,4265050.0,510.0,2.48,10.0
333000.0,4265150.0,510.0,2.49,10.0
333100.0,4259950.0,510.0,2.25,10.0
333100.0,4260050.0,510.0,2.25,10.0
333100.0,4260150.0,510.0,2.25,10.0
333100.0,4260250.0,510.0,2.24,10.0
333100.0,4260350.0,510.0,2.24,10.0
333100.0,4260450.0,510.0,2.24,10.0
333100.0,4260550.0,510.0,2.25,10.0
333100.0,4260650.0,510.0,2.25,10.0
333100.0,4260750.0,510.0,2.25,10.0
333100.0,4260850.0,510.0,2.26,10.0
333100.0,4260950.0,510.0,2.27,10.0
333100.0,4261050.0,510.0,2.28,10.0
333100.0,4261150.0,510.0,2.3,10.0
333100.0,4261250.0,510.0,2.33,10.0
333100.0,4261350.0,510.0,2.36,10.0
333100.0,4261450.0,510.0,2.38,10.0
333100.0,4261550.0,510.0,2.39,10.0
333100.0,4261650.0,510.0,2.4,10.0
333100.0,4261750.0,510.0,2.4,10.0
333100.0,4261850.0,510.0,2.41,10.0
333100.0,4261950.0,510.0,2.41,10.0
333100.0,4262050.0,510.0,2.42,10.0
333100.0,4262150.0,510.0,2.42,10.0
333100.0,4262250.0,510.0,2.42,10.0
333100.0,4262350.0,510.0,2.42,10.0
333100.0,4262450.0,510.0,2.42,10.0
333100.0,4262550.0,510.0,2.42,10.0
333100.0,4262650.0,510.0,2.42,10.0
333100.0,4262750.0,510.0,2.42,10.0
333100.0,4262850.0,510.0,2.42,10.0
333100.0,4262950.0,510.0,2.42,10.0
333100.0,4263050.0,510.0,2.42,10.0
333100.0,4263150.0,510.0,2.42,10.0
333100.0,4263250.0,510.0,2.42,10.0
333100.0,4263350.0,510.0,2.42,10.0
333100.0,4263450.0,510.0,2.42,10.0
333100.0,4263550.0,510.0,2.43,10.0
333100.0,4263650.0,510.0,2.43,10.0
333100.0,4263750.0,510.0,2.43,10.0
333100.0,4263850.0,510.0,2.44,10.0
333100.0,4263950.0,510.0,2.44,10.0
333100.0,4264050.0,510.0,2.45,10.0
333100.0,4264150.0,510.0,2.46,10.0
333100.0,4264250.0,510.0,2.46,10.0
333100.0,4264350.0,510.0,2.47,10.0
333100.0,4264450.0,510.0,2.47,10.0
333100.0,4264550.0,510.0,2.47,10.0
333100.0,4264650.0,510.0,2.48,10.0
333100.0,4264750.0,510.0,2.48,10.0
333100.0,4264850.0,510.0,2.48,10.0
333100.0,4264950.0,510.0,2.48,10.0
333100.0,4265050.0,510.0,2.48,10.0
333100.0,4265150.0,510.0,2.48,10.0
333200.0,4259950.0,510.0,2.25,10.0
333200.0,4260050.0,510.0,2.25,10.0
333200.0,4260150.0,510.0,2.25,10.0
333200.0,4260250.0,510.0,2.25,10.0
333200.0,4260350.0,510.0,2.24,10.0
333200.0,4260450.0,510.0,2.25,10.0
333200.0,4260550.0,510.0,2.25,10.0
333200.0,4260650.0,510.0,2.25,10.0
333200.0,4260750.0,510.0,2.25,10.0
333200.0,4260850.0,510.0,2.26,10.0
333200.0,4260950.0,510.0,2.27,10.0
333200.0,4261050.0,510.0,2.29,10.0
333200.0,4261150.0,510.0,2.32,10.0
333200.0,4261250.0,510.0,2.35,10.0
333200.0,4261350.0,510.0,2.37,10.0
333200.0,4261450.0,510.0,2.39,10.0
333200.0,4261550.0,510.0,2.4,10.0
333200.0,4261650.0,510.0,2.4,10.0
333200.0,4261750.0,510.0,2.41,10.0
333200.0,4261850.0,510.0,2.41,10.0
333200.0,4261950.0,510.0,2.41,10.0
333200.0,4262050.0,510.0,2.42,10.0
333200.0,4262150.0,510.0,2.42,10.0
333200.0,4262250.0,510.0,2.42,10.0
333200.0,4262350.0,510.0,2.42,10.0
333200.0,4262450.0,510.0,2.42,10.0
333200.0,4262550.0,510.0,2.42,10.0
333200.0,4262650.0,510.0,2.42,10.0
333200.0,4262750.0,510.0,2.42,10.0
333200.0,4262850.0,510.0,2.42,10.0
333200.0,4262950.0,510.0,2.42,10.0
333200.0,4263050.0,510.0,2.42,10.0
333200.0,4263150.0,510.0,2.42,10.0
333200.0,4263250.0,510.0,2.42,10.0
333200.0,4263350.0,510.0,2.42,10.0
333200.0,4263450.0,510.0,2.42,10.0
333200.0,4263550.0,510.0,2.43,10.0
333200.0,4263650.0,510.0,2.43,10.0
333200.0,4263750.0,510.0,2.43,10.0
333200.0,4263850.0,510.0,2.44,10.0
333200.0,4263950.0,510.0,2.44,10.0
333200.0,4264050.0,510.0,2.45,10.0
333200.0,4264150.0,510.0,2.45,10.0
333200.0,4264250.0,510.0,2.46,10.0
333200.0,4264350.0,510.0,2.46,10.0
333200.0,4264450.0,510.0,2.47,10.0
333200.0,4264550.0,510.0,2.47,10.0
333200.0,4264650.0,510.0,2.47,10.0
333200.0,4264750.0,510.0,2.47,10.0
333200.0,4264850.0,510.0,2.47,10.0
333200.0,4264950.0,510.0,2.47,10.0
333200.0,4265050.0,510.0,2.48,10.0
333200.0,4265150.0,510.0,2.48,10.0
333300.0,4259950.0,510.0,2.25,10.0
333300.0,4260050.0,510.0,2.25,10.0
333300.0,4260150.0,510.0,2.25,10.0
333300.0,4260250.0,510.0,2.25,10.0
333300.0,4260350.0,510.0,2.25,10.0
333300.0,4260450.0,510.0,2.25,10.0
333300.0,4260550.0,510.0,2.25,10.0
333300.0,4260650.0,510.0,2.25,10.0
333300.0,4260750.0,510.0,2.26,10.0
333300.0,4260850.0,510.0,2.26,10.0
333300.0,4260950.0,510.0,2.27,10.0
333300.0,4261050.0,510.0,2.3,10.0
333300.0,4261150.0,510.0,2.33,10.0
333300.0,4261250.0,510.0,2.36,10.0
333300.0,4261350.0,510.0,2.39,10.0
333300.0,4261450.0,510.0,2.4,10.0
333300.0,4261550.0,510.0,2.41,10.0
333300.0,4261650.0,510.0,2.41,10.0
333300.0,4261750.0,510.0,2.41,10.0
333300.0,4261850.0,510.0,2.41,10.0
333300.0,4261950.0,510.0,2.42,10.0
333300.0,4262050.0,510.0,2.42,10.0
333300.0,4262150.0,510.0,2.42,10.0
333300.0,4262250.0,510.0,2.42,10.0
333300.0,4262350.0,510.0,2.42,10.0
333300.0,4262450.0,510.0,2.42,10.0
333300.0,4262550.0,510.0,2.42,10.0
333300.0,4262650.0,510.0,2.42,10.0
333300.0,4262750.0,510.0,2.42,10.0
333300.0,4262850.0,510.0,2.42,10.0
333300.0,4262950.0,510.0,2.42,10.0
333300.0,4263050.0,510.0,2.42,10.0
333300.0,4263150.0,510.0,2.42,10.0
333300.0,4263250.0,510.0,2.42,10.0
333300.0,4263350.0,510.0,2.42,10.0
333300.0,4263450.0,510.0,2.42,10.0
333300.0,4263550.0,510.0,2.43,10.0
333300.0,4263650.0,510.0,2.43,10.0
333300.0,4263750.0,510.0,2.43,10.0
333300.0,4263850.0,510.0,2.44,10.0
333300.0,4263950.0,510.0,2.44,10.0
333300.0,4264050.0,510.0,2.45,10.0
333300.0,4264150.0,510.0,2.45,10.0
333300.0,4264250.0,510.0,2.45,10.0
333300.0,4264350.0,510.0,2.46,10.0
333300.0,4264450.0,510.0,2.46,10.0
333300.0,4264550.0,510.0,2.46,10.0
333300.0,4264650.0,510.0,2.46,10.0
333300.0,4264750.0,510.0,2.47,10.0
333300.0,4264850.0,510.0,2.47,10.0
333300.0,4264950.0,510.0,2.47,10.0
333300.0,4265050.0,510.0,2.47,10.0
333300.0,4265150.0,510.0,2.47,10.0
333400.0,4259950.0,510.0,2.26,10.0
333400.0,4260050.0,510.0,2.25,10.0
333400.0,4260150.0,510.0,2.25,10.0
333400.0,4260250.0,510.0,2.25,10.0
333400.0,4260350.0,510.0,2.25,10.0
333400.0,4260450.0,510.0,2.25,10.0
333400.0,4260550.0,510.0,2.25,10.0
333400.0,4260650.0,510.0,2.25,10.0
333400.0,4260750.0,510.0,2.26,10.0
333400.0,4260850.0,510.0,2.27,10.0
333400.0,4260950.0,510.0,2.28,10.0
333400.0,4261050.0,510.0,2.31,10.0
333400.0,4261150.0,510.0,2.34,10.0
333400.0,4261250.0,510.0,2.38,10.0
333400.0,4261350.0,510.0,2.4,10.0
333400.0,4261450.0,510.0,2.41,10.0
333400.0,4261550.0,510.0,2.41,10.0
333400.0,4261650.0,510.0,2.41,10.0
333400.0,4261750.0,510.0,2.41,10.0
333400.0,4261850.0,510.0,2.41,10.0
333400.0,4261950.0,510.0,2.42,10.0
333400.0,4262050.0,510.0,2.42,10.0
333400.0,4262150.0,510.0,2.42,10.0
333400.0,4262250.0,510.0,2.42,10.0
333400.0,4262350.0,510.0,2.42,10.0
333400.0,4262450.0,510.0,2.42,10.0
333400.0,4262550.0,510.0,2.42,10.0
333400.0,4262650.0,510.0,2.42,10.0
333400.0,4262750.0,510.0,2.42,10.0
333400.0,4262850.0,510.0,2.42,10.0
333400.0,4262950.0,510.0,2.42,10.0
333400.0,4263050.0,510.0,2.42,10.0
333400.0,4263150.0,510.0,2.42,10.0
333400.0,4263250.0,510.0,2.42,10.0
333400.0,4263350.0,510.0,2.42,10.0
333400.0,4263450.0,510.0,2.42,10.0
333400.0,4263550.0,510.0,2.43,10.0
333400.0,4263650.0,510.0,2.43,10.0
333400.0,4263750.0,510.0,2.43,10.0
333400.0,4263850.0,510.0,2.43,10.0
333400.0,4263950.0,510.0,2.44,10.0
333400.0,4264050.0,510.0,2.44,10.0
333400.0,4264150.0,510.0,2.44,10.0
333400.0,4264250.0,510.0,2.45,10.0
333400.0,4264350.0,510.0,2.45,10.0
333400.0,4264450.0,510.0,2.45,10.0
333400.0,4264550.0,510.0,2.45,10.0
333400.0,4264650.0,510.0,2.46,10.0
333400.0,4264750.0,510.0,2.46,10.0
333400.0,4264850.0,510.0,2.46,10.0
333400.0,4264950.0,510.0,2.46,10.0
333400.0,4265050.0,510.0,2.46,10.0
333400.0,4265150.0,510.0,2.46,10.0
333500.0,4259950.0,510.0,2.26,10.0
333500.0,4260050.0,510.0,2.25,10.0
333500.0,4260150.0,510.0,2.25,10.0
333500.0,4260250.0,510.0,2.25,10.0
333500.0,4260350.0,510.0,2.25,10.0
333500.0,4260450.0,510.0,2.25,10.0
333500.0,4260550.0,510.0,2.25,10.0
333500.0,4260650.0,510.0,2.25,10.0
333500.0,4260750.0,510.0,2.26,10.0
333500.0,4260850.0,510.0,2.27,10.0
333500.0,4260950.0,510.0,2.29,10.0
333500.0,4261050.0,510.0,2.32,10.0
333500.0,4261150.0,510.0,2.36,10.0
333500.0,4261250.0,510.0,2.39,10.0
333500.0,4261350.0,510.0,2.4,10.0
333500.0,4261450.0,510.0,2.41,10.0
333500.0,4261550.0,510.0,2.41,10.0
333500.0,4261650.0,510.0,2.41,10.0
333500.0,4261750.0,510.0,2.41,10.0
333500.0,4261850.0,510.0,2.41,10.0
333500.0,4261950.0,510.0,2.42,10.0
333500.0,4262050.0,510.0,2.42,10.0
333500.0,4262150.0,510.0,2.42,10.0
333500.0,4262250.0,510.0,2.42,10.0
333500.0,4262350.0,510.0,2.42,10.0
333500.0,4262450.0,510.0,2.42,10.0
333500.0,4262550.0,510.0,2.42,10.0
333500.0,4262650.0,510.0,2.42,10.0
333500.0,4262750.0,510.0,2.42,10.0
333500.0,4262850.0,510.0,2.42,10.0
333500.0,4262950.0,510.0,2.42,10.0
333500.0,4263050.0,510.0,2.42,10.0
333500.0,4263150.0,510.0,2.42,10.0
333500.0,4263250.0,510.0,2.42,10.0
333500.0,4263350.0,510.0,2.42,10.0
333500.0,4263450.0,510.0,2.42,10.0
333500.0,4263550.0,510.0,2.43,10.0
333500.0,4263650.0,510.0,2.43,10.0
333500.0,4263750.0,510.0,2.43,10.0
333500.0,4263850.0,510.0,2.43,10.0
333500.0,4263950.0,510.0,2.43,10.0
333500.0,4264050.0,510.0,2.44,10.0
333500.0,4264150.0,510.0,2.44,10.0
333500.0,4264250.0,510.0,2.44,10.0
333500.0,4264350.0,510.0,2.44,10.0
333500.0,4264450.0,510.0,2.44,10.0
333500.0,4264550.0,510.0,2.45,10.0
333500.0,4264650.0,510.0,2.45,10.0
333500.0,4264750.0,510.0,2.45,10.0
333500.0,4264850.0,510.0,2.45,10.0
333500.0,4264950.0,510.0,2.45,10.0
333500.0,4265050.0,510.0,2.45,10.0
333500.0,4265150.0,510.0,2.46,10.0
333600.0,4259950.0,510.0,2.26,10.0
333600.0,4260050.0,510.0,2.26,10.0
333600.0,4260150.0,510.0,2.26,10.0
333600.0,4260250.0,510.0,2.25,10.0
333600.0,4260350.0,510.0,2.25,10.0
333600.0,4260450.0,510.0,2.25,10.0
333600.0,4260550.0,510.0,2.25,10.0
333600.0,4260650.0,510.0,2.26,10.0
333600.0,4260750.0,510.0,2.26,10.0
333600.0,4260850.0,510.0,2.28,10.0
333600.0,4260950.0,510.0,2.3,10.0
333600.0,4261050.0,510.0,2.34,10.0
333600.0,4261150.0,510.0,2.37,10.0
333600.0,4261250.0,510.0,2.4,10.0
333600.0,4261350.0,510.0,2.41,10.0
333600.0,4261450.0,510.0,2.41,10.0
333600.0,4261550.0,510.0,2.41,10.0
333600.0,4261650.0,510.0,2.41,10.0
333600.0,4261750.0,510.0,2.41,10.0
333600.0,4261850.0,510.0,2.42,10.0
333600.0,4261950.0,510.0,2.42,10.0
333600.0,4262050.0,510.0,2.42,10.0
333600.0,4262150.0,510.0,2.42,10.0
333600.0,4262250.0,510.0,2.42,10.0
333600.0,4262350.0,510.0,2.42,10.0
333600.0,4262450.0,510.0,2.42,10.0
333600.0,4262550.0,510.0,2.42,10.0
333600.0,4262650.0,510.0,2.42,10.0
333600.0,4262750.0,510.0,2.42,10.0
333600.0,4262850.0,510.0,2.42,10.0
333600.0,4262950.0,510.0,2.42,10.0
333600.0,4263050.0,510.0,2.42,10.0
333600.0,4263150.0,510.0,2.42,10.0
333600.0,4263250.0,510.0,2.42,10.0
333600.0,4263350.0,510.0,2.42,10.0
333600.0,4263450.0,510.0,2.42,10.0
333600.0,4263550.0,510.0,2.42,10.0
333600.0,4263650.0,510.0,2.43,10.0
333600.0,4263750.0,510.0,2.43,10.0
333600.0,4263850.0,510.0,2.43,10.0
333600.0,4263950.0,510.0,2.43,10.0
333600.0,4264050.0,510.0,2.43,10.0
333600.0,4264150.0,510.0,2.43,10.0
333600.0,4264250.0,510.0,2.43,10.0
333600.0,4264350.0,510.0,2.44,10.0
333600.0,4264450.0,510.0,2.44,10.0
333600.0,4264550.0,510.0,2.44,10.0
333600.0,4264650.0,510.0,2.44,10.0
333600.0,4264750.0,510.0,2.44,10.0
333600.0,4264850.0,510.0,2.44,10.0
333600.0,4264950.0,510.0,2.45,10.0
333600.0,4265050.0,510.0,2.45,10.0
333600.0,4265150.0,510.0,2.45,10.0
333700.0,4259950.0,510.0,2.27,10.0
333700.0,4260050.0,510.0,2.26,10.0
333700.0,4260150.0,510.0,2.26,10.0
333700.0,4260250.0,510.0,2.26,10.0
333700.0,4260350.0,510.0,2.26,10.0
333700.0,4260450.0,510.0,2.26,10.0
333700.0,4260550.0,510.0,2.26,10.0
333700.0,4260650.0,510.0,2.26,10.0
333700.0,4260750.0,510.0,2.27,10.0
333700.0,4260850.0,510.0,2.29,10.0
333700.0,4260950.0,510.0,2.32,10.0
333700.0,4261050.0,510.0,2.36,10.0
333700.0,4261150.0,510.0,2.39,10.0
333700.0,4261250.0,510.0,2.4,10.0
333700.0,4261350.0,510.0,2.41,10.0
333700.0,4261450.0,510.0,2.41,10.0
333700.0,4261550.0,510.0,2.41,10.0
333700.0,4261650.0,510.0,2.41,10.0
333700.0,4261750.0,510.0,2.41,10.0
333700.0,4261850.0,510.0,2.42,10.0
333700.0,4261950.0,510.0,2.42,10.0
333700.0,4262050.0,510.0,2.42,10.0
333700.0,4262150.0,510.0,2.42,10.0
333700.0,4262250.0,510.0,2.42,10.0
333700.0,4262350.0,510.0,2.42,10.0
333700.0,4262450.0,510.0,2.42,10.0
333700.0,4262550.0,510.0,2.42,10.0
333700.0,4262650.0,510.0,2.42,10.0
333700.0,4262750.0,510.0,2.42,10.0
333700.0,4262850.0,510.0,2.42,10.0
333700.0,4262950.0,510.0,2.42,10.0
333700.0,4263050.0,510.0,2.42,10.0
333700.0,4263150.0,510.0,2.42,10.0
333700.0,4263250.0,510.0,2.42,10.0
333700.0,4263350.0,510.0,2.42,10.0
333700.0,4263450.0,510.0,2.42,10.0
333700.0,4263550.0,510.0,2.42,10.0
333700.0,4263650.0,510.0,2.43,10.0
333700.0,4263750.0,510.0,2.43,10.0
333700.0,4263850.0,510.0,2.43,10.0
333700.0,4263950.0,510.0,2.43,10.0
333700.0,4264050.0,510.0,2.43,10.0
333700.0,4264150.0,510.0,2.43,10.0
333700.0,4264250.0,510.0,2.43,10.0
333700.0,4264350.0,510.0,2.43,10.0
333700.0,4264450.0,510.0,2.43,10.0
333700.0,4264550.0,510.0,2.43,10.0
333700.0,4264650.0,510.0,2.43,10.0
333700.0,4264750.0,510.0,2.44,10.0
333700.0,4264850.0,510.0,2.44,10.0
333700.0,4264950.0,510.0,2.44,10.0
333700.0,4265050.0,510.0,2.44,10.0
333700.0,4265150.0,510.0,2.45,10.0
333800.0,4259950.0,510.0,2.28,10.0
333800.0,4260050.0,510.0,2.27,10.0
333800.0,4260150.0,510.0,2.27,10.0
333800.0,4260250.0,510.0,2.26,10.0
333800.0,4260350.0,510.0,2.26,10.0
333800.0,4260450.0,510.0,2.26,10.0
333800.0,4260550.0,510.0,2.26,10.0
333800.0,4260650.0,510.0,2.27,10.0
333800.0,4260750.0,510.0,2.28,10.0
333800.0,4260850.0,510.0,2.3,10.0
333800.0,4260950.0,510.0,2.34,10.0
333800.0,4261050.0,510.0,2.38,10.0
333800.0,4261150.0,510.0,2.4,10.0
333800.0,4261250.0,510.0,2.41,10.0
333800.0,4261350.0,510.0,2.41,10.0
333800.0,4261450.0,510.0,2.41,10.0
333800.0,4261550.0,510.0,2.41,10.0
333800.0,4261650.0,510.0,2.41,10.0
333800.0,4261750.0,510.0,2.41,10.0
333800.0,4261850.0,510.0,2.42,10.0
333800.0,4261950.0,510.0,2.42,10.0
333800.0,4262050.0,510.0,2.42,10.0
333800.0,4262150.0,510.0,2.42,10.0
333800.0,4262250.0,510.0,2.42,10.0
333800.0,4262350.0,510.0,2.42,10.0
333800.0,4262450.0,510.0,2.42,10.0
333800.0,4262550.0,510.0,2.42,10.0
333800.0,4262650.0,510.0,2.42,10.0
333800.0,4262750.0,510.0,2.42,10.0
333800.0,4262850.0,510.0,2.42,10.0
333800.0,4262950.0,510.0,2.42,10.0
333800.0,4263050.0,510.0,2.42,10.0
333800.0,4263150.0,510.0,2.42,10.0
333800.0,4263250.0,510.0,2.42,10.0
333800.0,4263350.0,510.0,2.42,10.0
333800.0,4263450.0,510.0,2.42,10.0
333800.0,4263550.0,510.0,2.42,10.0
333800.0,4263650.0,510.0,2.42,10.0
333800.0,4263750.0,510.0,2.43,10.0
333800.0,4263850.0,510.0,2.43,10.0
333800.0,4263950.0,510.0,2.43,10.0
333800.0,4264050.0,510.0,2.43,10.0
333800.0,4264150.0,510.0,2.43,10.0
333800.0,4264250.0,510.0,2.43,10.0
333800.0,4264350.0,510.0,2.43,10.0
333800.0,4264450.0,510.0,2.43,10.0
333800.0,4264550.0,510.0,2.43,10.0
333800.0,4264650.0,510.0,2.43,10.0
333800.0,4264750.0,510.0,2.43,10.0
333800.0,4264850.0,510.0,2.43,10.0
333800.0,4264950.0,510.0,2.43,10.0
333800.0,4265050.0,510.0,2.44,10.0
333800.0,4265150.0,510.0,2.44,10.0
333900.0,4259950.0,510.0,2.3,10.0
333900.0,4260050.0,510.0,2.29,10.0
333900.0,4260150.0,510.0,2.28,10.0
333900.0,4260250.0,510.0,2.27,10.0
333900.0,4260350.0,510.0,2.27,10.0
333900.0,4260450.0,510.0,2.27,10.0
333900.0,4260550.0,510.0,2.27,10.0
333900.0,4260650.0,510.0,2.28,10.0
333900.0,4260750.0,510.0,2.29,10.0
333900.0,4260850.0,510.0,2.33,10.0
333900.0,4260950.0,510.0,2.36,10.0
333900.0,4261050.0,510.0,2.39,10.0
333900.0,4261150.0,510.0,2.4,10.0
333900.0,4261250.0,510.0,2.41,10.0
333900.0,4261350.0,510.0,2.41,10.0
333900.0,4261450.0,510.0,2.41,10.0
333900.0,4261550.0,510.0,2.41,10.0
333900.0,4261650.0,510.0,2.41,10.0
333900.0,4261750.0,510.0,2.41,10.0
333900.0,4261850.0,510.0,2.42,10.0
333900.0,4261950.0,510.0,2.42,10.0
333900.0,4262050.0,510.0,2.42,10.0
333900.0,4262150.0,510.0,2.42,10.0
333900.0,4262250.0,510.0,2.42,10.0
333900.0,4262350.0,510.0,2.42,10.0
333900.0,4262450.0,510.0,2.42,10.0
333900.0,4262550.0,510.0,2.42,10.0
333900.0,4262650.0,510.0,2.42,10.0
333900.0,4262750.0,510.0,2.42,10.0
333900.0,4262850.0,510.0,2.42,10.0
333900.0,4262950.0,510.0,2.42,10.0
333900.0,4263050.0,510.0,2.42,10.0
333900.0,4263150.0,510.0,2.42,10.0
333900.0,4263250.0,510.0,2.42,10.0
333900.0,4263350.0,510.0,2.42,10.0
333900.0,4263450.0,510.0,2.42,10.0
333900.0,4263550.0,510.0,2.42,10.0
333900.0,4263650.0,510.0,2.42,10.0
333900.0,4263750.0,510.0,2.42,10.0
333900.0,4263850.0,510.0,2.42,10.0
333900.0,4263950.0,510.0,2.43,10.0
333900.0,4264050.0,510.0,2.43,10.0
333900.0,4264150.0,510.0,2.43,10.0
333900.0,4264250.0,510.0,2.43,10.0
333900.0,4264350.0,510.0,2.43,10.0
333900.0,4264450.0,510.0,2.43,10.0
333900.0,4264550.0,510.0,2.43,10.0
333900.0,4264650.0,510.0,2.43,10.0
333900.0,4264750.0,510.0,2.43,10.0
333900.0,4264850.0,510.0,2.43,10.0
333900.0,4264950.0,510.0,2.43,10.0
333900.0,4265050.0,510.0,2.43,10.0
333900.0,4265150.0,510.0,2.44,10.0
334000.0,4259950.0,510.0,2.32,10.0
334000.0,4260050.0,510.0,2.31,10.0
334000.0,4260150.0,510.0,2.29,10.0
334000.0,4260250.0,510.0,2.29,10.0
334000.0,4260350.0,510.0,2.29,10.0
334000.0,4260450.0,510.0,2.29,10.0
334000.0,4260550.0,510.0,2.29,10.0
334000.0,4260650.0,510.0,2.3,10.0
334000.0,4260750.0,510.0,2.32,10.0
334000.0,4260850.0,510.0,2.35,10.0
334000.0,4260950.0,510.0,2.38,10.0
334000.0,4261050.0,510.0,2.4,10.0
334000.0,4261150.0,510.0,2.41,10.0
334000.0,4261250.0,510.0,2.41,10.0
334000.0,4261350.0,510.0,2.41,10.0
334000.0,4261450.0,510.0,2.41,10.0
334000.0,4261550.0,510.0,2.41,10.0
334000.0,4261650.0,510.0,2.41,10.0
334000.0,4261750.0,510.0,2.41,10.0
334000.0,4261850.0,510.0,2.42,10.0
334000.0,4261950.0,510.0,2.42,10.0
334000.0,4262050.0,510.0,2.42,10.0
334000.0,4262150.0,510.0,2.42,10.0
334000.0,4262250.0,510.0,2.42,10.0
334000.0,4262350.0,510.0,2.42,10.0
334000.0,4262450.0,510.0,2.42,10.0
334000.0,4262550.0,510.0,2.42,10.0
334000.0,4262650.0,510.0,2.42,10.0
334000.0,4262750.0,510.0,2.42,10.0
334000.0,4262850.0,510.0,2.42,10.0
334000.0,4262950.0,510.0,2.42,10.0
334000.0,4263050.0,510.0,2.42,10.0
334000.0,4263150.0,510.0,2.42,10.0
334000.0,4263250.0,510.0,2.42,10.0
334000.0,4263350.0,510.0,2.42,10.0
334000.0,4263450.0,510.0,2.42,10.0
334000.0,4263550.0,510.0,2.42,10.0
334000.0,4263650.0,510.0,2.42,10.0
334000.0,4263750.0,510.0,2.42,10.0
334000.0,4263850.0,510.0,2.42,10.0
334000.0,4263950.0,510.0,2.42,10.0
334000.0,4264050.0,510.0,2.42,10.0
334000.0,4264150.0,510.0,2.42,10.0
334000.0,4264250.0,510.0,2.43,10.0
334000.0,4264350.0,510.0,2.43,10.0
334000.0,4264450.0,510.0,2.43,10.0
334000.0,4264550.0,510.0,2.43,10.0
334000.0,4264650.0,510.0,2.43,10.0
334000.0,4264750.0,510.0,2.43,10.0
334000.0,4264850.0,510.0,2.43,10.0
334000.0,4264950.0,510.0,2.43,10.0
334000.0,4265050.0,510.0,2.43,10.0
334000.0,4265150.0,510.0,2.44,10.0
334100.0,4259950.0,510.0,2.34,10.0
334100.0,4260050.0,510.0,2.33,10.0
334100.0,4260150.0,510.0,2.31,10.0
334100.0,4260250.0,510.0,2.31,10.0
334100.0,4260350.0,510.0,2.3,10.0
334100.0,4260450.0,510.0,2.3,10.0
334100.0,4260550.0,510.0,2.31,10.0
334100.0,4260650.0,510.0,2.32,10.0
334100.0,4260750.0,510.0,2.35,10.0
334100.0,4260850.0,510.0,2.37,10.0
334100.0,4260950.0,510.0,2.39,10.0
334100.0,4261050.0,510.0,2.4,10.0
334100.0,4261150.0,510.0,2.41,10.0
334100.0,4261250.0,510.0,2.41,10.0
334100.0,4261350.0,510.0,2.41,10.0
334100.0,4261450.0,510.0,2.41,10.0
334100.0,4261550.0,510.0,2.41,10.0
334100.0,4261650.0,510.0,2.41,10.0
334100.0,4261750.0,510.0,2.42,10.0
334100.0,4261850.0,510.0,2.42,10.0
334100.0,4261950.0,510.0,2.42,10.0
334100.0,4262050.0,510.0,2.42,10.0
334100.0,4262150.0,510.0,2.42,10.0
334100.0,4262250.0,510.0,2.42,10.0
334100.0,4262350.0,510.0,2.42,10.0
334100.0,4262450.0,510.0,2.42,10.0
334100.0,4262550.0,510.0,2.42,10.0
334100.0,4262650.0,510.0,2.42,10.0
334100.0,4262750.0,510.0,2.42,10.0
334100.0,4262850.0,510.0,2.42,10.0
334100.0,4262950.0,510.0,2.42,10.0
334100.0,4263050.0,510.0,2.42,10.0
334100.0,4263150.0,510.0,2.42,10.0
334100.0,4263250.0,510.0,2.42,10.0
334100.0,4263350.0,510.0,2.42,10.0
334100.0,4263450.0,510.0,2.42,10.0
334100.0,4263550.0,510.0,2.42,10.0
334100.0,4263650.0,510.0,2.42,10.0
334100.0,4263750.0,510.0,2.42,10.0
334100.0,4263850.0,510.0,2.42,10.0
334100.0,4263950.0,510.0,2.42,10.0
334100.0,4264050.0,510.0,2.42,10.0
334100.0,4264150.0,510.0,2.42,10.0
334100.0,4264250.0,510.0,2.42,10.0
334100.0,4264350.0,510.0,2.42,10.0
334100.0,4264450.0,510.0,2.42,10.0
334100.0,4264550.0,510.0,2.43,10.0
334100.0,4264650.0,510.0,2.43,10.0
334100.0,4264750.0,510.0,2.43,10.0
334100.0,4264850.0,510.0,2.43,10.0
334100.0,4264950.0,510.0,2.43,10.0
334100.0,4265050.0,510.0,2.43,10.0
334100.0,4265150.0,510.0,2.43,10.0
334200.0,4259950.0,510.0,2.36,10.0
334200.0,4260050.0,510.0,2.35,10.0
334200.0,4260150.0,510.0,2.34,10.0
334200.0,4260250.0,510.0,2.33,10.0
334200.0,4260350.0,510.0,2.33,10.0
334200.0,4260450.0,510.0,2.33,10.0
334200.0,4260550.0,510.0,2.34,10.0
334200.0,4260650.0,510.0,2.35,10.0
334200.0,4260750.0,510.0,2.37,10.0
334200.0,4260850.0,510.0,2.39,10.0
334200.0,4260950.0,510.0,2.4,10.0
334200.0,4261050.0,510.0,2.41,10.0
334200.0,4261150.0,510.0,2.41,10.0
334200.0,4261250.0,510.0,2.41,10.0
334200.0,4261350.0,510.0,2.41,10.0
334200.0,4261450.0,510.0,2.41,10.0
334200.0,4261550.0,510.0,2.42,10.0
334200.0,4261650.0,510.0,2.42,10.0
334200.0,4261750.0,510.0,2.42,10.0
334200.0,4261850.0,510.0,2.42,10.0
334200.0,4261950.0,510.0,2.42,10.0
334200.0,4262050.0,510.0,2.42,10.0
334200.0,4262150.0,510.0,2.42,10.0
334200.0,4262250.0,510.0,2.42,10.0
334200.0,4262350.0,510.0,2.42,10.0
334200.0,4262450.0,510.0,2.42,10.0
334200.0,4262550.0,510.0,2.42,10.0
334200.0,4262650.0,510.0,2.42,10.0
334200.0,4262750.0,510.0,2.42,10.0
334200.0,4262850.0,510.0,2.42,10.0
334200.0,4262950.0,510.0,2.42,10.0
334200.0,4263050.0,510.0,2.42,10.0
334200.0,4263150.0,510.0,2.42,10.0
334200.0,4263250.0,510.0,2.42,10.0
334200.0,4263350.0,510.0,2.42,10.0
334200.0,4263450.0,510.0,2.42,10.0
334200.0,4263550.0,510.0,2.42,10.0
334200.0,4263650.0,510.0,2.42,10.0
334200.0,4263750.0,510.0,2.42,10.0
334200.0,4263850.0,510.0,2.42,10.0
334200.0,4263950.0,510.0,2.42,10.0
334200.0,4264050.0,510.0,2.42,10.0
334200.0,4264150.0,510.0,2.42,10.0
334200.0,4264250.0,510.0,2.42,10.0
334200.0,4264350.0,510.0,2.42,10.0
334200.0,4264450.0,510.0,2.42,10.0
334200.0,4264550.0,510.0,2.42,10.0
334200.0,4264650.0,510.0,2.42,10.0
334200.0,4264750.0,510.0,2.43,10.0
334200.0,4264850.0,510.0,2.43,10.0
334200.0,4264950.0,510.0,2.43,10.0
334200.0,4265050.0,510.0,2.43,10.0
334200.0,4265150.0,510.0,2.43,10.0
334300.0,4259950.0,510.0,2.38,10.0
334300.0,4260050.0,510.0,2.37,10.0
334300.0,4260150.0,510.0,2.36,10.0
334300.0,4260250.0,510.0,2.35,10.0
334300.0,4260350.0,510.0,2.35,10.0
334300.0,4260450.0,510.0,2.35,10.0
334300.0,4260550.0,510.0,2.36,10.0
334300.0,4260650.0,510.0,2.37,10.0
334300.0,4260750.0,510.0,2.39,10.0
334300.0,4260850.0,510.0,2.4,10.0
334300.0,4260950.0,510.0,2.41,10.0
334300.0,4261050.0,510.0,2.41,10.0
334300.0,4261150.0,510.0,2.41,10.0
334300.0,4261250.0,510.0,2.41,10.0
334300.0,4261350.0,510.0,2.41,10.0
334300.0,4261450.0,510.0,2.41,10.0
334300.0,4261550.0,510.0,2.42,10.0
334300.0,4261650.0,510.0,2.42,10.0
334300.0,4261750.0,510.0,2.42,10.0
334300.0,4261850.0,510.0,2.42,10.0
334300.0,4261950.0,510.0,2.42,10.0
334300.0,4262050.0,510.0,2.42,10.0
334300.0,4262150.0,510.0,2.42,10.0
334300.0,4262250.0,510.0,2.42,10.0
334300.0,4262350.0,510.0,2.42,10.0
334300.0,4262450.0,510.0,2.42,10.0
334300.0,4262550.0,510.0,2.42,10.0
334300.0,4262650.0,510.0,2.42,10.0
334300.0,4262750.0,510.0,2.42,10.0
334300.0,4262850.0,510.0,2.42,10.0
334300.0,4262950.0,510.0,2.42,10.0
334300.0,4263050.0,510.0,2.42,10.0
334300.0,4263150.0,510.0,2.42,10.0
334300.0,4263250.0,510.0,2.42,10.0
334300.0,4263350.0,510.0,2.42,10.0
334300.0,4263450.0,510.0,2.42,10.0
334300.0,4263550.0,510.0,2.42,10.0
334300.0,4263650.0,510.0,2.42,10.0
334300.0,4263750.0,510.0,2.42,10.0
334300.0,4263850.0,510.0,2.42,10.0
334300.0,4263950.0,510.0,2.42,10.0
334300.0,4264050.0,510.0,2.42,10.0
334300.0,4264150.0,510.0,2.42,10.0
334300.0,4264250.0,510.0,2.42,10.0
334300.0,4264350.0,510.0,2.42,10.0
334300.0,4264450.0,510.0,2.42,10.0
334300.0,4264550.0,510.0,2.42,10.0
334300.0,4264650.0,510.0,2.42,10.0
334300.0,4264750.0,510.0,2.42,10.0
334300.0,4264850.0,510.0,2.43,10.0
334300.0,4264950.0,510.0,2.43,10.0
334300.0,4265050.0,510.0,2.43,10.0
334300.0,4265150.0,510.0,2.43,10.0
334400.0,4259950.0,510.0,2.4,10.0
334400.0,4260050.0,510.0,2.39,10.0
334400.0,4260150.0,510.0,2.38,10.0
334400.0,4260250.0,510.0,2.37,10.0
334400.0,4260350.0,510.0,2.37,10.0
334400.0,4260450.0,510.0,2.37,10.0
334400.0,4260550.0,510.0,2.38,10.0
334400.0,4260650.0,510.0,2.39,10.0
334400.0,4260750.0,510.0,2.4,10.0
334400.0,4260850.0,510.0,2.4,10.0
334400.0,4260950.0,510.0,2.41,10.0
334400.0,4261050.0,510.0,2.41,10.0
334400.0,4261150.0,510.0,2.41,10.0
334400.0,4261250.0,510.0,2.41,10.0
334400.0,4261350.0,510.0,2.41,10.0
334400.0,4261450.0,510.0,2.42,10.0
334400.0,4261550.0,510.0,2.42,10.0
334400.0,4261650.0,510.0,2.42,10.0
334400.0,4261750.0,510.0,2.42,10.0
334400.0,4261850.0,510.0,2.42,10.0
334400.0,4261950.0,510.0,2.42,10.0
334400.0,4262050.0,510.0,2.42,10.0
334400.0,4262150.0,510.0,2.42,10.0
334400.0,4262250.0,510.0,2.42,10.0
334400.0,4262350.0,510.0,2.42,10.0
334400.0,4262450.0,510.0,2.42,10.0
334400.0,4262550.0,510.0,2.42,10.0
334400.0,4262650.0,510.0,2.42,10.0
334400.0,4262750.0,510.0,2.42,10.0
334400.0,4262850.0,510.0,2.42,10.0
334400.0,4262950.0,510.0,2.42,10.0
334400.0,4263050.0,510.0,2.42,10.0
334400.0,4263150.0,510.0,2.42,10.0
334400.0,4263250.0,510.0,2.42,10.0
334400.0,4263350.0,510.0,2.42,10.0
334400.0,4263450.0,510.0,2.42,10.0
334400.0,4263550.0,510.0,2.42,10.0
334400.0,4263650.0,510.0,2.42,10.0
334400.0,4263750.0,510.0,2.42,10.0
334400.0,4263850.0,510.0,2.42,10.0
334400.0,4263950.0,510.0,2.42,10.0
334400.0,4264050.0,510.0,2.42,10.0
334400.0,4264150.0,510.0,2.42,10.0
334400.0,4264250.0,510.0,2.42,10.0
334400.0,4264350.0,510.0,2.42,10.0
334400.0,4264450.0,510.0,2.42,10.0
334400.0,4264550.0,510.0,2.42,10.0
334400.0,4264650.0,510.0,2.42,10.0
334400.0,4264750.0,510.0,2.42,10.0
334400.0,4264850.0,510.0,2.42,10.0
334400.0,4264950.0,510.0,2.43,10.0
334400.0,4265050.0,510.0,2.43,10.0
334400.0,4265150.0,510.0,2.43,10.0
334500.0,4259950.0,510.0,2.41,10.0
334500.0,4260050.0,510.0,2.4,10.0
334500.0,4260150.0,510.0,2.4,10.0
334500.0,4260250.0,510.0,2.39,10.0
334500.0,4260350.0,510.0,2.39,10.0
334500.0,4260450.0,510.0,2.39,10.0
334500.0,4260550.0,510.0,2.39,10.0
334500.0,4260650.0,510.0,2.4,10.0
334500.0,4260750.0,510.0,2.4,10.0
334500.0,4260850.0,510.0,2.41,10.0
334500.0,4260950.0,510.0,2.41,10.0
334500.0,4261050.0,510.0,2.41,10.0
334500.0,4261150.0,510.0,2.41,10.0
334500.0,4261250.0,510.0,2.41,10.0
334500.0,4261350.0,510.0,2.41,10.0
334500.0,4261450.0,510.0,2.42,10.0
334500.0,4261550.0,510.0,2.42,10.0
334500.0,4261650.0,510.0,2.42,10.0
334500.0,4261750.0,510.0,2.42,10.0
334500.0,4261850.0,510.0,2.42,10.0
334500.0,4261950.0,510.0,2.42,10.0
334500.0,4262050.0,510.0,2.42,10.0
334500.0,4262150.0,510.0,2.42,10.0
334500.0,4262250.0,510.0,2.42,10.0
334500.0,4262350.0,510.0,2.42,10.0
334500.0,4262450.0,510.0,2.42,10.0
334500.0,4262550.0,510.0,2.42,10.0
334500.0,4262650.0,510.0,2.42,10.0
334500.0,4262750.0,510.0,2.42,10.0
334500.0,4262850.0,510.0,2.42,10.0
334500.0,4262950.0,510.0,2.42,10.0
334500.0,4263050.0,510.0,2.42,10.0
334500.0,4263150.0,510.0,2.42,10.0
334500.0,4263250.0,510.0,2.42,10.0
334500.0,4263350.0,510.0,2.42,10.0
334500.0,4263450.0,510.0,2.42,10.0
334500.0,4263550.0,510.0,2.42,10.0
334500.0,4263650.0,510.0,2.42,10.0
334500.0,4263750.0,510.0,2.42,10.0
334500.0,4263850.0,510.0,2.42,10.0
334500.0,4263950.0,510.0,2.42,10.0
334500.0,4264050.0,510.0,2.42,10.0
334500.0,4264150.0,510.0,2.42,10.0
334500.0,4264250.0,510.0,2.42,10.0
334500.0,4264350.0,510.0,2.42,10.0
334500.0,4264450.0,510.0,2.42,10.0
334500.0,4264550.0,510.0,2.42,10.0
334500.0,4264650.0,510.0,2.42,10.0
334500.0,4264750.0,510.0,2.42,10.0
334500.0,4264850.0,510.0,2.42,10.0
334500.0,4264950.0,510.0,2.42,10.0
334500.0,4265050.0,510.0,2.43,10.0
334500.0,4265150.0,510.0,2.43,10.0
334600.0,4259950.0,510.0,2.41,10.0
334600.0,4260050.0,510.0,2.41,10.0
334600.0,4260150.0,510.0,2.41,10.0
334600.0,4260250.0,510.0,2.4,10.0
334600.0,4260350.0,510.0,2.4,10.0
334600.0,4260450.0,510.0,2.4,10.0
334600.0,4260550.0,510.0,2.4,10.0
334600.0,4260650.0,510.0,2.4,10.0
334600.0,4260750.0,510.0,2.41,10.0
334600.0,4260850.0,510.0,2.41,10.0
334600.0,4260950.0,510.0,2.41,10.0
334600.0,4261050.0,510.0,2.41,10.0
334600.0,4261150.0,510.0,2.41,10.0
334600.0,4261250.0,510.0,2.41,10.0
334600.0,4261350.0,510.0,2.41,10.0
334600.0,4261450.0,510.0,2.41,10.0
334600.0,4261550.0,510.0,2.42,10.0
334600.0,4261650.0,510.0,2.42,10.0
334600.0,4261750.0,510.0,2.42,10.0
334600.0,4261850.0,510.0,2.41,10.0
334600.0,4261950.0,510.0,2.41,10.0
334600.0,4262050.0,510.0,2.41,10.0
334600.0,4262150.0,510.0,2.42,10.0
334600.0,4262250.0,510.0,2.42,10.0
334600.0,4262350.0,510.0,2.42,10.0
334600.0,4262450.0,510.0,2.42,10.0
334600.0,4262550.0,510.0,2.42,10.0
334600.0,4262650.0,510.0,2.42,10.0
334600.0,4262750.0,510.0,2.42,10.0
334600.0,4262850.0,510.0,2.42,10.0
334600.0,4262950.0,510.0,2.42,10.0
334600.0,4263050.0,510.0,2.42,10.0
334600.0,4263150.0,510.0,2.42,10.0
334600.0,4263250.0,510.0,2.42,10.0
334600.0,4263350.0,510.0,2.42,10.0
334600.0,4263450.0,510.0,2.42,10.0
334600.0,4263550.0,510.0,2.42,10.0
334600.0,4263650.0,510.0,2.42,10.0
334600.0,4263750.0,510.0,2.42,10.0
334600.0,4263850.0,510.0,2.42,10.0
334600.0,4263950.0,510.0,2.42,10.0
334600.0,4264050.0,510.0,2.42,10.0
334600.0,4264150.0,510.0,2.42,10.0
334600.0,4264250.0,510.0,2.42,10.0
334600.0,4264350.0,510.0,2.42,10.0
334600.0,4264450.0,510.0,2.42,10.0
334600.0,4264550.0,510.0,2.42,10.0
334600.0,4264650.0,510.0,2.42,10.0
334600.0,4264750.0,510.0,2.42,10.0
334600.0,4264850.0,510.0,2.42,10.0
334600.0,4264950.0,510.0,2.42,10.0
334600.0,4265050.0,510.0,2.42,10.0
334600.0,4265150.0,510.0,2.43,10.0
334700.0,4259950.0,510.0,2.42,10.0
334700.0,4260050.0,510.0,2.41,10.0
334700.0,4260150.0,510.0,2.41,10.0
334700.0,4260250.0,510.0,2.41,10.0
334700.0,4260350.0,510.0,2.41,10.0
334700.0,4260450.0,510.0,2.41,10.0
334700.0,4260550.0,510.0,2.41,10.0
334700.0,4260650.0,510.0,2.41,10.0
334700.0,4260750.0,510.0,2.41,10.0
334700.0,4260850.0,510.0,2.41,10.0
334700.0,4260950.0,510.0,2.41,10.0
334700.0,4261050.0,510.0,2.41,10.0
334700.0,4261150.0,510.0,2.41,10.0
334700.0,4261250.0,510.0,2.41,10.0
334700.0,4261350.0,510.0,2.41,10.0
334700.0,4261450.0,510.0,2.41,10.0
334700.0,4261550.0,510.0,2.41,10.0
334700.0,4261650.0,510.0,2.41,10.0
334700.0,4261750.0,510.0,2.41,10.0
334700.0,4261850.0,510.0,2.41,10.0
334700.0,4261950.0,510.0,2.41,10.0
334700.0,4262050.0,510.0,2.41,10.0
334700.0,4262150.0,510.0,2.41,10.0
334700.0,4262250.0,510.0,2.42,10.0
334700.0,4262350.0,510.0,2.42,10.0
334700.0,4262450.0,510.0,2.42,10.0
334700.0,4262550.0,510.0,2.42,10.0
334700.0,4262650.0,510.0,2.42,10.0
334700.0,4262750.0,510.0,2.42,10.0
334700.0,4262850.0,510.0,2.42,10.0
334700.0,4262950.0,510.0,2.42,10.0
334700.0,4263050.0,510.0,2.42,10.0
334700.0,4263150.0,510.0,2.42,10.0
334700.0,4263250.0,510.0,2.42,10.0
334700.0,4263350.0,510.0,2.42,10.0
334700.0,4263450.0,510.0,2.42,10.0
334700.0,4263550.0,510.0,2.42,10.0
334700.0,4263650.0,510.0,2.42,10.0
334700.0,4263750.0,510.0,2.42,10.0
334700.0,4263850.0,510.0,2.42,10.0
334700.0,4263950.0,510.0,2.42,10.0
334700.0,4264050.0,510.0,2.42,10.0
334700.0,4264150.0,510.0,2.42,10.0
334700.0,4264250.0,510.0,2.42,10.0
334700.0,4264350.0,510.0,2.42,10.0
334700.0,4264450.0,510.0,2.42,10.0
334700.0,4264550.0,510.0,2.42,10.0
334700.0,4264650.0,510.0,2.42,10.0
334700.0,4264750.0,510.0,2.42,10.0
334700.0,4264850.0,510.0,2.42,10.0
334700.0,4264950.0,510.0,2.42,10.0
334700.0,4265050.0,510.0,2.42,10.0
334700.0,4265150.0,510.0,2.42,10.0
334800.0,4259950.0,510.0,2.42,10.0
334800.0,4260050.0,510.0,2.42,10.0
334800.0,4260150.0,510.0,2.42,10.0
334800.0,4260250.0,510.0,2.41,10.0
334800.0,4260350.0,510.0,2.41,10.0
334800.0,4260450.0,510.0,2.41,10.0
334800.0,4260550.0,510.0,2.41,10.0
334800.0,4260650.0,510.0,2.41,10.0
334800.0,4260750.0,510.0,2.41,10.0
334800.0,4260850.0,510.0,2.41,10.0
334800.0,4260950.0,510.0,2.41,10.0
334800.0,4261050.0,510.0,2.41,10.0
334800.0,4261150.0,510.0,2.41,10.0
334800.0,4261250.0,510.0,2.41,10.0
334800.0,4261350.0,510.0,2.41,10.0
334800.0,4261450.0,510.0,2.41,10.0
334800.0,4261550.0,510.0,2.41,10.0
334800.0,4261650.0,510.0,2.41,10.0
334800.0,4261750.0,510.0,2.41,10.0
334800.0,4261850.0,510.0,2.41,10.0
334800.0,4261950.0,510.0,2.41,10.0
334800.0,4262050.0,510.0,2.41,10.0
334800.0,4262150.0,510.0,2.41,10.0
334800.0,4262250.0,510.0,2.41,10.0
334800.0,4262350.0,510.0,2.42,10.0
334800.0,4262450.0,510.0,2.42,10.0
334800.0,4262550.0,510.0,2.42,10.0
334800.0,4262650.0,510.0,2.42,10.0
334800.0,4262750.0,510.0,2.42,10.0
334800.0,4262850.0,510.0,2.42,10.0
334800.0,4262950.0,510.0,2.42,10.0
334800.0,4263050.0,510.0,2.42,10.0
334800.0,4263150.0,510.0,2.42,10.0
334800.0,4263250.0,510.0,2.42,10.0
334800.0,4263350.0,510.0,2.42,10.0
334800.0,4263450.0,510.0,2.42,10.0
334800.0,4263550.0,510.0,2.42,10.0
334800.0,4263650.0,510.0,2.42,10.0
334800.0,4263750.0,510.0,2.42,10.0
334800.0,4263850.0,510.0,2.42,10.0
334800.0,4263950.0,510.0,2.42,10.0
334800.0,4264050.0,510.0,2.42,10.0
334800.0,4264150.0,510.0,2.42,10.0
334800.0,4264250.0,510.0,2.42,10.0
334800.0,4264350.0,510.0,2.42,10.0
334800.0,4264450.0,510.0,2.42,10.0
334800.0,4264550.0,510.0,2.42,10.0
334800.0,4264650.0,510.0,2.42,10.0
334800.0,4264750.0,510.0,2.42,10.0
334800.0,4264850.0,510.0,2.42,10.0
334800.0,4264950.0,510.0,2.42,10.0
334800.0,4265050.0,510.0,2.42,10.0
334800.0,4265150.0,510.0,2.42,10.0
334900.0,4259950.0,510.0,2.42,10.0
334900.0,4260050.0,510.0,2.42,10.0
334900.0,4260150.0,510.0,2.42,10.0
334900.0,4260250.0,510.0,2.42,10.0
334900.0,4260350.0,510.0,2.42,10.0
334900.0,4260450.0,510.0,2.41,10.0
334900.0,4260550.0,510.0,2.41,10.0
334900.0,4260650.0,510.0,2.41,10.0
334900.0,4260750.0,510.0,2.41,10.0
334900.0,4260850.0,510.0,2.41,10.0
334900.0,4260950.0,510.0,2.41,10.0
334900.0,4261050.0,510.0,2.41,10.0
334900.0,4261150.0,510.0,2.41,10.0
334900.0,4261250.0,510.0,2.41,10.0
334900.0,4261350.0,510.0,2.63,10.0
334900.0,4261450.0,510.0,2.41,10.0
334900.0,4261550.0,510.0,2.41,10.0
334900.0,4261650.0,510.0,2.41,10.0
334900.0,4261750.0,510.0,2.41,10.0
334900.0,4261850.0,510.0,2.41,10.0
334900.0,4261950.0,510.0,2.41,10.0
334900.0,4262050.0,510.0,2.41,10.0
334900.0,4262150.0,510.0,2.41,10.0
334900.0,4262250.0,510.0,2.41,10.0
334900.0,4262350.0,510.0,2.42,10.0
334900.0,4262450.0,510.0,2.42,10.0
334900.0,4262550.0,510.0,2.42,10.0
334900.0,4262650.0,510.0,2.42,10.0
334900.0,4262750.0,510.0,2.42,10.0
334900.0,4262850.0,510.0,2.42,10.0
334900.0,4262950.0,510.0,2.42,10.0
334900.0,4263050.0,510.0,2.42,10.0
334900.0,4263150.0,510.0,2.42,10.0
334900.0,4263250.0,510.0,2.42,10.0
334900.0,4263350.0,510.0,2.42,10.0
334900.0,4263450.0,510.0,2.42,10.0
334900.0,4263550.0,510.0,2.42,10.0
334900.0,4263650.0,510.0,2.42,10.0
334900.0,4263750.0,510.0,2.42,10.0
334900.0,4263850.0,510.0,2.42,10.0
334900.0,4263950.0,510.0,2.42,10.0
334900.0,4264050.0,510.0,2.42,10.0
334900.0,4264150.0,510.0,2.42,10.0
334900.0,4264250.0,510.0,2.42,10.0
334900.0,4264350.0,510.0,2.42,10.0
334900.0,4264450.0,510.0,2.42,10.0
334900.0,4264550.0,510.0,2.42,10.0
334900.0,4264650.0,510.0,2.42,10.0
334900.0,4264750.0,510.0,2.42,10.0
334900.0,4264850.0,510.0,2.42,10.0
334900.0,4264950.0,510.0,2.42,10.0
334900.0,4265050.0,510.0,2.42,10.0
334900.0,4265150.0,510.0,2.42,10.0
335000.0,4259950.0,510.0,2.64,10.0
335000.0,4260050.0,510.0,2.64,10.0
335000.0,4260150.0,510.0,2.64,10.0
335000.0,4260250.0,510.0,2.42,10.0
335000.0,4260350.0,510.0,2.64,10.0
335000.0,4260450.0,510.0,2.64,10.0
335000.0,4260550.0,510.0,2.63,10.0
335000.0,4260650.0,510.0,2.63,10.0
335000.0,4260750.0,510.0,2.63,10.0
335000.0,4260850.0,510.0,2.63,10.0
335000.0,4260950.0,510.0,2.63,10.0
335000.0,4261050.0,510.0,2.63,10.0
335000.0,4261150.0,510.0,2.63,10.0
335000.0,4261250.0,510.0,2.63,10.0
335000.0,4261350.0,510.0,2.63,10.0
335000.0,4261450.0,510.0,2.63,10.0
335000.0,4261550.0,510.0,2.63,10.0
335000.0,4261650.0,510.0,2.41,10.0
335000.0,4261750.0,510.0,2.41,10.0
335000.0,4261850.0,510.0,2.41,10.0
335000.0,4261950.0,510.0,2.41,10.0
335000.0,4262050.0,510.0,2.41,10.0
335000.0,4262150.0,510.0,2.41,10.0
335000.0,4262250.0,510.0,2.63,10.0
335000.0,4262350.0,510.0,2.42,10.0
335000.0,4262450.0,510.0,2.42,10.0
335000.0,4262550.0,510.0,2.42,10.0
335000.0,4262650.0,510.0,2.64,10.0
335000.0,4262750.0,510.0,2.64,10.0
335000.0,4262850.0,510.0,2.42,10.0
335000.0,4262950.0,510.0,2.42,10.0
335000.0,4263050.0,510.0,2.42,10.0
335000.0,4263150.0,510.0,2.42,10.0
335000.0,4263250.0,510.0,2.42,10.0
335000.0,4263350.0,510.0,2.42,10.0
335000.0,4263450.0,510.0,2.42,10.0
335000.0,4263550.0,510.0,2.42,10.0
335000.0,4263650.0,510.0,2.42,10.0
335000.0,4263750.0,510.0,2.42,10.0
335000.0,4263850.0,510.0,2.42,10.0
335000.0,4263950.0,510.0,2.64,10.0
335000.0,4264050.0,510.0,2.64,10.0
335000.0,4264150.0,510.0,2.64,10.0
335000.0,4264250.0,510.0,2.64,10.0
335000.0,4264350.0,510.0,2.42,10.0
335000.0,4264450.0,510.0,2.42,10.0
335000.0,4264550.0,510.0,2.42,10.0
335000.0,4264650.0,510.0,2.42,10.0
335000.0,4264750.0,510.0,2.42,10.0
335000.0,4264850.0,510.0,2.42,10.0
335000.0,4264950.0,510.0,2.42,10.0
335000.0,4265050.0,510.0,2.42,10.0
335000.0,4265150.0,510.0,2.42,10.0
335100.0,4259950.0,510.0,2.64,10.0
335100.0,4260050.0,510.0,2.64,10.0
335100.0,4260150.0,510.0,2.64,10.0
335100.0,4260250.0,510.0,2.64,10.0
335100.0,4260350.0,510.0,2.64,10.0
335100.0,4260450.0,510.0,2.64,10.0
335100.0,4260550.0,510.0,2.64,10.0
335100.0,4260650.0,510.0,2.64,10.0
335100.0,4260750.0,510.0,2.63,10.0
335100.0,4260850.0,510.0,2.63,10.0
335100.0,4260950.0,510.0,2.63,10.0
335100.0,4261050.0,510.0,2.63,10.0
335100.0,4261150.0,510.0,2.63,10.0
335100.0,4261250.0,510.0,2.63,10.0
335100.0,4261350.0,510.0,2.63,10.0
335100.0,4261450.0,510.0,2.63,10.0
335100.0,4261550.0,510.0,2.63,10.0
335100.0,4261650.0,510.0,2.63,10.0
335100.0,4261750.0,510.0,2.63,10.0
335100.0,4261850.0,510.0,2.41,10.0
335100.0,4261950.0,510.0,2.41,10.0
335100.0,4262050.0,510.0,2.63,10.0
335100.0,4262150.0,510.0,2.63,10.0
335100.0,4262250.0,510.0,2.41,10.0
335100.0,4262350.0,510.0,2.42,10.0
335100.0,4262450.0,510.0,2.42,10.0
335100.0,4262550.0,510.0,2.63,10.0
335100.0,4262650.0,510.0,2.64,10.0
335100.0,4262750.0,510.0,2.64,10.0
335100.0,4262850.0,510.0,2.42,10.0
335100.0,4262950.0,510.0,2.42,10.0
335100.0,4263050.0,510.0,2.42,10.0
335100.0,4263150.0,510.0,2.42,10.0
335100.0,4263250.0,510.0,2.42,10.0
335100.0,4263350.0,510.0,2.42,10.0
335100.0,4263450.0,510.0,2.42,10.0
335100.0,4263550.0,510.0,2.42,10.0
335100.0,4263650.0,510.0,2.42,10.0
335100.0,4263750.0,510.0,2.64,10.0
335100.0,4263850.0,510.0,2.64,10.0
335100.0,4263950.0,510.0,2.64,10.0
335100.0,4264050.0,510.0,2.64,10.0
335100.0,4264150.0,510.0,2.64,10.0
335100.0,4264250.0,510.0,2.64,10.0
335100.0,4264350.0,510.0,2.64,10.0
335100.0,4264450.0,510.0,2.64,10.0
335100.0,4264550.0,510.0,2.64,10.0
335100.0,4264650.0,510.0,2.42,10.0
335100.0,4264750.0,510.0,2.42,10.0
335100.0,4264850.0,510.0,2.42,10.0
335100.0,4264950.0,510.0,2.42,10.0
335100.0,4265050.0,510.0,2.42,10.0
335100.0,4265150.0,510.0,2.42,10.0
335200.0,4259950.0,510.0,2.64,10.0
335200.0,4260050.0,510.0,2.64,10.0
335200.0,4260150.0,510.0,2.64,10.0
335200.0,4260250.0,510.0,2.64,10.0
335200.0,4260350.0,510.0,2.64,10.0
335200.0,4260450.0,510.0,2.64,10.0
335200.0,4260550.0,510.0,2.64,10.0
335200.0,4260650.0,510.0,2.64,10.0
335200.0,4260750.0,510.0,2.64,10.0
335200.0,4260850.0,510.0,2.63,10.0
335200.0,4260950.0,510.0,2.63,10.0
335200.0,4261050.0,510.0,2.63,10.0
335200.0,4261150.0,510.0,2.63,10.0
335200.0,4261250.0,510.0,2.63,10.0
335200.0,4261350.0,510.0,2.63,10.0
335200.0,4261450.0,510.0,2.63,10.0
335200.0,4261550.0,510.0,2.63,10.0
335200.0,4261650.0,510.0,2.63,10.0
335200.0,4261750.0,510.0,2.63,10.0
335200.0,4261850.0,510.0,2.63,10.0
335200.0,4261950.0,510.0,2.63,10.0
335200.0,4262050.0,510.0,2.63,10.0
335200.0,4262150.0,510.0,2.63,10.0
335200.0,4262250.0,510.0,2.63,10.0
335200.0,4262350.0,510.0,2.63,10.0
335200.0,4262450.0,510.0,2.63,10.0
335200.0,4262550.0,510.0,2.64,10.0
335200.0,4262650.0,510.0,2.64,10.0
335200.0,4262750.0,510.0,2.64,10.0
335200.0,4262850.0,510.0,2.64,10.0
335200.0,4262950.0,510.0,2.64,10.0
335200.0,4263050.0,510.0,2.42,10.0
335200.0,4263150.0,510.0,2.42,10.0
335200.0,4263250.0,510.0,2.42,10.0
335200.0,4263350.0,510.0,2.42,10.0
335200.0,4263450.0,510.0,2.42,10.0
335200.0,4263550.0,510.0,2.64,10.0
335200.0,4263650.0,510.0,2.64,10.0
335200.0,4263750.0,510.0,2.64,10.0
335200.0,4263850.0,510.0,2.64,10.0
335200.0,4263950.0,510.0,2.64,10.0
335200.0,4264050.0,510.0,2.64,10.0
335200.0,4264150.0,510.0,2.64,10.0
335200.0,4264250.0,510.0,2.64,10.0
335200.0,4264350.0,510.0,2.64,10.0
335200.0,4264450.0,510.0,2.64,10.0
335200.0,4264550.0,510.0,2.64,10.0
335200.0,4264650.0,510.0,2.64,10.0
335200.0,4264750.0,510.0,2.42,10.0
335200.0,4264850.0,510.0,2.42,10.0
335200.0,4264950.0,510.0,2.42,10.0
335200.0,4265050.0,510.0,2.42,10.0
335200.0,4265150.0,510.0,2.42,10.0
335300.0,4259950.0,510.0,2.64,10.0
335300.0,4260050.0,510.0,2.64,10.0
335300.0,4260150.0,510.0,2.64,10.0
335300.0,4260250.0,510.0,2.64,10.0
335300.0,4260350.0,510.0,2.64,10.0
335300.0,4260450.0,510.0,2.64,10.0
335300.0,4260550.0,510.0,2.64,10.0
335300.0,4260650.0,510.0,2.64,10.0
335300.0,4260750.0,510.0,2.64,10.0
335300.0,4260850.0,510.0,2.64,10.0
335300.0,4260950.0,510.0,2.64,10.0
335300.0,4261050.0,510.0,2.63,10.0
335300.0,4261150.0,510.0,2.63,10.0
335300.0,4261250.0,510.0,2.63,10.0
335300.0,4261350.0,510.0,2.63,10.0
335300.0,4261450.0,510.0,2.63,10.0
335300.0,4261550.0,510.0,2.63,10.0
335300.0,4261650.0,510.0,2.63,10.0
335300.0,4261750.0,510.0,2.63,10.0
335300.0,4261850.0,510.0,2.63,10.0
335300.0,4261950.0,510.0,2.63,10.0
335300.0,4262050.0,510.0,2.63,10.0
335300.0,4262150.0,510.0,2.63,10.0
335300.0,4262250.0,510.0,2.63,10.0
335300.0,4262350.0,510.0,2.63,10.0
335300.0,4262450.0,510.0,2.63,10.0
335300.0,4262550.0,510.0,2.64,10.0
335300.0,4262650.0,510.0,2.64,10.0
335300.0,4262750.0,510.0,2.64,10.0
335300.0,4262850.0,510.0,2.64,10.0
335300.0,4262950.0,510.0,2.64,10.0
335300.0,4263050.0,510.0,2.64,10.0
335300.0,4263150.0,510.0,2.64,10.0
335300.0,4263250.0,510.0,2.64,10.0
335300.0,4263350.0,510.0,2.64,10.0
335300.0,4263450.0,510.0,2.64,10.0
335300.0,4263550.0,510.0,2.64,10.0
335300.0,4263650.0,510.0,2.64,10.0
335300.0,4263750.0,510.0,2.64,10.0
335300.0,4263850.0,510.0,2.64,10.0
335300.0,4263950.0,510.0,2.64,10.0
335300.0,4264050.0,510.0,2.64,10.0
335300.0,4264150.0,510.0,2.64,10.0
335300.0,4264250.0,510.0,2.64,10.0
335300.0,4264350.0,510.0,2.64,10.0
335300.0,4264450.0,510.0,2.64,10.0
335300.0,4264550.0,510.0,2.64,10.0
335300.0,4264650.0,510.0,2.64,10.0
335300.0,4264750.0,510.0,2.64,10.0
335300.0,4264850.0,510.0,2.64,10.0
335300.0,4264950.0,510.0,2.42,10.0
335300.0,4265050.0,510.0,2.42,10.0
335300.0,4265150.0,510.0,2.42,10.0
335400.0,4259950.0,510.0,2.64,10.0
335400.0,4260050.0,510.0,2.64,10.0
335400.0,4260150.0,510.0,2.64,10.0
335400.0,4260250.0,510.0,2.64,10.0
335400.0,4260350.0,510.0,2.64,10.0
335400.0,4260450.0,510.0,2.64,10.0
335400.0,4260550.0,510.0,2.64,10.0
335400.0,4260650.0,510.0,2.64,10.0
335400.0,4260750.0,510.0,2.64,10.0
335400.0,4260850.0,510.0,2.64,10.0
335400.0,4260950.0,510.0,2.64,10.0
335400.0,4261050.0,510.0,2.64,10.0
335400.0,4261150.0,510.0,2.63,10.0
335400.0,4261250.0,510.0,2.63,10.0
335400.0,4261350.0,510.0,2.63,10.0
335400.0,4261450.0,510.0,2.63,10.0
335400.0,4261550.0,510.0,2.63,10.0
335400.0,4261650.0,510.0,2.63,10.0
335400.0,4261750.0,510.0,2.63,10.0
335400.0,4261850.0,510.0,2.63,10.0
335400.0,4261950.0,510.0,2.63,10.0
335400.0,4262050.0,510.0,2.63,10.0
335400.0,4262150.0,510.0,2.63,10.0
335400.0,4262250.0,510.0,2.63,10.0
335400.0,4262350.0,510.0,2.63,10.0
335400.0,4262450.0,510.0,2.64,10.0
335400.0,4262550.0,510.0,2.64,10.0
335400.0,4262650.0,510.0,2.64,10.0
335400.0,4262750.0,510.0,2.64,10.0
335400.0,4262850.0,510.0,2.64,10.0
335400.0,4262950.0,510.0,2.64,10.0
335400.0,4263050.0,510.0,2.64,10.0
335400.0,4263150.0,510.0,2.64,10.0
335400.0,4263250.0,510.0,2.64,10.0
335400.0,4263350.0,510.0,2.64,10.0
335400.0,4263450.0,510.0,2.64,10.0
335400.0,4263550.0,510.0,2.64,10.0
335400.0,4263650.0,510.0,2.64,10.0
335400.0,4263750.0,510.0,2.64,10.0
335400.0,4263850.0,510.0,2.64,10.0
335400.0,4263950.0,510.0,2.64,10.0
335400.0,4264050.0,510.0,2.64,10.0
335400.0,4264150.0,510.0,2.64,10.0
335400.0,4264250.0,510.0,2.64,10.0
335400.0,4264350.0,510.0,2.64,10.0
335400.0,4264450.0,510.0,2.64,10.0
335400.0,4264550.0,510.0,2.64,10.0
335400.0,4264650.0,510.0,2.64,10.0
335400.0,4264750.0,510.0,2.64,10.0
335400.0,4264850.0,510.0,2.64,10.0
335400.0,4264950.0,510.0,2.64,10.0
335400.0,4265050.0,510.0,2.64,10.0
335400.0,4265150.0,510.0,2.42,10.0
335500.0,4259950.0,510.0,2.64,10.0
335500.0,4260050.0,510.0,2.64,10.0
335500.0,4260150.0,510.0,2.64,10.0
335500.0,4260250.0,510.0,2.64,10.0
335500.0,4260350.0,510.0,2.64,10.0
335500.0,4260450.0,510.0,2.64,10.0
335500.0,4260550.0,510.0,2.64,10.0
335500.0,4260650.0,510.0,2.64,10.0
335500.0,4260750.0,510.0,2.64,10.0
335500.0,4260850.0,510.0,2.64,10.0
335500.0,4260950.0,510.0,2.64,10.0
335500.0,4261050.0,510.0,2.64,10.0
335500.0,4261150.0,510.0,2.64,10.0
335500.0,4261250.0,510.0,2.63,10.0
335500.0,4261350.0,510.0,2.63,10.0
335500.0,4261450.0,510.0,2.63,10.0
335500.0,4261550.0,510.0,2.63,10.0
335500.0,4261650.0,510.0,2.63,10.0
335500.0,4261750.0,510.0,2.63,10.0
335500.0,4261850.0,510.0,2.63,10.0
335500.0,4261950.0,510.0,2.63,10.0
335500.0,4262050.0,510.0,2.63,10.0
335500.0,4262150.0,510.0,2.63,10.0
335500.0,4262250.0,510.0,2.64,10.0
335500.0,4262350.0,510.0,2.64,10.0
335500.0,4262450.0,510.0,2.64,10.0
335500.0,4262550.0,510.0,2.64,10.0
335500.0,4262650.0,510.0,2.64,10.0
335500.0,4262750.0,510.0,2.64,10.0
335500.0,4262850.0,510.0,2.64,10.0
335500.0,4262950.0,510.0,2.64,10.0
335500.0,4263050.0,510.0,2.64,10.0
335500.0,4263150.0,510.0,2.64,10.0
335500.0,4263250.0,510.0,2.64,10.0
335500.0,4263350.0,510.0,2.64,10.0
335500.0,4263450.0,510.0,2.64,10.0
335500.0,4263550.0,510.0,2.64,10.0
335500.0,4263650.0,510.0,2.64,10.0
335500.0,4263750.0,510.0,2.64,10.0
335500.0,4263850.0,510.0,2.64,10.0
335500.0,4263950.0,510.0,2.64,10.0
335500.0,4264050.0,510.0,2.64,10.0
335500.0,4264150.0,510.0,2.64,10.0
335500.0,4264250.0,510.0,2.64,10.0
335500.0,4264350.0,510.0,2.64,10.0
335500.0,4264450.0,510.0,2.64,10.0
335500.0,4264550.0,510.0,2.64,10.0
335500.0,4264650.0,510.0,2.64,10.0
335500.0,4264750.0,510.0,2.64,10.0
335500.0,4264850.0,510.0,2.64,10.0
335500.0,4264950.0,510.0,2.64,10.0
335500.0,4265050.0,510.0,2.64,10.0
335500.0,4265150.0,510.0,2.64,10.0
335600.0,4259950.0,510.0,2.64,10.0
335600.0,4260050.0,510.0,2.64,10.0
335600.0,4260150.0,510.0,2.64,10.0
335600.0,4260250.0,510.0,2.64,10.0
335600.0,4260350.0,510.0,2.64,10.0
335600.0,4260450.0,510.0,2.64,10.0
335600.0,4260550.0,510.0,2.64,10.0
335600.0,4260650.0,510.0,2.64,10.0
335600.0,4260750.0,510.0,2.64,10.0
335600.0,4260850.0,510.0,2.64,10.0
335600.0,4260950.0,510.0,2.64,10.0
335600.0,4261050.0,510.0,2.64,10.0
335600.0,4261150.0,510.0,2.64,10.0
335600.0,4261250.0,510.0,2.64,10.0
335600.0,4261350.0,510.0,2.63,10.0
335600.0,4261450.0,510.0,2.63,10.0
335600.0,4261550.0,510.0,2.63,10.0
335600.0,4261650.0,510.0,2.63,10.0
335600.0,4261750.0,510.0,2.63,10.0
335600.0,4261850.0,510.0,2.63,10.0
335600.0,4261950.0,510.0,2.63,10.0
335600.0,4262050.0,510.0,2.64,10.0
335600.0,4262150.0,510.0,2.64,10.0
335600.0,4262250.0,510.0,2.64,10.0
335600.0,4262350.0,510.0,2.64,10.0
335600.0,4262450.0,510.0,2.64,10.0
335600.0,4262550.0,510.0,2.64,10.0
335600.0,4262650.0,510.0,2.64,10.0
335600.0,4262750.0,510.0,2.64,10.0
335600.0,4262850.0,510.0,2.64,10.0
335600.0,4262950.0,510.0,2.64,10.0
335600.0,4263050.0,510.0,2.64,10.0
335600.0,4263150.0,510.0,2.64,10.0
335600.0,4263250.0,510.0,2.64,10.0
335600.0,4263350.0,510.0,2.64,10.0
335600.0,4263450.0,510.0,2.64,10.0
335600.0,4263550.0,510.0,2.64,10.0
335600.0,4263650.0,510.0,2.64,10.0
335600.0,4263750.0,510.0,2.64,10.0
335600.0,4263850.0,510.0,2.64,10.0
335600.0,4263950.0,510.0,2.64,10.0
335600.0,4264050.0,510.0,2.64,10.0
335600.0,4264150.0,510.0,2.64,10.0
335600.0,4264250.0,510.0,2.64,10.0
335600.0,4264350.0,510.0,2.64,10.0
335600.0,4264450.0,510.0,2.64,10.0
335600.0,4264550.0,510.0,2.64,10.0
335600.0,4264650.0,510.0,2.64,10.0
335600.0,4264750.0,510.0,2.64,10.0
335600.0,4264850.0,510.0,2.64,10.0
335600.0,4264950.0,510.0,2.64,10.0
335600.0,4265050.0,510.0,2.64,10.0
335600.0,4265150.0,510.0,2.64,10.0
335700.0,4259950.0,510.0,2.64,10.0
335700.0,4260050.0,510.0,2.64,10.0
335700.0,4260150.0,510.0,2.64,10.0
335700.0,4260250.0,510.0,2.64,10.0
335700.0,4260350.0,510.0,2.64,10.0
335700.0,4260450.0,510.0,2.64,10.0
335700.0,4260550.0,510.0,2.64,10.0
335700.0,4260650.0,510.0,2.64,10.0
335700.0,4260750.0,510.0,2.64,10.0
335700.0,4260850.0,510.0,2.64,10.0
335700.0,4260950.0,510.0,2.64,10.0
335700.0,4261050.0,510.0,2.64,10.0
335700.0,4261150.0,510.0,2.64,10.0
335700.0,4261250.0,510.0,2.64,10.0
335700.0,4261350.0,510.0,2.64,10.0
335700.0,4261450.0,510.0,2.64,10.0
335700.0,4261550.0,510.0,2.63,10.0
335700.0,4261650.0,510.0,2.63,10.0
335700.0,4261750.0,510.0,2.64,10.0
335700.0,4261850.0,510.0,2.64,10.0
335700.0,4261950.0,510.0,2.64,10.0
335700.0,4262050.0,510.0,2.64,10.0
335700.0,4262150.0,510.0,2.64,10.0
335700.0,4262250.0,510.0,2.64,10.0
335700.0,4262350.0,510.0,2.64,10.0
335700.0,4262450.0,510.0,2.64,10.0
335700.0,4262550.0,510.0,2.64,10.0
335700.0,4262650.0,510.0,2.64,10.0
335700.0,4262750.0,510.0,2.64,10.0
335700.0,4262850.0,510.0,2.64,10.0
335700.0,4262950.0,510.0,2.64,10.0
335700.0,4263050.0,510.0,2.64,10.0
335700.0,4263150.0,510.0,2.64,10.0
335700.0,4263250.0,510.0,2.64,10.0
335700.0,4263350.0,510.0,2.64,10.0
335700.0,4263450.0,510.0,2.64,10.0
335700.0,4263550.0,510.0,2.64,10.0
335700.0,4263650.0,510.0,2.64,10.0
335700.0,4263750.0,510.0,2.64,10.0
335700.0,4263850.0,510.0,2.64,10.0
335700.0,4263950.0,510.0,2.64,10.0
335700.0,4264050.0,510.0,2.64,10.0
335700.0,4264150.0,510.0,2.64,10.0
335700.0,4264250.0,510.0,2.64,10.0
335700.0,4264350.0,510.0,2.64,10.0
335700.0,4264450.0,510.0,2.64,10.0
335700.0,4264550.0,510.0,2.64,10.0
335700.0,4264650.0,510.0,2.64,10.0
335700.0,4264750.0,510.0,2.64,10.0
335700.0,4264850.0,510.0,2.64,10.0
335700.0,4264950.0,510.0,2.64,10.0
335700.0,4265050.0,510.0,2.64,10.0
335700.0,4265150.0,510.0,2.64,10.0
335800.0,4259950.0,510.0,2.64,10.0
335800.0,4260050.0,510.0,2.64,10.0
335800.0,4260150.0,510.0,2.64,10.0
335800.0,4260250.0,510.0,2.64,10.0
335800.0,4260350.0,510.0,2.64,10.0
335800.0,4260450.0,510.0,2.64,10.0
335800.0,4260550.0,510.0,2.64,10.0
335800.0,4260650.0,510.0,2.64,10.0
335800.0,4260750.0,510.0,2.64,10.0
335800.0,4260850.0,510.0,2.64,10.0
335800.0,4260950.0,510.0,2.64,10.0
335800.0,4261050.0,510.0,2.64,10.0
335800.0,4261150.0,510.0,2.64,10.0
335800.0,4261250.0,510.0,2.64,10.0
335800.0,4261350.0,510.0,2.64,10.0
335800.0,4261450.0,510.0,2.64,10.0
335800.0,4261550.0,510.0,2.64,10.0
335800.0,4261650.0,510.0,2.64,10.0
335800.0,4261750.0,510.0,2.64,10.0
335800.0,4261850.0,510.0,2.64,10.0
335800.0,4261950.0,510.0,2.64,10.0
335800.0,4262050.0,510.0,2.64,10.0
335800.0,4262150.0,510.0,2.64,10.0
335800.0,4262250.0,510.0,2.64,10.0
335800.0,4262350.0,510.0,2.64,10.0
335800.0,4262450.0,510.0,2.64,10.0
335800.0,4262550.0,510.0,2.64,10.0
335800.0,4262650.0,510.0,2.64,10.0
335800.0,4262750.0,510.0,2.64,10.0
335800.0,4262850.0,510.0,2.64,10.0
335800.0,4262950.0,510.0,2.64,10.0
335800.0,4263050.0,510.0,2.64,10.0
335800.0,4263150.0,510.0,2.64,10.0
335800.0,4263250.0,510.0,2.64,10.0
335800.0,4263350.0,510.0,2.64,10.0
335800.0,4263450.0,510.0,2.64,10.0
335800.0,4263550.0,510.0,2.64,10.0
335800.0,4263650.0,510.0,2.64,10.0
335800.0,4263750.0,510.0,2.64,10.0
335800.0,4263850.0,510.0,2.64,10.0
335800.0,4263950.0,510.0,2.64,10.0
335800.0,4264050.0,510.0,2.64,10.0
335800.0,4264150.0,510.0,2.64,10.0
335800.0,4264250.0,510.0,2.64,10.0
335800.0,4264350.0,510.0,2.64,10.0
335800.0,4264450.0,510.0,2.64,10.0
335800.0,4264550.0,510.0,2.64,10.0
335800.0,4264650.0,510.0,2.64,10.0
335800.0,4264750.0,510.0,2.64,10.0
335800.0,4264850.0,510.0,2.64,10.0
335800.0,4264950.0,510.0,2.64,10.0
335800.0,4265050.0,510.0,2.64,10.0
335800.0,4265150.0,510.0,2.64,10.0
335900.0,4259950.0,510.0,2.64,10.0
335900.0,4260050.0,510.0,2.64,10.0
335900.0,4260150.0,510.0,2.64,10.0
335900.0,4260250.0,510.0,2.64,10.0
335900.0,4260350.0,510.0,2.64,10.0
335900.0,4260450.0,510.0,2.64,10.0
335900.0,4260550.0,510.0,2.64,10.0
335900.0,4260650.0,510.0,2.64,10.0
335900.0,4260750.0,510.0,2.64,10.0
335900.0,4260850.0,510.0,2.64,10.0
335900.0,4260950.0,510.0,2.64,10.0
335900.0,4261050.0,510.0,2.64,10.0
335900.0,4261150.0,510.0,2.64,10.0
335900.0,4261250.0,510.0,2.64,10.0
335900.0,4261350.0,510.0,2.64,10.0
335900.0,4261450.0,510.0,2.64,10.0
335900.0,4261550.0,510.0,2.64,10.0
335900.0,4261650.0,510.0,2.64,10.0
335900.0,4261750.0,510.0,2.64,10.0
335900.0,4261850.0,510.0,2.64,10.0
335900.0,4261950.0,510.0,2.64,10.0
335900.0,4262050.0,510.0,2.64,10.0
335900.0,4262150.0,510.0,2.64,10.0
335900.0,4262250.0,510.0,2.64,10.0
335900.0,4262350.0,510.0,2.64,10.0
335900.0,4262450.0,510.0,2.64,10.0
335900.0,4262550.0,510.0,2.64,10.0
335900.0,4262650.0,510.0,2.64,10.0
335900.0,4262750.0,510.0,2.64,10.0
335900.0,4262850.0,510.0,2.64,10.0
335900.0,4262950.0,510.0,2.64,10.0
335900.0,4263050.0,510.0,2.64,10.0
335900.0,4263150.0,510.0,2.64,10.0
335900.0,4263250.0,510.0,2.64,10.0
335900.0,4263350.0,510.0,2.64,10.0
335900.0,4263450.0,510.0,2.64,10.0
335900.0,4263550.0,510.0,2.64,10.0
335900.0,4263650.0,510.0,2.64,10.0
335900.0,4263750.0,510.0,2.64,10.0
335900.0,4263850.0,510.0,2.64,10.0
335900.0,4263950.0,510.0,2.64,10.0
335900.0,4264050.0,510.0,2.64,10.0
335900.0,4264150.0,510.0,2.64,10.0
335900.0,4264250.0,510.0,2.64,10.0
335900.0,4264350.0,510.0,2.64,10.0
335900.0,4264450.0,510.0,2.64,10.0
335900.0,4264550.0,510.0,2.64,10.0
335900.0,4264650.0,510.0,2.64,10.0
335900.0,4264750.0,510.0,2.64,10.0
335900.0,4264850.0,510.0,2.64,10.0
335900.0,4264950.0,510.0,2.64,10.0
335900.0,4265050.0,510.0,2.64,10.0
335900.0,4265150.0,510.0,2.64,10.0
336000.0,4259950.0,510.0,2.64,10.0
336000.0,4260050.0,510.0,2.64,10.0
336000.0,4260150.0,510.0,2.64,10.0
336000.0,4260250.0,510.0,2.64,10.0
336000.0,4260350.0,510.0,2.64,10.0
336000.0,4260450.0,510.0,2.64,10.0
336000.0,4260550.0,510.0,2.64,10.0
336000.0,4260650.0,510.0,2.64,10.0
336000.0,4260750.0,510.0,2.64,10.0
336000.0,4260850.0,510.0,2.64,10.0
336000.0,4260950.0,510.0,2.64,10.0
336000.0,4261050.0,510.0,2.64,10.0
336000.0,4261150.0,510.0,2.64,10.0
336000.0,4261250.0,510.0,2.64,10.0
336000.0,4261350.0,510.0,2.64,10.0
336000.0,4261450.0,510.0,2.64,10.0
336000.0,4261550.0,510.0,2.64,10.0
336000.0,4261650.0,510.0,2.64,10.0
336000.0,4261750.0,510.0,2.64,10.0
336000.0,4261850.0,510.0,2.64,10.0
336000.0,4261950.0,510.0,2.64,10.0
336000.0,4262050.0,510.0,2.64,10.0
336000.0,4262150.0,510.0,2.64,10.0
336000.0,4262250.0,510.0,2.64,10.0
336000.0,4262350.0,510.0,2.64,10.0
336000.0,4262450.0,510.0,2.64,10.0
336000.0,4262550.0,510.0,2.64,10.0
336000.0,4262650.0,510.0,2.64,10.0
336000.0,4262750.0,510.0,2.64,10.0
336000.0,4262850.0,510.0,2.64,10.0
336000.0,4262950.0,510.0,2.64,10.0
336000.0,4263050.0,510.0,2.64,10.0
336000.0,4263150.0,510.0,2.64,10.0
336000.0,4263250.0,510.0,2.64,10.0
336000.0,4263350.0,510.0,2.64,10.0
336000.0,4263450.0,510.0,2.64,10.0
336000.0,4263550.0,510.0,2.64,10.0
336000.0,4263650.0,510.0,2.64,10.0
336000.0,4263750.0,510.0,2.64,10.0
336000.0,4263850.0,510.0,2.64,10.0
336000.0,4263950.0,510.0,2.64,10.0
336000.0,4264050.0,510.0,2.64,10.0
336000.0,4264150.0,510.0,2.64,10.0
336000.0,4264250.0,510.0,2.64,10.0
336000.0,4264350.0,510.0,2.64,10.0
336000.0,4264450.0,510.0,2.64,10.0
336000.0,4264550.0,510.0,2.64,10.0
336000.0,4264650.0,510.0,2.64,10.0
336000.0,4264750.0,510.0,2.64,10.0
336000.0,4264850.0,510.0,2.64,10.0
336000.0,4264950.0,510.0,2.64,10.0
336000.0,4265050.0,510.0,2.64,10.0
336000.0,4265150.0,510.0,2.64,10.0
336100.0,4259950.0,510.0,2.64,10.0
336100.0,4260050.0,510.0,2.64,10.0
336100.0,4260150.0,510.0,2.64,10.0
336100.0,4260250.0,510.0,2.64,10.0
336100.0,4260350.0,510.0,2.64,10.0
336100.0,4260450.0,510.0,2.64,10.0
336100.0,4260550.0,510.0,2.64,10.0
336100.0,4260650.0,510.0,2.64,10.0
336100.0,4260750.0,510.0,2.64,10.0
336100.0,4260850.0,510.0,2.64,10.0
336100.0,4260950.0,510.0,2.64,10.0
336100.0,4261050.0,510.0,2.64,10.0
336100.0,4261150.0,510.0,2.64,10.0
336100.0,4261250.0,510.0,2.64,10.0
336100.0,4261350.0,510.0,2.64,10.0
336100.0,4261450.0,510.0,2.64,10.0
336100.0,4261550.0,510.0,2.64,10.0
336100.0,4261650.0,510.0,2.64,10.0
336100.0,4261750.0,510.0,2.64,10.0
336100.0,4261850.0,510.0,2.64,10.0
336100.0,4261950.0,510.0,2.64,10.0
336100.0,4262050.0,510.0,2.64,10.0
336100.0,4262150.0,510.0,2.64,10.0
336100.0,4262250.0,510.0,2.64,10.0
336100.0,4262350.0,510.0,2.64,10.0
336100.0,4262450.0,510.0,2.64,10.0
336100.0,4262550.0,510.0,2.64,10.0
336100.0,4262650.0,510.0,2.64,10.0
336100.0,4262750.0,510.0,2.64,10.0
336100.0,4262850.0,510.0,2.64,10.0
336100.0,4262950.0,510.0,2.64,10.0
336100.0,4263050.0,510.0,2.64,10.0
336100.0,4263150.0,510.0,2.64,10.0
336100.0,4263250.0,510.0,2.64,10.0
336100.0,4263350.0,510.0,2.64,10.0
336100.0,4263450.0,510.0,2.64,10.0
336100.0,4263550.0,510.0,2.64,10.0
336100.0,4263650.0,510.0,2.64,10.0
336100.0,4263750.0,510.0,2.64,10.0
336100.0,4263850.0,510.0,2.64,10.0
336100.0,4263950.0,510.0,2.64,10.0
336100.0,4264050.0,510.0,2.64,10.0
336100.0,4264150.0,510.0,2.64,10.0
336100.0,4264250.0,510.0,2.64,10.0
336100.0,4264350.0,510.0,2.64,10.0
336100.0,4264450.0,510.0,2.64,10.0
336100.0,4264550.0,510.0,2.64,10.0
336100.0,4264650.0,510.0,2.64,10.0
336100.0,4264750.0,510.0,2.64,10.0
336100.0,4264850.0,510.0,2.64,10.0
336100.0,4264950.0,510.0,2.64,10.0
336100.0,4265050.0,510.0,2.64,10.0
336100.0,4265150.0,510.0,2.65,10.0
336200.0,4259950.0,510.0,2.64,10.0
336200.0,4260050.0,510.0,2.64,10.0
336200.0,4260150.0,510.0,2.64,10.0
336200.0,4260250.0,510.0,2.64,10.0
336200.0,4260350.0,510.0,2.64,10.0
336200.0,4260450.0,510.0,2.64,10.0
336200.0,4260550.0,510.0,2.64,10.0
336200.0,4260650.0,510.0,2.64,10.0
336200.0,4260750.0,510.0,2.64,10.0
336200.0,4260850.0,510.0,2.64,10.0
336200.0,4260950.0,510.0,2.64,10.0
336200.0,4261050.0,510.0,2.64,10.0
336200.0,4261150.0,510.0,2.64,10.0
336200.0,4261250.0,510.0,2.64,10.0
336200.0,4261350.0,510.0,2.64,10.0
336200.0,4261450.0,510.0,2.64,10.0
336200.0,4261550.0,510.0,2.64,10.0
336200.0,4261650.0,510.0,2.64,10.0
336200.0,4261750.0,510.0,2.64,10.0
336200.0,4261850.0,510.0,2.64,10.0
336200.0,4261950.0,510.0,2.64,10.0
336200.0,4262050.0,510.0,2.64,10.0
336200.0,4262150.0,510.0,2.64,10.0
336200.0,4262250.0,510.0,2.64,10.0
336200.0,4262350.0,510.0,2.64,10.0
336200.0,4262450.0,510.0,2.64,10.0
336200.0,4262550.0,510.0,2.64,10.0
336200.0,4262650.0,510.0,2.64,10.0
336200.0,4262750.0,510.0,2.64,10.0
336200.0,4262850.0,510.0,2.64,10.0
336200.0,4262950.0,510.0,2.64,10.0
336200.0,4263050.0,510.0,2.64,10.0
336200.0,4263150.0,510.0,2.64,10.0
336200.0,4263250.0,510.0,2.64,10.0
336200.0,4263350.0,510.0,2.64,10.0
336200.0,4263450.0,510.0,2.64,10.0
336200.0,4263550.0,510.0,2.64,10.0
336200.0,4263650.0,510.0,2.64,10.0
336200.0,4263750.0,510.0,2.64,10.0
336200.0,4263850.0,510.0,2.64,10.0
336200.0,4263950.0,510.0,2.64,10.0
336200.0,4264050.0,510.0,2.64,10.0
336200.0,4264150.0,510.0,2.64,10.0
336200.0,4264250.0,510.0,2.64,10.0
336200.0,4264350.0,510.0,2.64,10.0
336200.0,4264450.0,510.0,2.64,10.0
336200.0,4264550.0,510.0,2.64,10.0
336200.0,4264650.0,510.0,2.64,10.0
336200.0,4264750.0,510.0,2.64,10.0
336200.0,4264850.0,510.0,2.64,10.0
336200.0,4264950.0,510.0,2.65,10.0
336200.0,4265050.0,510.0,2.67,10.0
336200.0,4265150.0,510.0,2.7,10.0
336300.0,4259950.0,510.0,2.64,10.0
336300.0,4260050.0,510.0,2.64,10.0
336300.0,4260150.0,510.0,2.64,10.0
336300.0,4260250.0,510.0,2.64,10.0
336300.0,4260350.0,510.0,2.64,10.0
336300.0,4260450.0,510.0,2.64,10.0
336300.0,4260550.0,510.0,2.64,10.0
336300.0,4260650.0,510.0,2.64,10.0
336300.0,4260750.0,510.0,2.64,10.0
336300.0,4260850.0,510.0,2.64,10.0
336300.0,4260950.0,510.0,2.64,10.0
336300.0,4261050.0,510.0,2.64,10.0
336300.0,4261150.0,510.0,2.64,10.0
336300.0,4261250.0,510.0,2.64,10.0
336300.0,4261350.0,510.0,2.64,10.0
336300.0,4261450.0,510.0,2.64,10.0
336300.0,4261550.0,510.0,2.64,10.0
336300.0,4261650.0,510.0,2.64,10.0
336300.0,4261750.0,510.0,2.64,10.0
336300.0,4261850.0,510.0,2.64,10.0
336300.0,4261950.0,510.0,2.64,10.0
336300.0,4262050.0,510.0,2.64,10.0
336300.0,4262150.0,510.0,2.64,10.0
336300.0,4262250.0,510.0,2.64,10.0
336300.0,4262350.0,510.0,2.64,10.0
336300.0,4262450.0,510.0,2.64,10.0
336300.0,4262550.0,510.0,2.64,10.0
336300.0,4262650.0,510.0,2.64,10.0
336300.0,4262750.0,510.0,2.64,10.0
336300.0,4262850.0,510.0,2.64,10.0
336300.0,4262950.0,510.0,2.64,10.0
336300.0,4263050.0,510.0,2.64,10.0
336300.0,4263150.0,510.0,2.64,10.0
336300.0,4263250.0,510.0,2.64,10.0
336300.0,4263350.0,510.0,2.64,10.0
336300.0,4263450.0,510.0,2.64,10.0
336300.0,4263550.0,510.0,2.64,10.0
336300.0,4263650.0,510.0,2.64,10.0
336300.0,4263750.0,510.0,2.64,10.0
336300.0,4263850.0,510.0,2.64,10.0
336300.0,4263950.0,510.0,2.64,10.0
336300.0,4264050.0,510.0,2.64,10.0
336300.0,4264150.0,510.0,2.64,10.0
336300.0,4264250.0,510.0,2.64,10.0
336300.0,4264350.0,510.0,2.64,10.0
336300.0,4264450.0,510.0,2.64,10.0
336300.0,4264550.0,510.0,2.64,10.0
336300.0,4264650.0,510.0,2.64,10.0
336300.0,4264750.0,510.0,2.65,10.0
336300.0,4264850.0,510.0,2.66,10.0
336300.0,4264950.0,510.0,2.69,10.0
336300.0,4265050.0,510.0,2.73,10.0
336300.0,4265150.0,510.0,2.77,10.0
336400.0,4259950.0,510.0,2.64,10.0
336400.0,4260050.0,510.0,2.64,10.0
336400.0,4260150.0,510.0,2.64,10.0
336400.0,4260250.0,510.0,2.64,10.0
336400.0,4260350.0,510.0,2.64,10.0
336400.0,4260450.0,510.0,2.64,10.0
336400.0,4260550.0,510.0,2.64,10.0
336400.0,4260650.0,510.0,2.64,10.0
336400.0,4260750.0,510.0,2.64,10.0
336400.0,4260850.0,510.0,2.64,10.0
336400.0,4260950.0,510.0,2.64,10.0
336400.0,4261050.0,510.0,2.64,10.0
336400.0,4261150.0,510.0,2.64,10.0
336400.0,4261250.0,510.0,2.64,10.0
336400.0,4261350.0,510.0,2.64,10.0
336400.0,4261450.0,510.0,2.64,10.0
336400.0,4261550.0,510.0,2.64,10.0
336400.0,4261650.0,510.0,2.64,10.0
336400.0,4261750.0,510.0,2.64,10.0
336400.0,4261850.0,510.0,2.64,10.0
336400.0,4261950.0,510.0,2.64,10.0
336400.0,4262050.0,510.0,2.64,10.0
336400.0,4262150.0,510.0,2.64,10.0
336400.0,4262250.0,510.0,2.64,10.0
336400.0,4262350.0,510.0,2.64,10.0
336400.0,4262450.0,510.0,2.64,10.0
336400.0,4262550.0,510.0,2.64,10.0
336400.0,4262650.0,510.0,2.64,10.0
336400.0,4262750.0,510.0,2.64,10.0
336400.0,4262850.0,510.0,2.64,10.0
336400.0,4262950.0,510.0,2.64,10.0
336400.0,4263050.0,510.0,2.64,10.0
336400.0,4263150.0,510.0,2.64,10.0
336400.0,4263250.0,510.0,2.64,10.0
336400.0,4263350.0,510.0,2.64,10.0
336400.0,4263450.0,510.0,2.64,10.0
336400.0,4263550.0,510.0,2.64,10.0
336400.0,4263650.0,510.0,2.64,10.0
336400.0,4263750.0,510.0,2.64,10.0
336400.0,4263850.0,510.0,2.64,10.0
336400.0,4263950.0,510.0,2.64,10.0
336400.0,4264050.0,510.0,2.64,10.0
336400.0,4264150.0,510.0,2.64,10.0
336400.0,4264250.0,510.0,2.64,10.0
336400.0,4264350.0,510.0,2.64,10.0
336400.0,4264450.0,510.0,2.64,10.0
336400.0,4264550.0,510.0,2.64,10.0
336400.0,4264650.0,510.0,2.65,10.0
336400.0,4264750.0,510.0,2.68,10.0
336400.0,4264850.0,510.0,2.72,10.0
336400.0,4264950.0,510.0,2.77,10.0
336400.0,4265050.0,510.0,2.8,10.0
336400.0,4265150.0,510.0,2.82,10.0
336500.0,4259950.0,510.0,2.64,10.0
336500.0,4260050.0,510.0,2.64,10.0
336500.0,4260150.0,510.0,2.64,10.0
336500.0,4260250.0,510.0,2.64,10.0
336500.0,4260350.0,510.0,2.64,10.0
336500.0,4260450.0,510.0,2.64,10.0
336500.0,4260550.0,510.0,2.64,10.0
336500.0,4260650.0,510.0,2.64,10.0
336500.0,4260750.0,510.0,2.64,10.0
336500.0,4260850.0,510.0,2.64,10.0
336500.0,4260950.0,510.0,2.64,10.0
336500.0,4261050.0,510.0,2.64,10.0
336500.0,4261150.0,510.0,2.64,10.0
336500.0,4261250.0,510.0,2.64,10.0
336500.0,4261350.0,510.0,2.64,10.0
336500.0,4261450.0,510.0,2.64,10.0
336500.0,4261550.0,510.0,2.64,10.0
336500.0,4261650.0,510.0,2.64,10.0
336500.0,4261750.0,510.0,2.64,10.0
336500.0,4261850.0,510.0,2.64,10.0
336500.0,4261950.0,510.0,2.64,10.0
336500.0,4262050.0,510.0,2.64,10.0
336500.0,4262150.0,510.0,2.64,10.0
336500.0,4262250.0,510.0,2.64,10.0
336500.0,4262350.0,510.0,2.64,10.0
336500.0,4262450.0,510.0,2.64,10.0
336500.0,4262550.0,510.0,2.64,10.0
336500.0,4262650.0,510.0,2.64,10.0
336500.0,4262750.0,510.0,2.64,10.0
336500.0,4262850.0,510.0,2.64,10.0
336500.0,4262950.0,510.0,2.64,10.0
336500.0,4263050.0,510.0,2.64,10.0
336500.0,4263150.0,510.0,2.64,10.0
336500.0,4263250.0,510.0,2.64,10.0
336500.0,4263350.0,510.0,2.64,10.0
336500.0,4263450.0,510.0,2.64,10.0
336500.0,4263550.0,510.0,2.64,10.0
336500.0,4263650.0,510.0,2.64,10.0
336500.0,4263750.0,510.0,2.64,10.0
336500.0,4263850.0,510.0,2.64,10.0
336500.0,4263950.0,510.0,2.64,10.0
336500.0,4264050.0,510.0,2.64,10.0
336500.0,4264150.0,510.0,2.64,10.0
336500.0,4264250.0,510.0,2.64,10.0
336500.0,4264350.0,510.0,2.64,10.0
336500.0,4264450.0,510.0,2.64,10.0
336500.0,4264550.0,510.0,2.66,10.0
336500.0,4264650.0,510.0,2.7,10.0
336500.0,4264750.0,510.0,2.75,10.0
336500.0,4264850.0,510.0,2.8,10.0
336500.0,4264950.0,510.0,2.82,10.0
336500.0,4265050.0,510.0,2.84,10.0
336500.0,4265150.0,510.0,2.84,10.0
336600.0,4259950.0,510.0,2.64,10.0
336600.0,4260050.0,510.0,2.64,10.0
336600.0,4260150.0,510.0,2.64,10.0
336600.0,4260250.0,510.0,2.64,10.0
336600.0,4260350.0,510.0,2.64,10.0
336600.0,4260450.0,510.0,2.64,10.0
336600.0,4260550.0,510.0,2.64,10.0
336600.0,4260650.0,510.0,2.64,10.0
336600.0,4260750.0,510.0,2.64,10.0
336600.0,4260850.0,510.0,2.64,10.0
336600.0,4260950.0,510.0,2.64,10.0
336600.0,4261050.0,510.0,2.64,10.0
336600.0,4261150.0,510.0,2.64,10.0
336600.0,4261250.0,510.0,2.64,10.0
336600.0,4261350.0,510.0,2.64,10.0
336600.0,4261450.0,510.0,2.64,10.0
336600.0,4261550.0,510.0,2.64,10.0
336600.0,4261650.0,510.0,2.64,10.0
336600.0,4261750.0,510.0,2.64,10.0
336600.0,4261850.0,510.0,2.64,10.0
336600.0,4261950.0,510.0,2.64,10.0
336600.0,4262050.0,510.0,2.64,10.0
336600.0,4262150.0,510.0,2.64,10.0
336600.0,4262250.0,510.0,2.64,10.0
336600.0,4262350.0,510.0,2.64,10.0
336600.0,4262450.0,510.0,2.64,10.0
336600.0,4262550.0,510.0,2.64,10.0
336600.0,4262650.0,510.0,2.64,10.0
336600.0,4262750.0,510.0,2.64,10.0
336600.0,4262850.0,510.0,2.64,10.0
336600.0,4262950.0,510.0,2.64,10.0
336600.0,4263050.0,510.0,2.64,10.0
336600.0,4263150.0,510.0,2.64,10.0
336600.0,4263250.0,510.0,2.64,10.0
336600.0,4263350.0,510.0,2.64,10.0
336600.0,4263450.0,510.0,2.64,10.0
336600.0,4263550.0,510.0,2.64,10.0
336600.0,4263650.0,510.0,2.64,10.0
336600.0,4263750.0,510.0,2.64,10.0
336600.0,4263850.0,510.0,2.64,10.0
336600.0,4263950.0,510.0,2.64,10.0
336600.0,4264050.0,510.0,2.64,10.0
336600.0,4264150.0,510.0,2.64,10.0
336600.0,4264250.0,510.0,2.64,10.0
336600.0,4264350.0,510.0,2.64,10.0
336600.0,4264450.0,510.0,2.66,10.0
336600.0,4264550.0,510.0,2.71,10.0
336600.0,4264650.0,510.0,2.77,10.0
336600.0,4264750.0,510.0,2.81,10.0
336600.0,4264850.0,510.0,2.83,10.0
336600.0,4264950.0,510.0,2.84,10.0
336600.0,4265050.0,510.0,2.85,10.0
336600.0,4265150.0,510.0,2.85,10.0
336700.0,4259950.0,510.0,2.64,10.0
336700.0,4260050.0,510.0,2.64,10.0
336700.0,4260150.0,510.0,2.64,10.0
336700.0,4260250.0,510.0,2.64,10.0
336700.0,4260350.0,510.0,2.64,10.0
336700.0,4260450.0,510.0,2.64,10.0
336700.0,4260550.0,510.0,2.64,10.0
336700.0,4260650.0,510.0,2.64,10.0
336700.0,4260750.0,510.0,2.64,10.0
336700.0,4260850.0,510.0,2.64,10.0
336700.0,4260950.0,510.0,2.64,10.0
336700.0,4261050.0,510.0,2.64,10.0
336700.0,4261150.0,510.0,2.64,10.0
336700.0,4261250.0,510.0,2.64,10.0
336700.0,4261350.0,510.0,2.64,10.0
336700.0,4261450.0,510.0,2.64,10.0
336700.0,4261550.0,510.0,2.64,10.0
336700.0,4261650.0,510.0,2.64,10.0
336700.0,4261750.0,510.0,2.64,10.0
336700.0,4261850.0,510.0,2.64,10.0
336700.0,4261950.0,510.0,2.64,10.0
336700.0,4262050.0,510.0,2.64,10.0
336700.0,4262150.0,510.0,2.64,10.0
336700.0,4262250.0,510.0,2.64,10.0
336700.0,4262350.0,510.0,2.64,10.0
336700.0,4262450.0,510.0,2.64,10.0
336700.0,4262550.0,510.0,2.64,10.0
336700.0,4262650.0,510.0,2.64,10.0
336700.0,4262750.0,510.0,2.64,10.0
336700.0,4262850.0,510.0,2.64,10.0
336700.0,4262950.0,510.0,2.64,10.0
336700.0,4263050.0,510.0,2.64,10.0
336700.0,4263150.0,510.0,2.64,10.0
336700.0,4263250.0,510.0,2.64,10.0
336700.0,4263350.0,510.0,2.64,10.0
336700.0,4263450.0,510.0,2.64,10.0
336700.0,4263550.0,510.0,2.64,10.0
336700.0,4263650.0,510.0,2.64,10.0
336700.0,4263750.0,510.0,2.64,10.0
336700.0,4263850.0,510.0,2.64,10.0
336700.0,4263950.0,510.0,2.64,10.0
336700.0,4264050.0,510.0,2.64,10.0
336700.0,4264150.0,510.0,2.64,10.0
336700.0,4264250.0,510.0,2.64,10.0
336700.0,4264350.0,510.0,2.66,10.0
336700.0,4264450.0,510.0,2.72,10.0
336700.0,4264550.0,510.0,2.78,10.0
336700.0,4264650.0,510.0,2.82,10.0
336700.0,4264750.0,510.0,2.84,10.0
336700.0,4264850.0,510.0,2.85,10.0
336700.0,4264950.0,510.0,2.85,10.0
336700.0,4265050.0,510.0,2.85,10.0
336700.0,4265150.0,510.0,2.86,10.0
336800.0,4259950.0,510.0,2.64,10.0
336800.0,4260050.0,510.0,2.64,10.0
336800.0,4260150.0,510.0,2.64,10.0
336800.0,4260250.0,510.0,2.64,10.0
336800.0,4260350.0,510.0,2.64,10.0
336800.0,4260450.0,510.0,2.64,10.0
336800.0,4260550.0,510.0,2.64,10.0
336800.0,4260650.0,510.0,2.64,10.0
336800.0,4260750.0,510.0,2.64,10.0
336800.0,4260850.0,510.0,2.64,10.0
336800.0,4260950.0,510.0,2.64,10.0
336800.0,4261050.0,510.0,2.64,10.0
336800.0,4261150.0,510.0,2.64,10.0
336800.0,4261250.0,510.0,2.64,10.0
336800.0,4261350.0,510.0,2.64,10.0
336800.0,4261450.0,510.0,2.64,10.0
336800.0,4261550.0,510.0,2.64,10.0
336800.0,4261650.0,510.0,2.64,10.0
336800.0,4261750.0,510.0,2.64,10.0
336800.0,4261850.0,510.0,2.64,10.0
336800.0,4261950.0,510.0,2.64,10.0
336800.0,4262050.0,510.0,2.64,10.0
336800.0,4262150.0,510.0,2.64,10.0
336800.0,4262250.0,510.0,2.64,10.0
336800.0,4262350.0,510.0,2.64,10.0
336800.0,4262450.0,510.0,2.64,10.0
336800.0,4262550.0,510.0,2.64,10.0
336800.0,4262650.0,510.0,2.64,10.0
336800.0,4262750.0,510.0,2.64,10.0
336800.0,4262850.0,510.0,2.64,10.0
336800.0,4262950.0,510.0,2.64,10.0
336800.0,4263050.0,510.0,2.64,10.0
336800.0,4263150.0,510.0,2.64,10.0
336800.0,4263250.0,510.0,2.64,10.0
336800.0,4263350.0,510.0,2.64,10.0
336800.0,4263450.0,510.0,2.64,10.0
336800.0,4263550.0,510.0,2.64,10.0
336800.0,4263650.0,510.0,2.64,10.0
336800.0,4263750.0,510.0,2.64,10.0
336800.0,4263850.0,510.0,2.64,10.0
336800.0,4263950.0,510.0,2.64,10.0
336800.0,4264050.0,510.0,2.64,10.0
336800.0,4264150.0,510.0,2.64,10.0
336800.0,4264250.0,510.0,2.66,10.0
336800.0,4264350.0,510.0,2.72,10.0
336800.0,4264450.0,510.0,2.78,10.0
336800.0,4264550.0,510.0,2.82,10.0
336800.0,4264650.0,510.0,2.84,10.0
336800.0,4264750.0,510.0,2.85,10.0
336800.0,4264850.0,510.0,2.85,10.0
336800.0,4264950.0,510.0,2.86,10.0
336800.0,4265050.0,510.0,2.86,10.0
336800.0,4265150.0,510.0,2.86,10.0
336900.0,4259950.0,510.0,2.64,10.0
336900.0,4260050.0,510.0,2.64,10.0
336900.0,4260150.0,510.0,2.64,10.0
336900.0,4260250.0,510.0,2.64,10.0
336900.0,4260350.0,510.0,2.64,10.0
336900.0,4260450.0,510.0,2.64,10.0
336900.0,4260550.0,510.0,2.64,10.0
336900.0,4260650.0,510.0,2.64,10.0
336900.0,4260750.0,510.0,2.64,10.0
336900.0,4260850.0,510.0,2.64,10.0
336900.0,4260950.0,510.0,2.64,10.0
336900.0,4261050.0,510.0,2.64,10.0
336900.0,4261150.0,510.0,2.64,10.0
336900.0,4261250.0,510.0,2.64,10.0
336900.0,4261350.0,510.0,2.64,10.0
336900.0,4261450.0,510.0,2.64,10.0
336900.0,4261550.0,510.0,2.64,10.0
336900.0,4261650.0,510.0,2.64,10.0
336900.0,4261750.0,510.0,2.64,10.0
336900.0,4261850.0,510.0,2.64,10.0
336900.0,4261950.0,510.0,2.64,10.0
336900.0,4262050.0,510.0,2.64,10.0
336900.0,4262150.0,510.0,2.64,10.0
336900.0,4262250.0,510.0,2.64,10.0
336900.0,4262350.0,510.0,2.64,10.0
336900.0,4262450.0,510.0,2.64,10.0
336900.0,4262550.0,510.0,2.64,10.0
336900.0,4262650.0,510.0,2.64,10.0
336900.0,4262750.0,510.0,2.64,10.0
336900.0,4262850.0,510.0,2.64,10.0
336900.0,4262950.0,510.0,2.64,10.0
336900.0,4263050.0,510.0,2.64,10.0
336900.0,4263150.0,510.0,2.64,10.0
336900.0,4263250.0,510.0,2.64,10.0
336900.0,4263350.0,510.0,2.64,10.0
336900.0,4263450.0,510.0,2.64,10.0
336900.0,4263550.0,510.0,2.64,10.0
336900.0,4263650.0,510.0,2.64,10.0
336900.0,4263750.0,510.0,2.64,10.0
336900.0,4263850.0,510.0,2.64,10.0
336900.0,4263950.0,510.0,2.64,10.0
336900.0,4264050.0,510.0,2.64,10.0
336900.0,4264150.0,510.0,2.66,10.0
336900.0,4264250.0,510.0,2.71,10.0
336900.0,4264350.0,510.0,2.77,10.0
336900.0,4264450.0,510.0,2.82,10.0
336900.0,4264550.0,510.0,2.84,10.0
336900.0,4264650.0,510.0,2.85,10.0
336900.0,4264750.0,510.0,2.85,10.0
336900.0,4264850.0,510.0,2.86,10.0
336900.0,4264950.0,510.0,2.86,10.0
336900.0,4265050.0,510.0,2.86,10.0
336900.0,4265150.0,510.0,2.86,10.0
337000.0,4259950.0,510.0,2.64,10.0
337000.0,4260050.0,510.0,2.64,10.0
337000.0,4260150.0,510.0,2.64,10.0
337000.0,4260250.0,510.0,2.64,10.0
337000.0,4260350.0,510.0,2.64,10.0
337000.0,4260450.0,510.0,2.64,10.0
337000.0,4260550.0,510.0,2.64,10.0
337000.0,4260650.0,510.0,2.64,10.0
337000.0,4260750.0,510.0,2.64,10.0
337000.0,4260850.0,510.0,2.64,10.0
337000.0,4260950.0,510.0,2.64,10.0
337000.0,4261050.0,510.0,2.64,10.0
337000.0,4261150.0,510.0,2.64,10.0
337000.0,4261250.0,510.0,2.64,10.0
337000.0,4261350.0,510.0,2.64,10.0
337000.0,4261450.0,510.0,2.64,10.0
337000.0,4261550.0,510.0,2.64,10.0
337000.0,4261650.0,510.0,2.64,10.0
337000.0,4261750.0,510.0,2.64,10.0
337000.0,4261850.0,510.0,2.64,10.0
337000.0,4261950.0,510.0,2.64,10.0
337000.0,4262050.0,510.0,2.64,10.0
337000.0,4262150.0,510.0,2.64,10.0
337000.0,4262250.0,510.0,2.64,10.0
337000.0,4262350.0,510.0,2.64,10.0
337000.0,4262450.0,510.0,2.64,10.0
337000.0,4262550.0,510.0,2.64,10.0
337000.0,4262650.0,510.0,2.64,10.0
337000.0,4262750.0,510.0,2.64,10.0
337000.0,4262850.0,510.0,2.64,10.0
337000.0,4262950.0,510.0,2.64,10.0
337000.0,4263050.0,510.0,2.64,10.0
337000.0,4263150.0,510.0,2.64,10.0
337000.0,4263250.0,510.0,2.64,10.0
337000.0,4263350.0,510.0,2.64,10.0
337000.0,4263450.0,510.0,2.64,10.0
337000.0,4263550.0,510.0,2.64,10.0
337000.0,4263650.0,510.0,2.64,10.0
337000.0,4263750.0,510.0,2.64,10.0
337000.0,4263850.0,510.0,2.64,10.0
337000.0,4263950.0,510.0,2.64,10.0
337000.0,4264050.0,510.0,2.65,10.0
337000.0,4264150.0,510.0,2.69,10.0
337000.0,4264250.0,510.0,2.75,10.0
337000.0,4264350.0,510.0,2.8,10.0
337000.0,4264450.0,510.0,2.83,10.0
337000.0,4264550.0,510.0,2.84,10.0
337000.0,4264650.0,510.0,2.85,10.0
337000.0,4264750.0,510.0,2.85,10.0
337000.0,4264850.0,510.0,2.86,10.0
337000.0,4264950.0,510.0,2.86,10.0
337000.0,4265050.0,510.0,2.86,10.0
337000.0,4265150.0,510.0,2.86,10.0
337100.0,4259950.0,510.0,2.64,10.0
337100.0,4260050.0,510.0,2.64,10.0
337100.0,4260150.0,510.0,2.64,10.0
337100.0,4260250.0,510.0,2.64,10.0
337100.0,4260350.0,510.0,2.64,10.0
337100.0,4260450.0,510.0,2.64,10.0
337100.0,4260550.0,510.0,2.64,10.0
337100.0,4260650.0,510.0,2.64,10.0
337100.0,4260750.0,510.0,2.64,10.0
337100.0,4260850.0,510.0,2.64,10.0
337100.0,4260950.0,510.0,2.64,10.0
337100.0,4261050.0,510.0,2.64,10.0
337100.0,4261150.0,510.0,2.64,10.0
337100.0,4261250.0,510.0,2.64,10.0
337100.0,4261350.0,510.0,2.64,10.0
337100.0,4261450.0,510.0,2.64,10.0
337100.0,4261550.0,510.0,2.64,10.0
337100.0,4261650.0,510.0,2.64,10.0
337100.0,4261750.0,510.0,2.64,10.0
337100.0,4261850.0,510.0,2.64,10.0
337100.0,4261950.0,510.0,2.64,10.0
337100.0,4262050.0,510.0,2.64,10.0
337100.0,4262150.0,510.0,2.64,10.0
337100.0,4262250.0,510.0,2.64,10.0
337100.0,4262350.0,510.0,2.64,10.0
337100.0,4262450.0,510.0,2.64,10.0
337100.0,4262550.0,510.0,2.64,10.0
337100.0,4262650.0,510.0,2.64,10.0
337100.0,4262750.0,510.0,2.64,10.0
337100.0,4262850.0,510.0,2.64,10.0
337100.0,4262950.0,510.0,2.64,10.0
337100.0,4263050.0,510.0,2.64,10.0
337100.0,4263150.0,510.0,2.64,10.0
337100.0,4263250.0,510.0,2.64,10.0
337100.0,4263350.0,510.0,2.64,10.0
337100.0,4263450.0,510.0,2.64,10.0
337100.0,4263550.0,510.0,2.64,10.0
337100.0,4263650.0,510.0,2.64,10.0
337100.0,4263750.0,510.0,2.64,10.0
337100.0,4263850.0,510.0,2.64,10.0
337100.0,4263950.0,510.0,2.64,10.0
337100.0,4264050.0,510.0,2.66,10.0
337100.0,4264150.0,510.0,2.72,10.0
337100.0,4264250.0,510.0,2.78,10.0
337100.0,4264350.0,510.0,2.81,10.0
337100.0,4264450.0,510.0,2.83,10.0
337100.0,4264550.0,510.0,2.85,10.0
337100.0,4264650.0,510.0,2.85,10.0
337100.0,4264750.0,510.0,2.85,10.0
337100.0,4264850.0,510.0,2.86,10.0
337100.0,4264950.0,510.0,2.86,10.0
337100.0,4265050.0,510.0,2.86,10.0
337100.0,4265150.0,510.0,2.86,10.0
337200.0,4259950.0,510.0,2.64,10.0
337200.0,4260050.0,510.0,2.64,10.0
337200.0,4260150.0,510.0,2.64,10.0
337200.0,4260250.0,510.0,2.64,10.0
337200.0,4260350.0,510.0,2.64,10.0
337200.0,4260450.0,510.0,2.64,10.0
337200.0,4260550.0,510.0,2.64,10.0
337200.0,4260650.0,510.0,2.64,10.0
337200.0,4260750.0,510.0,2.64,10.0
337200.0,4260850.0,510.0,2.64,10.0
337200.0,4260950.0,510.0,2.64,10.0
337200.0,4261050.0,510.0,2.64,10.0
337200.0,4261150.0,510.0,2.64,10.0
337200.0,4261250.0,510.0,2.64,10.0
337200.0,4261350.0,510.0,2.64,10.0
337200.0,4261450.0,510.0,2.64,10.0
337200.0,4261550.0,510.0,2.64,10.0
337200.0,4261650.0,510.0,2.64,10.0
337200.0,4261750.0,510.0,2.64,10.0
337200.0,4261850.0,510.0,2.64,10.0
337200.0,4261950.0,510.0,2.64,10.0
337200.0,4262050.0,510.0,2.64,10.0
337200.0,4262150.0,510.0,2.64,10.0
337200.0,4262250.0,510.0,2.64,10.0
337200.0,4262350.0,510.0,2.64,10.0
337200.0,4262450.0,510.0,2.64,10.0
337200.0,4262550.0,510.0,2.64,10.0
337200.0,4262650.0,510.0,2.64,10.0
337200.0,4262750.0,510.0,2.64,10.0
337200.0,4262850.0,510.0,2.64,10.0
337200.0,4262950.0,510.0,2.64,10.0
337200.0,4263050.0,510.0,2.64,10.0
337200.0,4263150.0,510.0,2.64,10.0
337200.0,4263250.0,510.0,2.64,10.0
337200.0,4263350.0,510.0,2.64,10.0
337200.0,4263450.0,510.0,2.64,10.0
337200.0,4263550.0,510.0,2.64,10.0
337200.0,4263650.0,510.0,2.64,10.0
337200.0,4263750.0,510.0,2.64,10.0
337200.0,4263850.0,510.0,2.64,10.0
337200.0,4263950.0,510.0,2.65,10.0
337200.0,4264050.0,510.0,2.67,10.0
337200.0,4264150.0,510.0,2.72,10.0
337200.0,4264250.0,510.0,2.78,10.0
337200.0,4264350.0,510.0,2.82,10.0
337200.0,4264450.0,510.0,2.84,10.0
337200.0,4264550.0,510.0,2.85,10.0
337200.0,4264650.0,510.0,2.85,10.0
337200.0,4264750.0,510.0,2.85,10.0
337200.0,4264850.0,510.0,2.86,10.0
337200.0,4264950.0,510.0,2.86,10.0
337200.0,4265050.0,510.0,2.86,10.0
337200.0,4265150.0,510.0,2.86,10.0
337300.0,4259950.0,510.0,2.64,10.0
337300.0,4260050.0,510.0,2.64,10.0
337300.0,4260150.0,510.0,2.64,10.0
337300.0,4260250.0,510.0,2.64,10.0
337300.0,4260350.0,510.0,2.64,10.0
337300.0,4260450.0,510.0,2.64,10.0
337300.0,4260550.0,510.0,2.64,10.0
337300.0,4260650.0,510.0,2.64,10.0
337300.0,4260750.0,510.0,2.64,10.0
337300.0,4260850.0,510.0,2.64,10.0
337300.0,4260950.0,510.0,2.64,10.0
337300.0,4261050.0,510.0,2.64,10.0
337300.0,4261150.0,510.0,2.64,10.0
337300.0,4261250.0,510.0,2.64,10.0
337300.0,4261350.0,510.0,2.64,10.0
337300.0,4261450.0,510.0,2.64,10.0
337300.0,4261550.0,510.0,2.64,10.0
337300.0,4261650.0,510.0,2.64,10.0
337300.0,4261750.0,510.0,2.64,10.0
337300.0,4261850.0,510.0,2.64,10.0
337300.0,4261950.0,510.0,2.64,10.0
337300.0,4262050.0,510.0,2.64,10.0
337300.0,4262150.0,510.0,2.64,10.0
337300.0,4262250.0,510.0,2.64,10.0
337300.0,4262350.0,510.0,2.64,10.0
337300.0,4262450.0,510.0,2.64,10.0
337300.0,4262550.0,510.0,2.64,10.0
337300.0,4262650.0,510.0,2.64,10.0
337300.0,4262750.0,510.0,2.64,10.0
337300.0,4262850.0,510.0,2.64,10.0
337300.0,4262950.0,510.0,2.64,10.0
337300.0,4263050.0,510.0,2.64,10.0
337300.0,4263150.0,510.0,2.64,10.0
337300.0,4263250.0,510.0,2.64,10.0
337300.0,4263350.0,510.0,2.64,10.0
337300.0,4263450.0,510.0,2.64,10.0
337300.0,4263550.0,510.0,2.64,10.0
337300.0,4263650.0,510.0,2.64,10.0
337300.0,4263750.0,510.0,2.64,10.0
337300.0,4263850.0,510.0,2.64,10.0
337300.0,4263950.0,510.0,2.64,10.0
337300.0,4264050.0,510.0,2.66,10.0
337300.0,4264150.0,510.0,2.71,10.0
337300.0,4264250.0,510.0,2.77,10.0
337300.0,4264350.0,510.0,2.81,10.0
337300.0,4264450.0,510.0,2.83,10.0
337300.0,4264550.0,510.0,2.84,10.0
337300.0,4264650.0,510.0,2.85,10.0
337300.0,4264750.0,510.0,2.85,10.0
337300.0,4264850.0,510.0,2.86,10.0
337300.0,4264950.0,510.0,2.86,10.0
337300.0,4265050.0,510.0,2.86,10.0
337300.0,4265150.0,510.0,2.86,10.0
337400.0,4259950.0,510.0,2.64,10.0
337400.0,4260050.0,510.0,2.64,10.0
337400.0,4260150.0,510.0,2.64,10.0
337400.0,4260250.0,510.0,2.64,10.0
337400.0,4260350.0,510.0,2.64,10.0
337400.0,4260450.0,510.0,2.64,10.0
337400.0,4260550.0,510.0,2.64,10.0
337400.0,4260650.0,510.0,2.64,10.0
337400.0,4260750.0,510.0,2.64,10.0
337400.0,4260850.0,510.0,2.64,10.0
337400.0,4260950.0,510.0,2.64,10.0
337400.0,4261050.0,510.0,2.64,10.0
337400.0,4261150.0,510.0,2.64,10.0
337400.0,4261250.0,510.0,2.64,10.0
337400.0,4261350.0,510.0,2.64,10.0
337400.0,4261450.0,510.0,2.64,10.0
337400.0,4261550.0,510.0,2.64,10.0
337400.0,4261650.0,510.0,2.64,10.0
337400.0,4261750.0,510.0,2.64,10.0
337400.0,4261850.0,510.0,2.64,10.0
337400.0,4261950.0,510.0,2.64,10.0
337400.0,4262050.0,510.0,2.64,10.0
337400.0,4262150.0,510.0,2.64,10.0
337400.0,4262250.0,510.0,2.64,10.0
337400.0,4262350.0,510.0,2.64,10.0
337400.0,4262450.0,510.0,2.64,10.0
337400.0,4262550.0,510.0,2.64,10.0
337400.0,4262650.0,510.0,2.64,10.0
337400.0,4262750.0,510.0,2.64,10.0
337400.0,4262850.0,510.0,2.64,10.0
337400.0,4262950.0,510.0,2.64,10.0
337400.0,4263050.0,510.0,2.64,10.0
337400.0,4263150.0,510.0,2.64,10.0
337400.0,4263250.0,510.0,2.64,10.0
337400.0,4263350.0,510.0,2.64,10.0
337400.0,4263450.0,510.0,2.64,10.0
337400.0,4263550.0,510.0,2.64,10.0
337400.0,4263650.0,510.0,2.64,10.0
337400.0,4263750.0,510.0,2.64,10.0
337400.0,4263850.0,510.0,2.64,10.0
337400.0,4263950.0,510.0,2.64,10.0
337400.0,4264050.0,510.0,2.65,10.0
337400.0,4264150.0,510.0,2.68,10.0
337400.0,4264250.0,510.0,2.74,10.0
337400.0,4264350.0,510.0,2.79,10.0
337400.0,4264450.0,510.0,2.82,10.0
337400.0,4264550.0,510.0,2.83,10.0
337400.0,4264650.0,510.0,2.84,10.0
337400.0,4264750.0,510.0,2.85,10.0
337400.0,4264850.0,510.0,2.85,10.0
337400.0,4264950.0,510.0,2.85,10.0
337400.0,4265050.0,510.0,2.86,10.0
337400.0,4265150.0,510.0,2.86,10.0
337500.0,4259950.0,510.0,2.64,10.0
337500.0,4260050.0,510.0,2.64,10.0
337500.0,4260150.0,510.0,2.64,10.0
337500.0,4260250.0,510.0,2.64,10.0
337500.0,4260350.0,510.0,2.64,10.0
337500.0,4260450.0,510.0,2.64,10.0
337500.0,4260550.0,510.0,2.64,10.0
337500.0,4260650.0,510.0,2.64,10.0
337500.0,4260750.0,510.0,2.64,10.0
337500.0,4260850.0,510.0,2.64,10.0
337500.0,4260950.0,510.0,2.64,10.0
337500.0,4261050.0,510.0,2.64,10.0
337500.0,4261150.0,510.0,2.64,10.0
337500.0,4261250.0,510.0,2.64,10.0
337500.0,4261350.0,510.0,2.64,10.0
337500.0,4261450.0,510.0,2.64,10.0
337500.0,4261550.0,510.0,2.64,10.0
337500.0,4261650.0,510.0,2.64,10.0
337500.0,4261750.0,510.0,2.64,10.0
337500.0,4261850.0,510.0,2.64,10.0
337500.0,4261950.0,510.0,2.64,10.0
337500.0,4262050.0,510.0,2.64,10.0
337500.0,4262150.0,510.0,2.64,10.0
337500.0,4262250.0,510.0,2.64,10.0
337500.0,4262350.0,510.0,2.64,10.0
337500.0,4262450.0,510.0,2.64,10.0
337500.0,4262550.0,510.0,2.64,10.0
337500.0,4262650.0,510.0,2.64,10.0
337500.0,4262750.0,510.0,2.64,10.0
337500.0,4262850.0,510.0,2.64,10.0
337500.0,4262950.0,510.0,2.64,10.0
337500.0,4263050.0,510.0,2.64,10.0
337500.0,4263150.0,510.0,2.64,10.0
337500.0,4263250.0,510.0,2.64,10.0
337500.0,4263350.0,510.0,2.64,10.0
337500.0,4263450.0,510.0,2.64,10.0
337500.0,4263550.0,510.0,2.64,10.0
337500.0,4263650.0,510.0,2.64,10.0
337500.0,4263750.0,510.0,2.64,10.0
337500.0,4263850.0,510.0,2.64,10.0
337500.0,4263950.0,510.0,2.64,10.0
337500.0,4264050.0,510.0,2.64,10.0
337500.0,4264150.0,510.0,2.65,10.0
337500.0,4264250.0,510.0,2.68,10.0
337500.0,4264350.0,510.0,2.73,10.0
337500.0,4264450.0,510.0,2.78,10.0
337500.0,4264550.0,510.0,2.81,10.0
337500.0,4264650.0,510.0,2.82,10.0
337500.0,4264750.0,510.0,2.84,10.0
337500.0,4264850.0,510.0,2.84,10.0
337500.0,4264950.0,510.0,2.85,10.0
337500.0,4265050.0,510.0,2.85,10.0
337500.0,4265150.0,510.0,2.85,10.0
337600.0,4259950.0,510.0,2.64,10.0
337600.0,4260050.0,510.0,2.64,10.0
337600.0,4260150.0,510.0,2.64,10.0
337600.0,4260250.0,510.0,2.64,10.0
337600.0,4260350.0,510.0,2.64,10.0
337600.0,4260450.0,510.0,2.64,10.0
337600.0,4260550.0,510.0,2.64,10.0
337600.0,4260650.0,510.0,2.64,10.0
337600.0,4260750.0,510.0,2.64,10.0
337600.0,4260850.0,510.0,2.64,10.0
337600.0,4260950.0,510.0,2.64,10.0
337600.0,4261050.0,510.0,2.64,10.0
337600.0,4261150.0,510.0,2.64,10.0
337600.0,4261250.0,510.0,2.64,10.0
337600.0,4261350.0,510.0,2.64,10.0
337600.0,4261450.0,510.0,2.64,10.0
337600.0,4261550.0,510.0,2.64,10.0
337600.0,4261650.0,510.0,2.64,10.0
337600.0,4261750.0,510.0,2.64,10.0
337600.0,4261850.0,510.0,2.64,10.0
337600.0,4261950.0,510.0,2.64,10.0
337600.0,4262050.0,510.0,2.64,10.0
337600.0,4262150.0,510.0,2.64,10.0
337600.0,4262250.0,510.0,2.64,10.0
337600.0,4262350.0,510.0,2.64,10.0
337600.0,4262450.0,510.0,2.64,10.0
337600.0,4262550.0,510.0,2.64,10.0
337600.0,4262650.0,510.0,2.64,10.0
337600.0,4262750.0,510.0,2.64,10.0
337600.0,4262850.0,510.0,2.64,10.0
337600.0,4262950.0,510.0,2.64,10.0
337600.0,4263050.0,510.0,2.64,10.0
337600.0,4263150.0,510.0,2.64,10.0
337600.0,4263250.0,510.0,2.64,10.0
337600.0,4263350.0,510.0,2.64,10.0
337600.0,4263450.0,510.0,2.64,10.0
337600.0,4263550.0,510.0,2.64,10.0
337600.0,4263650.0,510.0,2.64,10.0
337600.0,4263750.0,510.0,2.64,10.0
337600.0,4263850.0,510.0,2.64,10.0
337600.0,4263950.0,510.0,2.64,10.0
337600.0,4264050.0,510.0,2.64,10.0
337600.0,4264150.0,510.0,2.64,10.0
337600.0,4264250.0,510.0,2.65,10.0
337600.0,4264350.0,510.0,2.67,10.0
337600.0,4264450.0,510.0,2.7,10.0
337600.0,4264550.0,510.0,2.74,10.0
337600.0,4264650.0,510.0,2.76,10.0
337600.0,4264750.0,510.0,2.79,10.0
337600.0,4264850.0,510.0,2.81,10.0
337600.0,4264950.0,510.0,2.82,10.0
337600.0,4265050.0,510.0,2.83,10.0
337600.0,4265150.0,510.0,2.84,10.0
337700.0,4259950.0,510.0,2.64,10.0
337700.0,4260050.0,510.0,2.64,10.0
337700.0,4260150.0,510.0,2.64,10.0
337700.0,4260250.0,510.0,2.64,10.0
337700.0,4260350.0,510.0,2.64,10.0
337700.0,4260450.0,510.0,2.64,10.0
337700.0,4260550.0,510.0,2.64,10.0
337700.0,4260650.0,510.0,2.64,10.0
337700.0,4260750.0,510.0,2.64,10.0
337700.0,4260850.0,510.0,2.64,10.0
337700.0,4260950.0,510.0,2.64,10.0
337700.0,4261050.0,510.0,2.64,10.0
337700.0,4261150.0,510.0,2.64,10.0
337700.0,4261250.0,510.0,2.64,10.0
337700.0,4261350.0,510.0,2.64,10.0
337700.0,4261450.0,510.0,2.64,10.0
337700.0,4261550.0,510.0,2.64,10.0
337700.0,4261650.0,510.0,2.64,10.0
337700.0,4261750.0,510.0,2.64,10.0
337700.0,4261850.0,510.0,2.64,10.0
337700.0,4261950.0,510.0,2.64,10.0
337700.0,4262050.0,510.0,2.64,10.0
337700.0,4262150.0,510.0,2.64,10.0
337700.0,4262250.0,510.0,2.64,10.0
337700.0,4262350.0,510.0,2.64,10.0
337700.0,4262450.0,510.0,2.64,10.0
337700.0,4262550.0,510.0,2.64,10.0
337700.0,4262650.0,510.0,2.64,10.0
337700.0,4262750.0,510.0,2.64,10.0
337700.0,4262850.0,510.0,2.64,10.0
337700.0,4262950.0,510.0,2.64,10.0
337700.0,4263050.0,510.0,2.64,10.0
337700.0,4263150.0,510.0,2.64,10.0
337700.0,4263250.0,510.0,2.64,10.0
337700.0,4263350.0,510.0,2.64,10.0
337700.0,4263450.0,510.0,2.64,10.0
337700.0,4263550.0,510.0,2.64,10.0
337700.0,4263650.0,510.0,2.64,10.0
337700.0,4263750.0,510.0,2.64,10.0
337700.0,4263850.0,510.0,2.64,10.0
337700.0,4263950.0,510.0,2.64,10.0
337700.0,4264050.0,510.0,2.64,10.0
337700.0,4264150.0,510.0,2.64,10.0
337700.0,4264250.0,510.0,2.64,10.0
337700.0,4264350.0,510.0,2.64,10.0
337700.0,4264450.0,510.0,2.65,10.0
337700.0,4264550.0,510.0,2.66,10.0
337700.0,4264650.0,510.0,2.67,10.0
337700.0,4264750.0,510.0,2.71,10.0
337700.0,4264850.0,510.0,2.73,10.0
337700.0,4264950.0,510.0,2.77,10.0
337700.0,4265050.0,510.0,2.78,10.0
337700.0,4265150.0,510.0,2.81,10.0
337800.0,4259950.0,510.0,2.64,10.0
337800.0,4260050.0,510.0,2.64,10.0
337800.0,4260150.0,510.0,2.64,10.0
337800.0,4260250.0,510.0,2.64,10.0
337800.0,4260350.0,510.0,2.64,10.0
337800.0,4260450.0,510.0,2.64,10.0
337800.0,4260550.0,510.0,2.64,10.0
337800.0,4260650.0,510.0,2.64,10.0
337800.0,4260750.0,510.0,2.64,10.0
337800.0,4260850.0,510.0,2.64,10.0
337800.0,4260950.0,510.0,2.64,10.0
337800.0,4261050.0,510.0,2.64,10.0
337800.0,4261150.0,510.0,2.64,10.0
337800.0,4261250.0,510.0,2.64,10.0
337800.0,4261350.0,510.0,2.64,10.0
337800.0,4261450.0,510.0,2.64,10.0
337800.0,4261550.0,510.0,2.64,10.0
337800.0,4261650.0,510.0,2.64,10.0
337800.0,4261750.0,510.0,2.64,10.0
337800.0,4261850.0,510.0,2.64,10.0
337800.0,4261950.0,510.0,2.64,10.0
337800.0,4262050.0,510.0,2.64,10.0
337800.0,4262150.0,510.0,2.64,10.0
337800.0,4262250.0,510.0,2.64,10.0
337800.0,4262350.0,510.0,2.64,10.0
337800.0,4262450.0,510.0,2.64,10.0
337800.0,4262550.0,510.0,2.64,10.0
337800.0,4262650.0,510.0,2.64,10.0
337800.0,4262750.0,510.0,2.64,10.0
337800.0,4262850.0,510.0,2.64,10.0
337800.0,4262950.0,510.0,2.64,10.0
337800.0,4263050.0,510.0,2.64,10.0
337800.0,4263150.0,510.0,2.64,10.0
337800.0,4263250.0,510.0,2.64,10.0
337800.0,4263350.0,510.0,2.64,10.0
337800.0,4263450.0,510.0,2.64,10.0
337800.0,4263550.0,510.0,2.64,10.0
337800.0,4263650.0,510.0,2.64,10.0
337800.0,4263750.0,510.0,2.64,10.0
337800.0,4263850.0,510.0,2.64,10.0
337800.0,4263950.0,510.0,2.64,10.0
337800.0,4264050.0,510.0,2.64,10.0
337800.0,4264150.0,510.0,2.64,10.0
337800.0,4264250.0,510.0,2.64,10.0
337800.0,4264350.0,510.0,2.64,10.0
337800.0,4264450.0,510.0,2.64,10.0
337800.0,4264550.0,510.0,2.65,10.0
337800.0,4264650.0,510.0,2.65,10.0
337800.0,4264750.0,510.0,2.68,10.0
337800.0,4264850.0,510.0,2.7,10.0
337800.0,4264950.0,510.0,2.75,10.0
337800.0,4265050.0,510.0,2.76,10.0
337800.0,4265150.0,510.0,2.79,10.0
337900.0,4259950.0,510.0,2.64,10.0
337900.0,4260050.0,510.0,2.64,10.0
337900.0,4260150.0,510.0,2.64,10.0
337900.0,4260250.0,510.0,2.64,10.0
337900.0,4260350.0,510.0,2.64,10.0
337900.0,4260450.0,510.0,2.64,10.0
337900.0,4260550.0,510.0,2.64,10.0
337900.0,4260650.0,510.0,2.64,10.0
337900.0,4260750.0,510.0,2.64,10.0
337900.0,4260850.0,510.0,2.64,10.0
337900.0,4260950.0,510.0,2.64,10.0
337900.0,4261050.0,510.0,2.64,10.0
337900.0,4261150.0,510.0,2.64,10.0
337900.0,4261250.0,510.0,2.64,10.0
337900.0,4261350.0,510.0,2.64,10.0
337900.0,4261450.0,510.0,2.64,10.0
337900.0,4261550.0,510.0,2.64,10.0
337900.0,4261650.0,510.0,2.64,10.0
337900.0,4261750.0,510.0,2.64,10.0
337900.0,4261850.0,510.0,2.64,10.0
337900.0,4261950.0,510.0,2.64,10.0
337900.0,4262050.0,510.0,2.64,10.0
337900.0,4262150.0,510.0,2.64,10.0
337900.0,4262250.0,510.0,2.64,10.0
337900.0,4262350.0,510.0,2.64,10.0
337900.0,4262450.0,510.0,2.64,10.0
337900.0,4262550.0,510.0,2.64,10.0
337900.0,4262650.0,510.0,2.64,10.0
337900.0,4262750.0,510.0,2.64,10.0
337900.0,4262850.0,510.0,2.64,10.0
337900.0,4262950.0,510.0,2.64,10.0
337900.0,4263050.0,510.0,2.64,10.0
337900.0,4263150.0,510.0,2.64,10.0
337900.0,4263250.0,510.0,2.64,10.0
337900.0,4263350.0,510.0,2.64,10.0
337900.0,4263450.0,510.0,2.64,10.0
337900.0,4263550.0,510.0,2.64,10.0
337900.0,4263650.0,510.0,2.64,10.0
337900.0,4263750.0,510.0,2.64,10.0
337900.0,4263850.0,510.0,2.64,10.0
337900.0,4263950.0,510.0,2.64,10.0
337900.0,4264050.0,510.0,2.64,10.0
337900.0,4264150.0,510.0,2.64,10.0
337900.0,4264250.0,510.0,2.64,10.0
337900.0,4264350.0,510.0,2.64,10.0
337900.0,4264450.0,510.0,2.64,10.0
337900.0,4264550.0,510.0,2.64,10.0
337900.0,4264650.0,510.0,2.64,10.0
337900.0,4264750.0,510.0,2.65,10.0
337900.0,4264850.0,510.0,2.66,10.0
337900.0,4264950.0,510.0,2.7,10.0
337900.0,4265050.0,510.0,2.72,10.0
337900.0,4265150.0,510.0,2.76,10.0
338000.0,4259950.0,510.0,2.64,10.0
338000.0,4260050.0,510.0,2.64,10.0
338000.0,4260150.0,510.0,2.64,10.0
338000.0,4260250.0,510.0,2.64,10.0
338000.0,4260350.0,510.0,2.64,10.0
338000.0,4260450.0,510.0,2.64,10.0
338000.0,4260550.0,510.0,2.64,10.0
338000.0,4260650.0,510.0,2.64,10.0
338000.0,4260750.0,510.0,2.64,10.0
338000.0,4260850.0,510.0,2.64,10.0
338000.0,4260950.0,510.0,2.64,10.0
338000.0,4261050.0,510.0,2.64,10.0
338000.0,4261150.0,510.0,2.64,10.0
338000.0,4261250.0,510.0,2.64,10.0
338000.0,4261350.0,510.0,2.64,10.0
338000.0,4261450.0,510.0,2.64,10.0
338000.0,4261550.0,510.0,2.64,10.0
338000.0,4261650.0,510.0,2.64,10.0
338000.0,4261750.0,510.0,2.64,10.0
338000.0,4261850.0,510.0,2.64,10.0
338000.0,4261950.0,510.0,2.64,10.0
338000.0,4262050.0,510.0,2.64,10.0
338000.0,4262150.0,510.0,2.64,10.0
338000.0,4262250.0,510.0,2.64,10.0
338000.0,4262350.0,510.0,2.64,10.0
338000.0,4262450.0,510.0,2.64,10.0
338000.0,4262550.0,510.0,2.64,10.0
338000.0,4262650.0,510.0,2.64,10.0
338000.0,4262750.0,510.0,2.64,10.0
338000.0,4262850.0,510.0,2.64,10.0
338000.0,4262950.0,510.0,2.64,10.0
338000.0,4263050.0,510.0,2.64,10.0
338000.0,4263150.0,510.0,2.64,10.0
338000.0,4263250.0,510.0,2.64,10.0
338000.0,4263350.0,510.0,2.64,10.0
338000.0,4263450.0,510.0,2.64,10.0
338000.0,4263550.0,510.0,2.64,10.0
338000.0,4263650.0,510.0,2.64,10.0
338000.0,4263750.0,510.0,2.64,10.0
338000.0,4263850.0,510.0,2.64,10.0
338000.0,4263950.0,510.0,2.64,10.0
338000.0,4264050.0,510.0,2.64,10.0
338000.0,4264150.0,510.0,2.64,10.0
338000.0,4264250.0,510.0,2.64,10.0
338000.0,4264350.0,510.0,2.64,10.0
338000.0,4264450.0,510.0,2.64,10.0
338000.0,4264550.0,510.0,2.64,10.0
338000.0,4264650.0,510.0,2.64,10.0
338000.0,4264750.0,510.0,2.65,10.0
338000.0,4264850.0,510.0,2.65,10.0
338000.0,4264950.0,510.0,2.68,10.0
338000.0,4265050.0,510.0,2.7,10.0
338000.0,4265150.0,510.0,2.74,10.0
338100.0,4259950.0,510.0,2.64,10.0
338100.0,4260050.0,510.0,2.64,10.0
338100.0,4260150.0,510.0,2.64,10.0
338100.0,4260250.0,510.0,2.64,10.0
338100.0,4260350.0,510.0,2.64,10.0
338100.0,4260450.0,510.0,2.64,10.0
338100.0,4260550.0,510.0,2.64,10.0
338100.0,4260650.0,510.0,2.64,10.0
338100.0,4260750.0,510.0,2.64,10.0
338100.0,4260850.0,510.0,2.64,10.0
338100.0,4260950.0,510.0,2.64,10.0
338100.0,4261050.0,510.0,2.64,10.0
338100.0,4261150.0,510.0,2.64,10.0
338100.0,4261250.0,510.0,2.64,10.0
338100.0,4261350.0,510.0,2.64,10.0
338100.0,4261450.0,510.0,2.64,10.0
338100.0,4261550.0,510.0,2.64,10.0
338100.0,4261650.0,510.0,2.64,10.0
338100.0,4261750.0,510.0,2.64,10.0
338100.0,4261850.0,510.0,2.64,10.0
338100.0,4261950.0,510.0,2.64,10.0
338100.0,4262050.0,510.0,2.64,10.0
338100.0,4262150.0,510.0,2.64,10.0
338100.0,4262250.0,510.0,2.64,10.0
338100.0,4262350.0,510.0,2.64,10.0
338100.0,4262450.0,510.0,2.64,10.0
338100.0,4262550.0,510.0,2.64,10.0
338100.0,4262650.0,510.0,2.64,10.0
338100.0,4262750.0,510.0,2.64,10.0
338100.0,4262850.0,510.0,2.64,10.0
338100.0,4262950.0,510.0,2.64,10.0
338100.0,4263050.0,510.0,2.64,10.0
338100.0,4263150.0,510.0,2.64,10.0
338100.0,4263250.0,510.0,2.64,10.0
338100.0,4263350.0,510.0,2.64,10.0
338100.0,4263450.0,510.0,2.64,10.0
338100.0,4263550.0,510.0,2.64,10.0
338100.0,4263650.0,510.0,2.64,10.0
338100.0,4263750.0,510.0,2.64,10.0
338100.0,4263850.0,510.0,2.64,10.0
338100.0,4263950.0,510.0,2.64,10.0
338100.0,4264050.0,510.0,2.64,10.0
338100.0,4264150.0,510.0,2.64,10.0
338100.0,4264250.0,510.0,2.64,10.0
338100.0,4264350.0,510.0,2.64,10.0
338100.0,4264450.0,510.0,2.64,10.0
338100.0,4264550.0,510.0,2.64,10.0
338100.0,4264650.0,510.0,2.64,10.0
338100.0,4264750.0,510.0,2.64,10.0
338100.0,4264850.0,510.0,2.64,10.0
338100.0,4264950.0,510.0,2.65,10.0
338100.0,4265050.0,510.0,2.66,10.0
338100.0,4265150.0,510.0,2.7,10.0
338200.0,4259950.0,510.0,2.64,10.0
338200.0,4260050.0,510.0,2.64,10.0
338200.0,4260150.0,510.0,2.64,10.0
338200.0,4260250.0,510.0,2.64,10.0
338200.0,4260350.0,510.0,2.64,10.0
338200.0,4260450.0,510.0,2.64,10.0
338200.0,4260550.0,510.0,2.64,10.0
338200.0,4260650.0,510.0,2.64,10.0
338200.0,4260750.0,510.0,2.64,10.0
338200.0,4260850.0,510.0,2.64,10.0
338200.0,4260950.0,510.0,2.64,10.0
338200.0,4261050.0,510.0,2.64,10.0
338200.0,4261150.0,510.0,2.64,10.0
338200.0,4261250.0,510.0,2.64,10.0
338200.0,4261350.0,510.0,2.64,10.0
338200.0,4261450.0,510.0,2.64,10.0
338200.0,4261550.0,510.0,2.64,10.0
338200.0,4261650.0,510.0,2.64,10.0
338200.0,4261750.0,510.0,2.64,10.0
338200.0,4261850.0,510.0,2.64,10.0
338200.0,4261950.0,510.0,2.64,10.0
338200.0,4262050.0,510.0,2.64,10.0
338200.0,4262150.0,510.0,2.64,10.0
338200.0,4262250.0,510.0,2.64,10.0
338200.0,4262350.0,510.0,2.64,10.0
338200.0,4262450.0,510.0,2.64,10.0
338200.0,4262550.0,510.0,2.64,10.0
338200.0,4262650.0,510.0,2.64,10.0
338200.0,4262750.0,510.0,2.64,10.0
338200.0,4262850.0,510.0,2.64,10.0
338200.0,4262950.0,510.0,2.64,10.0
338200.0,4263050.0,510.0,2.64,10.0
338200.0,4263150.0,510.0,2.64,10.0
338200.0,4263250.0,510.0,2.64,10.0
338200.0,4263350.0,510.0,2.64,10.0
338200.0,4263450.0,510.0,2.64,10.0
338200.0,4263550.0,510.0,2.64,10.0
338200.0,4263650.0,510.0,2.64,10.0
338200.0,4263750.0,510.0,2.64,10.0
338200.0,4263850.0,510.0,2.64,10.0
338200.0,4263950.0,510.0,2.64,10.0
338200.0,4264050.0,510.0,2.64,10.0
338200.0,4264150.0,510.0,2.64,10.0
338200.0,4264250.0,510.0,2.64,10.0
338200.0,4264350.0,510.0,2.64,10.0
338200.0,4264450.0,510.0,2.64,10.0
338200.0,4264550.0,510.0,2.64,10.0
338200.0,4264650.0,510.0,2.64,10.0
338200.0,4264750.0,510.0,2.64,10.0
338200.0,4264850.0,510.0,2.64,10.0
338200.0,4264950.0,510.0,2.65,10.0
338200.0,4265050.0,510.0,2.65,10.0
338200.0,4265150.0,510.0,2.68,10.0
338300.0,4259950.0,510.0,2.64,10.0
338300.0,4260050.0,510.0,2.64,10.0
338300.0,4260150.0,510.0,2.64,10.0
338300.0,4260250.0,510.0,2.64,10.0
338300.0,4260350.0,510.0,2.64,10.0
338300.0,4260450.0,510.0,2.64,10.0
338300.0,4260550.0,510.0,2.64,10.0
338300.0,4260650.0,510.0,2.64,10.0
338300.0,4260750.0,510.0,2.64,10.0
338300.0,4260850.0,510.0,2.64,10.0
338300.0,4260950.0,510.0,2.64,10.0
338300.0,4261050.0,510.0,2.64,10.0
338300.0,4261150.0,510.0,2.64,10.0
338300.0,4261250.0,510.0,2.64,10.0
338300.0,4261350.0,510.0,2.64,10.0
338300.0,4261450.0,510.0,2.64,10.0
338300.0,4261550.0,510.0,2.64,10.0
338300.0,4261650.0,510.0,2.64,10.0
338300.0,4261750.0,510.0,2.64,10.0
338300.0,4261850.0,510.0,2.64,10.0
338300.0,4261950.0,510.0,2.64,10.0
338300.0,4262050.0,510.0,2.64,10.0
338300.0,4262150.0,510.0,2.64,10.0
338300.0,4262250.0,510.0,2.64,10.0
338300.0,4262350.0,510.0,2.64,10.0
338300.0,4262450.0,510.0,2.64,10.0
338300.0,4262550.0,510.0,2.64,10.0
338300.0,4262650.0,510.0,2.64,10.0
338300.0,4262750.0,510.0,2.64,10.0
338300.0,4262850.0,510.0,2.64,10.0
338300.0,4262950.0,510.0,2.64,10.0
338300.0,4263050.0,510.0,2.64,10.0
338300.0,4263150.0,510.0,2.64,10.0
338300.0,4263250.0,510.0,2.64,10.0
338300.0,4263350.0,510.0,2.64,10.0
338300.0,4263450.0,510.0,2.64,10.0
338300.0,4263550.0,510.0,2.64,10.0
338300.0,4263650.0,510.0,2.64,10.0
338300.0,4263750.0,510.0,2.64,10.0
338300.0,4263850.0,510.0,2.64,10.0
338300.0,4263950.0,510.0,2.64,10.0
338300.0,4264050.0,510.0,2.64,10.0
338300.0,4264150.0,510.0,2.64,10.0
338300.0,4264250.0,510.0,2.64,10.0
338300.0,4264350.0,510.0,2.64,10.0
338300.0,4264450.0,510.0,2.64,10.0
338300.0,4264550.0,510.0,2.64,10.0
338300.0,4264650.0,510.0,2.64,10.0
338300.0,4264750.0,510.0,2.64,10.0
338300.0,4264850.0,510.0,2.64,10.0
338300.0,4264950.0,510.0,2.64,10.0
338300.0,4265050.0,510.0,2.64,10.0
338300.0,4265150.0,510.0,2.65,10.0
338400.0,4259950.0,510.0,2.64,10.0
338400.0,4260050.0,510.0,2.64,10.0
338400.0,4260150.0,510.0,2.64,10.0
338400.0,4260250.0,510.0,2.64,10.0
338400.0,4260350.0,510.0,2.64,10.0
338400.0,4260450.0,510.0,2.64,10.0
338400.0,4260550.0,510.0,2.64,10.0
338400.0,4260650.0,510.0,2.64,10.0
338400.0,4260750.0,510.0,2.64,10.0
338400.0,4260850.0,510.0,2.64,10.0
338400.0,4260950.0,510.0,2.64,10.0
338400.0,4261050.0,510.0,2.64,10.0
338400.0,4261150.0,510.0,2.64,10.0
338400.0,4261250.0,510.0,2.64,10.0
338400.0,4261350.0,510.0,2.64,10.0
338400.0,4261450.0,510.0,2.64,10.0
338400.0,4261550.0,510.0,2.64,10.0
338400.0,4261650.0,510.0,2.64,10.0
338400.0,4261750.0,510.0,2.64,10.0
338400.0,4261850.0,510.0,2.64,10.0
338400.0,4261950.0,510.0,2.64,10.0
338400.0,4262050.0,510.0,2.64,10.0
338400.0,4262150.0,510.0,2.64,10.0
338400.0,4262250.0,510.0,2.64,10.0
338400.0,4262350.0,510.0,2.64,10.0
338400.0,4262450.0,510.0,2.64,10.0
338400.0,4262550.0,510.0,2.64,10.0
338400.0,4262650.0,510.0,2.64,10.0
338400.0,4262750.0,510.0,2.64,10.0
338400.0,4262850.0,510.0,2.64,10.0
338400.0,4262950.0,510.0,2.64,10.0
338400.0,4263050.0,510.0,2.64,10.0
338400.0,4263150.0,510.0,2.64,10.0
338400.0,4263250.0,510.0,2.64,10.0
338400.0,4263350.0,510.0,2.64,10.0
338400.0,4263450.0,510.0,2.64,10.0
338400.0,4263550.0,510.0,2.64,10.0
338400.0,4263650.0,510.0,2.64,10.0
338400.0,4263750.0,510.0,2.64,10.0
338400.0,4263850.0,510.0,2.64,10.0
338400.0,4263950.0,510.0,2.64,10.0
338400.0,4264050.0,510.0,2.64,10.0
338400.0,4264150.0,510.0,2.64,10.0
338400.0,4264250.0,510.0,2.64,10.0
338400.0,4264350.0,510.0,2.64,10.0
338400.0,4264450.0,510.0,2.64,10.0
338400.0,4264550.0,510.0,2.64,10.0
338400.0,4264650.0,510.0,2.64,10.0
338400.0,4264750.0,510.0,2.64,10.0
338400.0,4264850.0,510.0,2.64,10.0
338400.0,4264950.0,510.0,2.64,10.0
338400.0,4265050.0,510.0,2.64,10.0
338400.0,4265150.0,510.0,2.65,10.0
338500.0,4259950.0,510.0,2.64,10.0
338500.0,4260050.0,510.0,2.64,10.0
338500.0,4260150.0,510.0,2.64,10.0
338500.0,4260250.0,510.0,2.64,10.0
338500.0,4260350.0,510.0,2.64,10.0
338500.0,4260450.0,510.0,2.64,10.0
338500.0,4260550.0,510.0,2.64,10.0
338500.0,4260650.0,510.0,2.64,10.0
338500.0,4260750.0,510.0,2.64,10.0
338500.0,4260850.0,510.0,2.64,10.0
338500.0,4260950.0,510.0,2.64,10.0
338500.0,4261050.0,510.0,2.64,10.0
338500.0,4261150.0,510.0,2.64,10.0
338500.0,4261250.0,510.0,2.64,10.0
338500.0,4261350.0,510.0,2.64,10.0
338500.0,4261450.0,510.0,2.64,10.0
338500.0,4261550.0,510.0,2.64,10.0
338500.0,4261650.0,510.0,2.64,10.0
338500.0,4261750.0,510.0,2.64,10.0
338500.0,4261850.0,510.0,2.64,10.0
338500.0,4261950.0,510.0,2.64,10.0
338500.0,4262050.0,510.0,2.64,10.0
338500.0,4262150.0,510.0,2.64,10.0
338500.0,4262250.0,510.0,2.64,10.0
338500.0,4262350.0,510.0,2.64,10.0
338500.0,4262450.0,510.0,2.64,10.0
338500.0,4262550.0,510.0,2.64,10.0
338500.0,4262650.0,510.0,2.64,10.0
338500.0,4262750.0,510.0,2.64,10.0
338500.0,4262850.0,510.0,2.64,10.0
338500.0,4262950.0,510.0,2.64,10.0
338500.0,4263050.0,510.0,2.64,10.0
338500.0,4263150.0,510.0,2.64,10.0
338500.0,4263250.0,510.0,2.64,10.0
338500.0,4263350.0,510.0,2.64,10.0
338500.0,4263450.0,510.0,2.64,10.0
338500.0,4263550.0,510.0,2.64,10.0
338500.0,4263650.0,510.0,2.64,10.0
338500.0,4263750.0,510.0,2.64,10.0
338500.0,4263850.0,510.0,2.64,10.0
338500.0,4263950.0,510.0,2.64,10.0
338500.0,4264050.0,510.0,2.64,10.0
338500.0,4264150.0,510.0,2.64,10.0
338500.0,4264250.0,510.0,2.64,10.0
338500.0,4264350.0,510.0,2.64,10.0
338500.0,4264450.0,510.0,2.64,10.0
338500.0,4264550.0,510.0,2.64,10.0
338500.0,4264650.0,510.0,2.64,10.0
338500.0,4264750.0,510.0,2.64,10.0
338500.0,4264850.0,510.0,2.64,10.0
338500.0,4264950.0,510.0,2.64,10.0
338500.0,4265050.0,510.0,2.64,10.0
338500.0,4265150.0,510.0,2.64,10.0
338600.0,4259950.0,510.0,2.64,10.0
338600.0,4260050.0,510.0,2.64,10.0
338600.0,4260150.0,510.0,2.64,10.0
338600.0,4260250.0,510.0,2.63,10.0
338600.0,4260350.0,510.0,2.63,10.0
338600.0,4260450.0,510.0,2.63,10.0
338600.0,4260550.0,510.0,2.63,10.0
338600.0,4260650.0,510.0,2.63,10.0
338600.0,4260750.0,510.0,2.63,10.0
338600.0,4260850.0,510.0,2.64,10.0
338600.0,4260950.0,510.0,2.64,10.0
338600.0,4261050.0,510.0,2.64,10.0
338600.0,4261150.0,510.0,2.64,10.0
338600.0,4261250.0,510.0,2.64,10.0
338600.0,4261350.0,510.0,2.64,10.0
338600.0,4261450.0,510.0,2.64,10.0
338600.0,4261550.0,510.0,2.64,10.0
338600.0,4261650.0,510.0,2.64,10.0
338600.0,4261750.0,510.0,2.64,10.0
338600.0,4261850.0,510.0,2.64,10.0
338600.0,4261950.0,510.0,2.64,10.0
338600.0,4262050.0,510.0,2.64,10.0
338600.0,4262150.0,510.0,2.64,10.0
338600.0,4262250.0,510.0,2.64,10.0
338600.0,4262350.0,510.0,2.64,10.0
338600.0,4262450.0,510.0,2.64,10.0
338600.0,4262550.0,510.0,2.64,10.0
338600.0,4262650.0,510.0,2.64,10.0
338600.0,4262750.0,510.0,2.64,10.0
338600.0,4262850.0,510.0,2.64,10.0
338600.0,4262950.0,510.0,2.64,10.0
338600.0,4263050.0,510.0,2.64,10.0
338600.0,4263150.0,510.0,2.64,10.0
338600.0,4263250.0,510.0,2.64,10.0
338600.0,4263350.0,510.0,2.64,10.0
338600.0,4263450.0,510.0,2.64,10.0
338600.0,4263550.0,510.0,2.64,10.0
338600.0,4263650.0,510.0,2.64,10.0
338600.0,4263750.0,510.0,2.64,10.0
338600.0,4263850.0,510.0,2.64,10.0
338600.0,4263950.0,510.0,2.64,10.0
338600.0,4264050.0,510.0,2.64,10.0
338600.0,4264150.0,510.0,2.64,10.0
338600.0,4264250.0,510.0,2.64,10.0
338600.0,4264350.0,510.0,2.64,10.0
338600.0,4264450.0,510.0,2.64,10.0
338600.0,4264550.0,510.0,2.64,10.0
338600.0,4264650.0,510.0,2.64,10.0
338600.0,4264750.0,510.0,2.64,10.0
338600.0,4264850.0,510.0,2.64,10.0
338600.0,4264950.0,510.0,2.64,10.0
338600.0,4265050.0,510.0,2.64,10.0
338600.0,4265150.0,510.0,2.64,10.0
338700.0,4259950.0,510.0,2.63,10.0
338700.0,4260050.0,510.0,2.63,10.0
338700.0,4260150.0,510.0,2.62,10.0
338700.0,4260250.0,510.0,2.62,10.0
338700.0,4260350.0,510.0,2.62,10.0
338700.0,4260450.0,510.0,2.62,10.0
338700.0,4260550.0,510.0,2.62,10.0
338700.0,4260650.0,510.0,2.62,10.0
338700.0,4260750.0,510.0,2.63,10.0
338700.0,4260850.0,510.0,2.63,10.0
338700.0,4260950.0,510.0,2.63,10.0
338700.0,4261050.0,510.0,2.64,10.0
338700.0,4261150.0,510.0,2.64,10.0
338700.0,4261250.0,510.0,2.64,10.0
338700.0,4261350.0,510.0,2.64,10.0
338700.0,4261450.0,510.0,2.64,10.0
338700.0,4261550.0,510.0,2.64,10.0
338700.0,4261650.0,510.0,2.64,10.0
338700.0,4261750.0,510.0,2.64,10.0
338700.0,4261850.0,510.0,2.64,10.0
338700.0,4261950.0,510.0,2.64,10.0
338700.0,4262050.0,510.0,2.64,10.0
338700.0,4262150.0,510.0,2.64,10.0
338700.0,4262250.0,510.0,2.64,10.0
338700.0,4262350.0,510.0,2.64,10.0
338700.0,4262450.0,510.0,2.64,10.0
338700.0,4262550.0,510.0,2.64,10.0
338700.0,4262650.0,510.0,2.64,10.0
338700.0,4262750.0,510.0,2.64,10.0
338700.0,4262850.0,510.0,2.64,10.0
338700.0,4262950.0,510.0,2.64,10.0
338700.0,4263050.0,510.0,2.64,10.0
338700.0,4263150.0,510.0,2.64,10.0
338700.0,4263250.0,510.0,2.64,10.0
338700.0,4263350.0,510.0,2.64,10.0
338700.0,4263450.0,510.0,2.64,10.0
338700.0,4263550.0,510.0,2.64,10.0
338700.0,4263650.0,510.0,2.64,10.0
338700.0,4263750.0,510.0,2.64,10.0
338700.0,4263850.0,510.0,2.64,10.0
338700.0,4263950.0,510.0,2.64,10.0
338700.0,4264050.0,510.0,2.64,10.0
338700.0,4264150.0,510.0,2.64,10.0
338700.0,4264250.0,510.0,2.64,10.0
338700.0,4264350.0,510.0,2.64,10.0
338700.0,4264450.0,510.0,2.64,10.0
338700.0,4264550.0,510.0,2.64,10.0
338700.0,4264650.0,510.0,2.64,10.0
338700.0,4264750.0,510.0,2.64,10.0
338700.0,4264850.0,510.0,2.64,10.0
338700.0,4264950.0,510.0,2.64,10.0
338700.0,4265050.0,510.0,2.64,10.0
338700.0,4265150.0,510.0,2.64,10.0
338800.0,4259950.0,510.0,2.62,10.0
338800.0,4260050.0,510.0,2.62,10.0
338800.0,4260150.0,510.0,2.61,10.0
338800.0,4260250.0,510.0,2.61,10.0
338800.0,4260350.0,510.0,2.61,10.0
338800.0,4260450.0,510.0,2.61,10.0
338800.0,4260550.0,510.0,2.61,10.0
338800.0,4260650.0,510.0,2.61,10.0
338800.0,4260750.0,510.0,2.62,10.0
338800.0,4260850.0,510.0,2.62,10.0
338800.0,4260950.0,510.0,2.63,10.0
338800.0,4261050.0,510.0,2.63,10.0
338800.0,4261150.0,510.0,2.64,10.0
338800.0,4261250.0,510.0,2.64,10.0
338800.0,4261350.0,510.0,2.64,10.0
338800.0,4261450.0,510.0,2.64,10.0
338800.0,4261550.0,510.0,2.64,10.0
338800.0,4261650.0,510.0,2.64,10.0
338800.0,4261750.0,510.0,2.64,10.0
338800.0,4261850.0,510.0,2.64,10.0
338800.0,4261950.0,510.0,2.64,10.0
338800.0,4262050.0,510.0,2.64,10.0
338800.0,4262150.0,510.0,2.64,10.0
338800.0,4262250.0,510.0,2.64,10.0
338800.0,4262350.0,510.0,2.64,10.0
338800.0,4262450.0,510.0,2.64,10.0
338800.0,4262550.0,510.0,2.64,10.0
338800.0,4262650.0,510.0,2.64,10.0
338800.0,4262750.0,510.0,2.64,10.0
338800.0,4262850.0,510.0,2.64,10.0
338800.0,4262950.0,510.0,2.64,10.0
338800.0,4263050.0,510.0,2.64,10.0
338800.0,4263150.0,510.0,2.64,10.0
338800.0,4263250.0,510.0,2.64,10.0
338800.0,4263350.0,510.0,2.64,10.0
338800.0,4263450.0,510.0,2.64,10.0
338800.0,4263550.0,510.0,2.64,10.0
338800.0,4263650.0,510.0,2.64,10.0
338800.0,4263750.0,510.0,2.64,10.0
338800.0,4263850.0,510.0,2.64,10.0
338800.0,4263950.0,510.0,2.64,10.0
338800.0,4264050.0,510.0,2.64,10.0
338800.0,4264150.0,510.0,2.64,10.0
338800.0,4264250.0,510.0,2.64,10.0
338800.0,4264350.0,510.0,2.64,10.0
338800.0,4264450.0,510.0,2.64,10.0
338800.0,4264550.0,510.0,2.64,10.0
338800.0,4264650.0,510.0,2.64,10.0
338800.0,4264750.0,510.0,2.64,10.0
338800.0,4264850.0,510.0,2.64,10.0
338800.0,4264950.0,510.0,2.64,10.0
338800.0,4265050.0,510.0,2.64,10.0
338800.0,4265150.0,510.0,2.64,10.0
338900.0,4259950.0,510.0,2.58,10.0
338900.0,4260050.0,510.0,2.57,10.0
338900.0,4260150.0,510.0,2.57,10.0
338900.0,4260250.0,510.0,2.57,10.0
338900.0,4260350.0,510.0,2.57,10.0
338900.0,4260450.0,510.0,2.57,10.0
338900.0,4260550.0,510.0,2.57,10.0
338900.0,4260650.0,510.0,2.58,10.0
338900.0,4260750.0,510.0,2.59,10.0
338900.0,4260850.0,510.0,2.6,10.0
338900.0,4260950.0,510.0,2.61,10.0
338900.0,4261050.0,510.0,2.62,10.0
338900.0,4261150.0,510.0,2.63,10.0
338900.0,4261250.0,510.0,2.64,10.0
338900.0,4261350.0,510.0,2.64,10.0
338900.0,4261450.0,510.0,2.64,10.0
338900.0,4261550.0,510.0,2.64,10.0
338900.0,4261650.0,510.0,2.64,10.0
338900.0,4261750.0,510.0,2.64,10.0
338900.0,4261850.0,510.0,2.64,10.0
338900.0,4261950.0,510.0,2.64,10.0
338900.0,4262050.0,510.0,2.64,10.0
338900.0,4262150.0,510.0,2.64,10.0
338900.0,4262250.0,510.0,2.64,10.0
338900.0,4262350.0,510.0,2.64,10.0
338900.0,4262450.0,510.0,2.64,10.0
338900.0,4262550.0,510.0,2.64,10.0
338900.0,4262650.0,510.0,2.64,10.0
338900.0,4262750.0,510.0,2.64,10.0
338900.0,4262850.0,510.0,2.64,10.0
338900.0,4262950.0,510.0,2.64,10.0
338900.0,4263050.0,510.0,2.64,10.0
338900.0,4263150.0,510.0,2.64,10.0
338900.0,4263250.0,510.0,2.64,10.0
338900.0,4263350.0,510.0,2.64,10.0
338900.0,4263450.0,510.0,2.64,10.0
338900.0,4263550.0,510.0,2.64,10.0
338900.0,4263650.0,510.0,2.64,10.0
338900.0,4263750.0,510.0,2.64,10.0
338900.0,4263850.0,510.0,2.64,10.0
338900.0,4263950.0,510.0,2.64,10.0
338900.0,4264050.0,510.0,2.64,10.0
338900.0,4264150.0,510.0,2.64,10.0
338900.0,4264250.0,510.0,2.64,10.0
338900.0,4264350.0,510.0,2.64,10.0
338900.0,4264450.0,510.0,2.64,10.0
338900.0,4264550.0,510.0,2.64,10.0
338900.0,4264650.0,510.0,2.64,10.0
338900.0,4264750.0,510.0,2.64,10.0
338900.0,4264850.0,510.0,2.64,10.0
338900.0,4264950.0,510.0,2.64,10.0
338900.0,4265050.0,510.0,2.64,10.0
338900.0,4265150.0,510.0,2.64,10.0
339000.0,4259950.0,510.0,2.56,10.0
339000.0,4260050.0,510.0,2.56,10.0
339000.0,4260150.0,510.0,2.55,10.0
339000.0,4260250.0,510.0,2.55,10.0
339000.0,4260350.0,510.0,2.55,10.0
339000.0,4260450.0,510.0,2.55,10.0
339000.0,4260550.0,510.0,2.56,10.0
339000.0,4260650.0,510.0,2.56,10.0
339000.0,4260750.0,510.0,2.58,10.0
339000.0,4260850.0,510.0,2.58,10.0
339000.0,4260950.0,510.0,2.6,10.0
339000.0,4261050.0,510.0,2.61,10.0
339000.0,4261150.0,510.0,2.63,10.0
339000.0,4261250.0,510.0,2.63,10.0
339000.0,4261350.0,510.0,2.64,10.0
339000.0,4261450.0,510.0,2.64,10.0
339000.0,4261550.0,510.0,2.64,10.0
339000.0,4261650.0,510.0,2.64,10.0
339000.0,4261750.0,510.0,2.64,10.0
339000.0,4261850.0,510.0,2.64,10.0
339000.0,4261950.0,510.0,2.64,10.0
339000.0,4262050.0,510.0,2.64,10.0
339000.0,4262150.0,510.0,2.64,10.0
339000.0,4262250.0,510.0,2.64,10.0
339000.0,4262350.0,510.0,2.64,10.0
339000.0,4262450.0,510.0,2.64,10.0
339000.0,4262550.0,510.0,2.64,10.0
339000.0,4262650.0,510.0,2.64,10.0
339000.0,4262750.0,510.0,2.64,10.0
339000.0,4262850.0,510.0,2.64,10.0
339000.0,4262950.0,510.0,2.64,10.0
339000.0,4263050.0,510.0,2.64,10.0
339000.0,4263150.0,510.0,2.64,10.0
339000.0,4263250.0,510.0,2.64,10.0
339000.0,4263350.0,510.0,2.64,10.0
339000.0,4263450.0,510.0,2.64,10.0
339000.0,4263550.0,510.0,2.64,10.0
339000.0,4263650.0,510.0,2.64,10.0
339000.0,4263750.0,510.0,2.64,10.0
339000.0,4263850.0,510.0,2.64,10.0
339000.0,4263950.0,510.0,2.64,10.0
339000.0,4264050.0,510.0,2.64,10.0
339000.0,4264150.0,510.0,2.64,10.0
339000.0,4264250.0,510.0,2.64,10.0
339000.0,4264350.0,510.0,2.64,10.0
339000.0,4264450.0,510.0,2.64,10.0
339000.0,4264550.0,510.0,2.64,10.0
339000.0,4264650.0,510.0,2.64,10.0
339000.0,4264750.0,510.0,2.64,10.0
339000.0,4264850.0,510.0,2.64,10.0
339000.0,4264950.0,510.0,2.64,10.0
339000.0,4265050.0,510.0,2.64,10.0
339000.0,4265150.0,510.0,2.64,10.0
339100.0,4259950.0,510.0,2.52,10.0
339100.0,4260050.0,510.0,2.51,10.0
339100.0,4260150.0,510.0,2.51,10.0
339100.0,4260250.0,510.0,2.51,10.0
339100.0,4260350.0,510.0,2.51,10.0
339100.0,4260450.0,510.0,2.51,10.0
339100.0,4260550.0,510.0,2.52,10.0
339100.0,4260650.0,510.0,2.52,10.0
339100.0,4260750.0,510.0,2.54,10.0
339100.0,4260850.0,510.0,2.54,10.0
339100.0,4260950.0,510.0,2.56,10.0
339100.0,4261050.0,510.0,2.57,10.0
339100.0,4261150.0,510.0,2.6,10.0
339100.0,4261250.0,510.0,2.61,10.0
339100.0,4261350.0,510.0,2.63,10.0
339100.0,4261450.0,510.0,2.63,10.0
339100.0,4261550.0,510.0,2.64,10.0
339100.0,4261650.0,510.0,2.64,10.0
339100.0,4261750.0,510.0,2.64,10.0
339100.0,4261850.0,510.0,2.64,10.0
339100.0,4261950.0,510.0,2.64,10.0
339100.0,4262050.0,510.0,2.64,10.0
339100.0,4262150.0,510.0,2.64,10.0
339100.0,4262250.0,510.0,2.64,10.0
339100.0,4262350.0,510.0,2.64,10.0
339100.0,4262450.0,510.0,2.64,10.0
339100.0,4262550.0,510.0,2.64,10.0
339100.0,4262650.0,510.0,2.64,10.0
339100.0,4262750.0,510.0,2.64,10.0
339100.0,4262850.0,510.0,2.64,10.0
339100.0,4262950.0,510.0,2.64,10.0
339100.0,4263050.0,510.0,2.64,10.0
339100.0,4263150.0,510.0,2.64,10.0
339100.0,4263250.0,510.0,2.64,10.0
339100.0,4263350.0,510.0,2.64,10.0
339100.0,4263450.0,510.0,2.64,10.0
339100.0,4263550.0,510.0,2.64,10.0
339100.0,4263650.0,510.0,2.64,10.0
339100.0,4263750.0,510.0,2.64,10.0
339100.0,4263850.0,510.0,2.64,10.0
339100.0,4263950.0,510.0,2.64,10.0
339100.0,4264050.0,510.0,2.64,10.0
339100.0,4264150.0,510.0,2.64,10.0
339100.0,4264250.0,510.0,2.64,10.0
339100.0,4264350.0,510.0,2.64,10.0
339100.0,4264450.0,510.0,2.64,10.0
339100.0,4264550.0,510.0,2.64,10.0
339100.0,4264650.0,510.0,2.64,10.0
339100.0,4264750.0,510.0,2.64,10.0
339100.0,4264850.0,510.0,2.64,10.0
339100.0,4264950.0,510.0,2.64,10.0
339100.0,4265050.0,510.0,2.64,10.0
339100.0,4265150.0,510.0,2.64,10.0
339200.0,4259950.0,510.0,2.5,10.0
339200.0,4260050.0,510.0,2.5,10.0
339200.0,4260150.0,510.0,2.5,10.0
339200.0,4260250.0,510.0,2.5,10.0
339200.0,4260350.0,510.0,2.5,10.0
339200.0,4260450.0,510.0,2.5,10.0
339200.0,4260550.0,510.0,2.51,10.0
339200.0,4260650.0,510.0,2.51,10.0
339200.0,4260750.0,510.0,2.52,10.0
339200.0,4260850.0,510.0,2.53,10.0
339200.0,4260950.0,510.0,2.55,10.0
339200.0,4261050.0,510.0,2.55,10.0
339200.0,4261150.0,510.0,2.58,10.0
339200.0,4261250.0,510.0,2.59,10.0
339200.0,4261350.0,510.0,2.62,10.0
339200.0,4261450.0,510.0,2.63,10.0
339200.0,4261550.0,510.0,2.64,10.0
339200.0,4261650.0,510.0,2.64,10.0
339200.0,4261750.0,510.0,2.64,10.0
339200.0,4261850.0,510.0,2.64,10.0
339200.0,4261950.0,510.0,2.64,10.0
339200.0,4262050.0,510.0,2.64,10.0
339200.0,4262150.0,510.0,2.64,10.0
339200.0,4262250.0,510.0,2.64,10.0
339200.0,4262350.0,510.0,2.64,10.0
339200.0,4262450.0,510.0,2.64,10.0
339200.0,4262550.0,510.0,2.64,10.0
339200.0,4262650.0,510.0,2.64,10.0
339200.0,4262750.0,510.0,2.64,10.0
339200.0,4262850.0,510.0,2.64,10.0
339200.0,4262950.0,510.0,2.64,10.0
339200.0,4263050.0,510.0,2.64,10.0
339200.0,4263150.0,510.0,2.64,10.0
339200.0,4263250.0,510.0,2.64,10.0
339200.0,4263350.0,510.0,2.64,10.0
339200.0,4263450.0,510.0,2.64,10.0
339200.0,4263550.0,510.0,2.64,10.0
339200.0,4263650.0,510.0,2.64,10.0
339200.0,4263750.0,510.0,2.64,10.0
339200.0,4263850.0,510.0,2.64,10.0
339200.0,4263950.0,510.0,2.64,10.0
339200.0,4264050.0,510.0,2.64,10.0
339200.0,4264150.0,510.0,2.64,10.0
339200.0,4264250.0,510.0,2.64,10.0
339200.0,4264350.0,510.0,2.64,10.0
339200.0,4264450.0,510.0,2.64,10.0
339200.0,4264550.0,510.0,2.64,10.0
339200.0,4264650.0,510.0,2.64,10.0
339200.0,4264750.0,510.0,2.64,10.0
339200.0,4264850.0,510.0,2.64,10.0
339200.0,4264950.0,510.0,2.64,10.0
339200.0,4265050.0,510.0,2.64,10.0
339200.0,4265150.0,510.0,2.64,10.0
339300.0,4259950.0,510.0,2.48,10.0
339300.0,4260050.0,510.0,2.48,10.0
339300.0,4260150.0,510.0,2.47,10.0
339300.0,4260250.0,510.0,2.47,10.0
339300.0,4260350.0,510.0,2.48,10.0
339300.0,4260450.0,510.0,2.48,10.0
339300.0,4260550.0,510.0,2.48,10.0
339300.0,4260650.0,510.0,2.48,10.0
339300.0,4260750.0,510.0,2.49,10.0
339300.0,4260850.0,510.0,2.49,10.0
339300.0,4260950.0,510.0,2.5,10.0
339300.0,4261050.0,510.0,2.51,10.0
339300.0,4261150.0,510.0,2.53,10.0
339300.0,4261250.0,510.0,2.54,10.0
339300.0,4261350.0,510.0,2.58,10.0
339300.0,4261450.0,510.0,2.6,10.0
339300.0,4261550.0,510.0,2.62,10.0
339300.0,4261650.0,510.0,2.63,10.0
339300.0,4261750.0,510.0,2.64,10.0
339300.0,4261850.0,510.0,2.64,10.0
339300.0,4261950.0,510.0,2.64,10.0
339300.0,4262050.0,510.0,2.64,10.0
339300.0,4262150.0,510.0,2.64,10.0
339300.0,4262250.0,510.0,2.64,10.0
339300.0,4262350.0,510.0,2.64,10.0
339300.0,4262450.0,510.0,2.64,10.0
339300.0,4262550.0,510.0,2.64,10.0
339300.0,4262650.0,510.0,2.64,10.0
339300.0,4262750.0,510.0,2.64,10.0
339300.0,4262850.0,510.0,2.64,10.0
339300.0,4262950.0,510.0,2.64,10.0
339300.0,4263050.0,510.0,2.64,10.0
339300.0,4263150.0,510.0,2.64,10.0
339300.0,4263250.0,510.0,2.64,10.0
339300.0,4263350.0,510.0,2.64,10.0
339300.0,4263450.0,510.0,2.64,10.0
339300.0,4263550.0,510.0,2.64,10.0
339300.0,4263650.0,510.0,2.64,10.0
339300.0,4263750.0,510.0,2.64,10.0
339300.0,4263850.0,510.0,2.64,10.0
339300.0,4263950.0,510.0,2.64,10.0
339300.0,4264050.0,510.0,2.64,10.0
339300.0,4264150.0,510.0,2.64,10.0
339300.0,4264250.0,510.0,2.64,10.0
339300.0,4264350.0,510.0,2.64,10.0
339300.0,4264450.0,510.0,2.64,10.0
339300.0,4264550.0,510.0,2.64,10.0
339300.0,4264650.0,510.0,2.64,10.0
339300.0,4264750.0,510.0,2.64,10.0
339300.0,4264850.0,510.0,2.64,10.0
339300.0,4264950.0,510.0,2.64,10.0
339300.0,4265050.0,510.0,2.64,10.0
339300.0,4265150.0,510.0,2.64,10.0
339400.0,4259950.0,510.0,2.46,10.0
339400.0,4260050.0,510.0,2.46,10.0
339400.0,4260150.0,510.0,2.46,10.0
339400.0,4260250.0,510.0,2.46,10.0
339400.0,4260350.0,510.0,2.46,10.0
339400.0,4260450.0,510.0,2.46,10.0
339400.0,4260550.0,510.0,2.46,10.0
339400.0,4260650.0,510.0,2.46,10.0
339400.0,4260750.0,510.0,2.47,10.0
339400.0,4260850.0,510.0,2.47,10.0
339400.0,4260950.0,510.0,2.48,10.0
339400.0,4261050.0,510.0,2.48,10.0
339400.0,4261150.0,510.0,2.49,10.0
339400.0,4261250.0,510.0,2.5,10.0
339400.0,4261350.0,510.0,2.56,10.0
339400.0,4261450.0,510.0,2.58,10.0
339400.0,4261550.0,510.0,2.61,10.0
339400.0,4261650.0,510.0,2.62,10.0
339400.0,4261750.0,510.0,2.63,10.0
339400.0,4261850.0,510.0,2.64,10.0
339400.0,4261950.0,510.0,2.64,10.0
339400.0,4262050.0,510.0,2.64,10.0
339400.0,4262150.0,510.0,2.64,10.0
339400.0,4262250.0,510.0,2.64,10.0
339400.0,4262350.0,510.0,2.64,10.0
339400.0,4262450.0,510.0,2.64,10.0
339400.0,4262550.0,510.0,2.64,10.0
339400.0,4262650.0,510.0,2.64,10.0
339400.0,4262750.0,510.0,2.64,10.0
339400.0,4262850.0,510.0,2.64,10.0
339400.0,4262950.0,510.0,2.64,10.0
339400.0,4263050.0,510.0,2.64,10.0
339400.0,4263150.0,510.0,2.64,10.0
339400.0,4263250.0,510.0,2.64,10.0
339400.0,4263350.0,510.0,2.64,10.0
339400.0,4263450.0,510.0,2.64,10.0
339400.0,4263550.0,510.0,2.64,10.0
339400.0,4263650.0,510.0,2.64,10.0
339400.0,4263750.0,510.0,2.64,10.0
339400.0,4263850.0,510.0,2.64,10.0
339400.0,4263950.0,510.0,2.64,10.0
339400.0,4264050.0,510.0,2.64,10.0
339400.0,4264150.0,510.0,2.64,10.0
339400.0,4264250.0,510.0,2.64,10.0
339400.0,4264350.0,510.0,2.64,10.0
339400.0,4264450.0,510.0,2.64,10.0
339400.0,4264550.0,510.0,2.64,10.0
339400.0,4264650.0,510.0,2.64,10.0
339400.0,4264750.0,510.0,2.64,10.0
339400.0,4264850.0,510.0,2.64,10.0
339400.0,4264950.0,510.0,2.64,10.0
339400.0,4265050.0,510.0,2.64,10.0
339400.0,4265150.0,510.0,2.64,10.0
339500.0,4261350.0,510.0,2.49,10.0
339500.0,4261450.0,510.0,2.52,10.0
339500.0,4261550.0,510.0,2.56,10.0
339500.0,4261650.0,510.0,2.58,10.0
339500.0,4261750.0,510.0,2.61,10.0
339500.0,4261850.0,510.0,2.62,10.0
339500.0,4261950.0,510.0,2.63,10.0
339500.0,4262050.0,510.0,2.64,10.0
339500.0,4262150.0,510.0,2.64,10.0
339500.0,4262250.0,510.0,2.64,10.0
339500.0,4262350.0,510.0,2.64,10.0
339500.0,4262450.0,510.0,2.64,10.0
339500.0,4262550.0,510.0,2.64,10.0
339500.0,4262650.0,510.0,2.64,10.0
339500.0,4262750.0,510.0,2.64,10.0
339500.0,4262850.0,510.0,2.64,10.0
339500.0,4262950.0,510.0,2.64,10.0
339500.0,4263050.0,510.0,2.64,10.0
339500.0,4263150.0,510.0,2.64,10.0
339500.0,4263250.0,510.0,2.64,10.0
339500.0,4263350.0,510.0,2.64,10.0
339500.0,4263450.0,510.0,2.64,10.0
339500.0,4263550.0,510.0,2.64,10.0
339500.0,4263650.0,510.0,2.64,10.0
339500.0,4263750.0,510.0,2.64,10.0
339500.0,4263850.0,510.0,2.64,10.0
339500.0,4263950.0,510.0,2.64,10.0
339500.0,4264050.0,510.0,2.64,10.0
339500.0,4264150.0,510.0,2.64,10.0
339500.0,4264250.0,510.0,2.64,10.0
339500.0,4264350.0,510.0,2.64,10.0
339500.0,4264450.0,510.0,2.64,10.0
339500.0,4264550.0,510.0,2.64,10.0
339500.0,4264650.0,510.0,2.64,10.0
339500.0,4264750.0,510.0,2.64,10.0
339500.0,4264850.0,510.0,2.64,10.0
339500.0,4264950.0,510.0,2.64,10.0
339500.0,4265050.0,510.0,2.64,10.0
339500.0,4265150.0,510.0,2.64,10.0
339550.0,4260000.0,540.0,2.45,40.0
339550.0,4260200.0,540.0,2.45,40.0
339550.0,4260400.0,540.0,2.45,40.0
339550.0,4260600.0,540.0,2.45,40.0
339550.0,4260800.0,540.0,2.46,40.0
339550.0,4261000.0,540.0,2.46,40.0
339550.0,4261200.0,540.0,2.47,40.0
339600.0,4261350.0,510.0,2.48,10.0
339600.0,4261450.0,510.0,2.49,10.0
339600.0,4261550.0,510.0,2.52,10.0
339600.0,4261650.0,510.0,2.53,10.0
339600.0,4261750.0,510.0,2.57,10.0
339600.0,4261850.0,510.0,2.58,10.0
339600.0,4261950.0,510.0,2.62,10.0
339600.0,4262050.0,510.0,2.62,10.0
339600.0,4262150.0,510.0,2.64,10.0
339600.0,4262250.0,510.0,2.64,10.0
339600.0,4262350.0,510.0,2.64,10.0
339600.0,4262450.0,510.0,2.64,10.0
339600.0,4262550.0,510.0,2.64,10.0
339600.0,4262650.0,510.0,2.64,10.0
339600.0,4262750.0,510.0,2.64,10.0
339600.0,4262850.0,510.0,2.64,10.0
339600.0,4262950.0,510.0,2.64,10.0
339600.0,4263050.0,510.0,2.64,10.0
339600.0,4263150.0,510.0,2.64,10.0
339600.0,4263250.0,510.0,2.64,10.0
339600.0,4263350.0,510.0,2.64,10.0
339600.0,4263450.0,510.0,2.64,10.0
339600.0,4263550.0,510.0,2.64,10.0
339600.0,4263650.0,510.0,2.64,10.0
339600.0,4263750.0,510.0,2.64,10.0
339600.0,4263850.0,510.0,2.64,10.0
339600.0,4263950.0,510.0,2.64,10.0
339600.0,4264050.0,510.0,2.64,10.0
339600.0,4264150.0,510.0,2.64,10.0
339600.0,4264250.0,510.0,2.64,10.0
339600.0,4264350.0,510.0,2.64,10.0
339600.0,4264450.0,510.0,2.64,10.0
339600.0,4264550.0,510.0,2.64,10.0
339600.0,4264650.0,510.0,2.64,10.0
339600.0,4264750.0,510.0,2.64,10.0
339600.0,4264850.0,510.0,2.64,10.0
339600.0,4264950.0,510.0,2.64,10.0
339600.0,4265050.0,510.0,2.64,10.0
339600.0,4265150.0,510.0,2.64,10.0
339700.0,4262150.0,510.0,2.62,10.0
339700.0,4262250.0,510.0,2.64,10.0
339700.0,4262350.0,510.0,2.64,10.0
339700.0,4262450.0,510.0,2.64,10.0
339700.0,4262550.0,510.0,2.64,10.0
339700.0,4262650.0,510.0,2.64,10.0
339700.0,4262750.0,510.0,2.64,10.0
339700.0,4262850.0,510.0,2.64,10.0
339700.0,4262950.0,510.0,2.64,10.0
339700.0,4263050.0,510.0,2.64,10.0
339700.0,4263150.0,510.0,2.64,10.0
339700.0,4263250.0,510.0,2.64,10.0
339700.0,4263350.0,510.0,2.64,10.0
339700.0,4263450.0,510.0,2.64,10.0
339700.0,4263550.0,510.0,2.64,10.0
339700.0,4263650.0,510.0,2.64,10.0
339700.0,4263750.0,510.0,2.64,10.0
339700.0,4263850.0,510.0,2.64,10.0
339700.0,4263950.0,510.0,2.64,10.0
339700.0,4264050.0,510.0,2.64,10.0
339700.0,4264150.0,510.0,2.64,10.0
339700.0,4264250.0,510.0,2.64,10.0
339700.0,4264350.0,510.0,2.64,10.0
339700.0,4264450.0,510.0,2.64,10.0
339700.0,4264550.0,510.0,2.64,10.0
339700.0,4264650.0,510.0,2.64,10.0
339700.0,4264750.0,510.0,2.64,10.0
339700.0,4264850.0,510.0,2.64,10.0
339700.0,4264950.0,510.0,2.64,10.0
339700.0,4265050.0,510.0,2.64,10.0
339700.0,4265150.0,510.0,2.64,10.0
339750.0,4260000.0,540.0,2.45,40.0
339750.0,4260200.0,540.0,2.45,40.0
339750.0,4260400.0,540.0,2.45,40.0
339750.0,4260600.0,540.0,2.45,40.0
339750.0,4260800.0,540.0,2.45,40.0
339750.0,4261000.0,540.0,2.45,40.0
339750.0,4261200.0,540.0,2.46,40.0
339750.0,4261400.0,540.0,2.47,40.0
339750.0,4261600.0,540.0,2.49,40.0
339750.0,4261800.0,540.0,2.53,40.0
339750.0,4262000.0,540.0,2.59,40.0
339800.0,4262150.0,510.0,2.62,10.0
339800.0,4262250.0,510.0,2.63,10.0
339800.0,4262350.0,510.0,2.64,10.0
339800.0,4262450.0,510.0,2.64,10.0
339800.0,4262550.0,510.0,2.64,10.0
339800.0,4262650.0,510.0,2.64,10.0
339800.0,4262750.0,510.0,2.64,10.0
339800.0,4262850.0,510.0,2.64,10.0
339800.0,4262950.0,510.0,2.64,10.0
339800.0,4263050.0,510.0,2.64,10.0
339800.0,4263150.0,510.0,2.64,10.0
339800.0,4263250.0,510.0,2.64,10.0
339800.0,4263350.0,510.0,2.64,10.0
339800.0,4263450.0,510.0,2.64,10.0
339800.0,4263550.0,510.0,2.64,10.0
339800.0,4263650.0,510.0,2.64,10.0
339800.0,4263750.0,510.0,2.64,10.0
339800.0,4263850.0,510.0,2.64,10.0
339800.0,4263950.0,510.0,2.64,10.0
339800.0,4264050.0,510.0,2.64,10.0
339800.0,4264150.0,510.0,2.64,10.0
339800.0,4264250.0,510.0,2.64,10.0
339800.0,4264350.0,510.0,2.64,10.0
339800.0,4264450.0,510.0,2.64,10.0
339800.0,4264550.0,510.0,2.64,10.0
339800.0,4264650.0,510.0,2.64,10.0
339800.0,4264750.0,510.0,2.64,10.0
339800.0,4264850.0,510.0,2.64,10.0
339800.0,4264950.0,510.0,2.64,10.0
339800.0,4265050.0,510.0,2.64,10.0
339800.0,4265150.0,510.0,2.64,10.0
339900.0,4262950.0,510.0,2.64,10.0
339900.0,4263050.0,510.0,2.64,10.0
339900.0,4263150.0,510.0,2.64,10.0
339900.0,4263250.0,510.0,2.64,10.0
339900.0,4263350.0,510.0,2.64,10.0
339900.0,4263450.0,510.0,2.64,10.0
339900.0,4263550.0,510.0,2.64,10.0
339900.0,4263650.0,510.0,2.64,10.0
339900.0,4263750.0,510.0,2.64,10.0
339900.0,4263850.0,510.0,2.64,10.0
339900.0,4263950.0,510.0,2.64,10.0
339900.0,4264050.0,510.0,2.64,10.0
339900.0,4264150.0,510.0,2.64,10.0
339900.0,4264250.0,510.0,2.64,10.0
339900.0,4264350.0,510.0,2.64,10.0
339900.0,4264450.0,510.0,2.64,10.0
339900.0,4264550.0,510.0,2.64,10.0
339900.0,4264650.0,510.0,2.64,10.0
339900.0,4264750.0,510.0,2.64,10.0
339900.0,4264850.0,510.0,2.64,10.0
339900.0,4264950.0,510.0,2.64,10.0
339900.0,4265050.0,510.0,2.64,10.0
339900.0,4265150.0,510.0,2.64,10.0
339950.0,4260000.0,540.0,2.45,40.0
339950.0,4260200.0,540.0,2.45,40.0
339950.0,4260400.0,540.0,2.45,40.0
339950.0,4260600.0,540.0,2.45,40.0
339950.0,4260800.0,540.0,2.45,40.0
339950.0,4261000.0,540.0,2.45,40.0
339950.0,4261200.0,540.0,2.45,40.0
339950.0,4261400.0,540.0,2.46,40.0
339950.0,4261600.0,540.0,2.48,40.0
339950.0,4261800.0,540.0,2.51,40.0
339950.0,4262000.0,540.0,2.57,40.0
339950.0,4262200.0,540.0,2.62,40.0
339950.0,4262400.0,540.0,2.64,40.0
339950.0,4262600.0,540.0,2.64,40.0
339950.0,4262800.0,540.0,2.64,40.0
340000.0,4262950.0,510.0,2.64,10.0
340000.0,4263050.0,510.0,2.64,10.0
340000.0,4263150.0,510.0,2.64,10.0
340000.0,4263250.0,510.0,2.64,10.0
340000.0,4263350.0,510.0,2.64,10.0
340000.0,4263450.0,510.0,2.64,10.0
340000.0,4263550.0,510.0,2.64,10.0
340000.0,4263650.0,510.0,2.64,10.0
340000.0,4263750.0,510.0,2.64,10.0
340000.0,4263850.0,510.0,2.64,10.0
340000.0,4263950.0,510.0,2.64,10.0
340000.0,4264050.0,510.0,2.64,10.0
340000.0,4264150.0,510.0,2.64,10.0
340000.0,4264250.0,510.0,2.64,10.0
340000.0,4264350.0,510.0,2.64,10.0
340000.0,4264450.0,510.0,2.64,10.0
340000.0,4264550.0,510.0,2.64,10.0
340000.0,4264650.0,510.0,2.64,10.0
340000.0,4264750.0,510.0,2.64,10.0
340000.0,4264850.0,510.0,2.64,10.0
340000.0,4264950.0,510.0,2.64,10.0
340000.0,4265050.0,510.0,2.64,10.0
340000.0,4265150.0,510.0,2.64,10.0
340150.0,4260000.0,540.0,2.45,40.0
340150.0,4260200.0,540.0,2.45,40.0
340150.0,4260400.0,540.0,2.44,40.0
340150.0,4260600.0,540.0,2.44,40.0
340150.0,4260800.0,540.0,2.44,40.0
340150.0,4261000.0,540.0,2.45,40.0
340150.0,4261200.0,540.0,2.45,40.0
340150.0,4261400.0,540.0,2.46,40.0
340150.0,4261600.0,540.0,2.47,40.0
340150.0,4261800.0,540.0,2.5,40.0
340150.0,4262000.0,540.0,2.56,40.0
340150.0,4262200.0,540.0,2.61,40.0
340150.0,4262400.0,540.0,2.64,40.0
340150.0,4262600.0,540.0,2.64,40.0
340150.0,4262800.0,540.0,2.64,40.0
340150.0,4263000.0,540.0,2.64,40.0
340150.0,4263200.0,540.0,2.64,40.0
340150.0,4263400.0,540.0,2.64,40.0
340150.0,4263600.0,540.0,2.64,40.0
340150.0,4263800.0,540.0,2.64,40.0
340150.0,4264000.0,540.0,2.64,40.0
340150.0,4264200.0,540.0,2.64,40.0
340150.0,4264400.0,540.0,2.64,40.0
340150.0,4264600.0,540.0,2.64,40.0
340150.0,4264800.0,540.0,2.64,40.0
340150.0,4265000.0,540.0,2.64,40.0
