Northing_m,Easting_m,Elevation_m,Resistivity_ohmm
4249156.0,346606.2,545.0355,825.11
4249161.0,343387.9,549.5103,365.66
4249168.0,332567.2,519.5175,699.02
4249183.0,327262.2,561.6695,2.58
4249190.0,329875.3,418.5357,64.54
4249190.0,341519.1,594.5619,1354.86
4249196.0,335122.1,429.0335,1599.88
4249198.0,324572.8,533.2711,30.05
4249222.0,332417.8,510.3047,662.04
4249236.0,339513.7,431.0031,7120.69
4249248.0,344826.8,462.8937,614.58
4249257.0,337379.9,591.9457,25281.53
4249262.0,327046.0,555.4732,2.42
4249268.0,329659.1,410.0037,43.53
4249269.0,332288.5,503.3553,635.75
4249290.0,334863.7,410.3216,1490.02
4249302.0,346206.8,570.8994,907.35
4249307.0,342988.5,633.2428,412.67
4249309.0,332178.6,497.618,617.08
4249326.0,324223.3,532.6373,38.01
4249335.0,341119.8,545.6736,2029.0
4249340.0,326829.9,548.7087,2.6
4249340.0,332092.8,494.1787,603.95
4249347.0,329443.0,403.4288,29.7
4249363.0,332030.9,490.1479,594.87
4249378.0,334620.9,396.0317,1315.59
4249379.0,331986.1,486.4583,588.29
4249381.0,339114.3,415.9798,13502.81
4249391.0,331953.8,484.0672,583.47
4249393.0,344427.5,536.1352,414.07
4249399.0,331930.6,482.9405,579.97
4249402.0,336982.1,565.4372,17597.87
4249405.0,331914.2,482.9954,577.46
4249410.0,331901.5,483.4715,575.48
4249414.0,331889.6,483.9929,573.61
4249419.0,326613.8,545.1954,3.1
4249419.0,331877.9,484.5867,571.74
4249423.0,331866.1,484.6439,569.83
4249426.0,329226.9,598.9235,20.44
4249427.0,331854.4,483.9493,567.9
4249433.0,331839.3,482.799,565.39
4249441.0,331817.2,481.1861,561.61
4249447.0,345807.4,610.1676,903.42
4249452.0,331785.8,478.926,556.05
4249452.0,342589.2,377.7201,550.54
4249458.0,334401.2,382.8601,1220.27
4249459.0,323856.4,532.5377,35.48
4249468.0,331742.0,476.0309,547.82
4249481.0,340720.4,393.0605,2904.49
4249484.0,347162.0,526.4438,561.9
4249490.0,331681.5,472.6604,535.45
4249498.0,326397.7,544.9038,3.95
4249504.0,329010.7,591.7332,14.68
4249521.0,331597.8,468.2416,516.21
4249527.0,338714.9,407.4164,20691.77
4249528.0,334209.1,612.0064,856.63
4249538.0,344028.1,560.5324,298.85
4249539.0,336604.3,535.9415,10319.23
4249563.0,331481.6,464.2524,485.14
4249578.0,326176.1,543.2949,5.17
4249583.0,328794.6,584.9632,10.93
4249592.0,334033.0,599.7018,896.17
4249593.0,323489.0,534.0002,30.09
4249593.0,345408.1,367.4158,1106.25
4249598.0,342189.8,479.1895,816.34
4249617.0,331333.0,459.6066,437.59
4249626.0,340321.0,643.3536,3275.68
4249629.0,346762.7,548.5765,899.39
4249652.0,333869.3,588.7432,929.53
4249662.0,328578.5,579.9317,8.45
4249664.0,336260.8,504.2505,6066.08
4249665.0,325937.8,540.5599,6.9
4249672.0,338315.5,381.3292,27310.91
4249681.0,331158.0,451.2454,373.25
4249684.0,343628.7,610.1773,312.02
4249710.0,333709.5,577.8933,945.68
4249738.0,345008.7,445.7061,960.76
4249740.0,328362.4,575.8011,6.86
4249743.0,341790.4,600.1114,1327.89
4249754.0,330955.9,442.1905,295.12
4249760.0,325677.9,536.908,9.22
4249768.0,333549.8,565.5342,933.04
4249771.0,339921.7,545.3216,4576.23
4249775.0,346363.3,572.8507,1167.03
4249779.0,335946.9,474.8931,3726.79
4249817.0,337916.2,621.4942,23821.97
4249819.0,328146.2,571.6962,5.89
4249826.0,333390.0,553.0543,886.03
4249829.0,343229.4,334.9277,516.64
4249833.0,330739.7,435.7765,216.64
4249864.0,325391.6,532.9049,12.22
4249883.0,335661.4,450.9306,2459.24
4249883.0,344609.3,530.6654,625.39
4249884.0,333230.3,541.6623,790.61
4249888.0,341391.0,640.0121,2105.87
4249898.0,327930.1,567.9191,5.34
4249912.0,330523.6,430.7034,151.6
4249917.0,339522.3,503.8339,7086.6
4249920.0,345963.9,608.8422,1381.22
4249925.0,347335.5,522.6313,555.5
4249942.0,333070.5,530.5657,572.16
4249962.0,337518.4,590.3383,20726.62
4249974.0,342830.0,424.7821,641.38
4249976.0,327714.0,564.2622,5.05
4249977.0,335403.0,432.0848,1769.27
4249980.0,325073.9,532.1699,15.95
4249990.0,330307.5,422.5795,102.26
4249997.0,332921.2,520.548,431.73
4250029.0,344209.9,575.4518,436.89
4250034.0,340991.7,534.6475,2881.07
4250044.0,332791.8,512.9041,355.26
4250055.0,327497.8,558.2812,4.87
4250062.0,339122.9,523.5419,11747.27
4250065.0,335160.2,417.0585,1387.52
4250066.0,345564.5,371.6662,1886.49
4250069.0,330091.4,413.7386,67.14
4250070.0,346936.2,551.144,953.95
4250084.0,332681.9,506.9013,315.69
4250100.0,337140.6,572.1733,14941.11
4250107.0,324724.3,532.058,19.93
4250115.0,332596.1,501.9944,297.27
4250120.0,342430.6,499.1992,821.5
4250134.0,327281.7,552.4462,4.76
4250138.0,332534.2,497.2047,289.06
4250145.0,334940.5,402.6005,1205.19
4250148.0,329875.2,407.4911,43.17
4250154.0,332489.4,495.1086,285.33
4250166.0,332457.1,494.6781,283.61
4250174.0,332433.9,493.7703,282.83
4250174.0,343810.6,633.3521,480.31
4250179.0,340592.3,429.9385,3804.42
4250180.0,332417.6,492.9746,282.49
4250185.0,332404.8,492.1925,282.33
4250189.0,332392.9,491.6719,282.27
4250193.0,332381.2,491.6496,282.28
4250198.0,332369.4,491.3968,282.38
4250202.0,332357.7,490.5246,282.54
4250207.0,332342.6,489.3655,282.83
4250207.0,338723.5,471.7574,18703.73
4250211.0,345165.2,461.3317,1729.35
4250212.0,327065.6,549.6309,4.76
4250215.0,332320.5,487.8915,283.43
4250215.0,334748.4,386.8442,1102.9
4250216.0,346536.8,577.1574,1427.27
4250225.0,336797.1,532.8921,9898.72
4250226.0,329659.1,402.6029,27.28
4250227.0,332289.1,484.9876,284.6
4250240.0,324357.4,531.2375,22.62
4250243.0,332245.4,481.5121,286.73
4250265.0,332184.8,479.8928,290.28
4250265.0,342031.3,504.2298,1103.43
4250279.0,334572.3,615.7226,736.24
4250291.0,326849.4,548.9083,4.9
4250295.0,332101.1,478.1355,295.57
4250305.0,329443.0,598.3659,17.97
4250319.0,343411.2,400.4215,701.67
4250324.0,340192.9,330.932,5263.97
4250337.0,331984.9,472.8763,301.56
4250339.0,334408.6,606.1429,788.13
4250339.0,336483.2,489.2133,6433.38
4250353.0,338324.2,357.5025,25324.48
4250356.0,344765.8,539.4081,1125.15
4250361.0,346137.4,612.3665,1926.27
4250372.0,326627.9,546.4023,5.25
4250374.0,323990.0,532.425,23.82
4250384.0,329226.8,591.5711,11.43
4250392.0,331836.3,465.8303,302.65
4250397.0,334248.8,597.0671,854.7
4250410.0,341631.9,525.9013,1574.94
4250443.0,336197.7,466.5752,4273.02
4250455.0,331661.3,458.0603,289.8
4250455.0,334089.1,585.2916,914.56
4250458.0,326389.6,542.6937,5.88
4250462.0,329010.7,584.0038,7.42
4250465.0,343011.8,494.4513,679.94
4250465.0,347111.3,550.3621,905.98
4250470.0,339793.6,582.7384,5840.8
4250498.0,337926.4,599.8683,20639.35
4250502.0,344366.4,588.1311,729.14
4250506.0,345738.1,375.101,2640.35
4250508.0,323622.6,536.3362,26.95
4250513.0,333929.3,573.4526,824.09
4250529.0,331459.2,449.3022,255.4
4250537.0,335939.3,446.3546,2978.39
4250541.0,328794.6,576.7316,5.01
4250553.0,326129.7,538.5279,6.95
4250556.0,341232.5,490.6175,2218.37
4250571.0,333769.6,561.1806,680.66
4250607.0,331243.1,441.7619,202.65
4250610.0,342612.5,470.3476,821.22
4250610.0,346712.0,580.4281,1451.17
4250615.0,339394.2,545.9836,9751.43
4250620.0,328578.5,571.7624,3.59
4250625.0,335696.5,430.3993,2011.31
4250629.0,333609.8,549.8713,524.24
4250635.0,337548.6,575.1922,18063.93
4250647.0,343967.1,656.5663,623.36
4250652.0,345338.7,466.955,2198.72
4250657.0,325843.4,533.7483,8.57
4250684.0,333460.5,540.2606,396.14
4250686.0,331026.9,434.9087,147.43
4250698.0,328362.3,567.2876,2.75
4250701.0,340833.2,423.0832,3008.22
4250705.0,335476.8,419.9625,1462.39
4250731.0,333331.1,532.063,311.13
4250755.0,342213.1,377.8751,895.58
4250755.0,346312.6,612.7298,2096.37
4250760.0,337205.1,541.9335,13838.51
4250760.0,338994.8,472.8641,15941.87
4250765.0,330810.8,428.3956,99.9
4250771.0,333221.2,524.4893,258.54
4250773.0,325525.7,531.8101,10.73
4250775.0,335284.7,406.2998,1159.82
4250777.0,328146.2,562.4353,2.26
4250792.0,343567.7,434.0544,892.52
4250797.0,344939.3,545.639,1532.15
4250802.0,333135.4,518.4443,228.44
4250823.0,347270.3,544.2454,786.94
4250825.0,333073.5,515.4066,211.78
4250839.0,335108.6,392.9517,986.44
4250841.0,333028.7,514.0399,202.0
4250843.0,330594.7,420.745,64.22
4250846.0,340433.8,360.2427,4311.12
4250853.0,332996.4,514.3825,196.0
4250856.0,327930.1,558.9615,1.93
4250861.0,332973.2,514.2017,192.22
4250867.0,332956.9,513.2894,189.8
4250872.0,332944.1,512.2081,188.03
4250874.0,336891.2,505.0928,9798.62
4250876.0,332932.2,511.2537,186.5
4250880.0,332920.5,510.4453,185.07
4250884.0,332908.7,509.6252,183.74
4250889.0,332897.0,508.4129,182.49
4250894.0,332881.9,506.7978,181.01
4250899.0,334944.9,383.3563,889.8
4250900.0,325176.1,532.1305,13.02
4250901.0,341813.7,331.4897,1018.6
4250901.0,345913.2,374.5257,2839.07
4250902.0,332859.8,503.0862,179.08
4250906.0,338595.5,366.1677,22646.91
4250914.0,332828.4,497.9313,176.78
4250922.0,330378.5,414.4805,39.84
4250930.0,332784.7,495.5221,174.37
4250934.0,327713.9,555.6782,1.67
4250938.0,343168.3,488.7374,897.26
4250942.0,344540.0,589.9841,1074.17
4250952.0,332724.1,494.7965,172.38
4250957.0,334785.1,616.2122,530.24
4250968.0,346870.9,571.3147,1234.01
4250978.0,336605.7,476.1201,6160.04
4250982.0,332640.4,493.4589,171.7
4250992.0,340034.4,578.0407,5843.85
4251001.0,330162.4,409.3575,24.21
4251013.0,327497.8,552.6043,1.52
4251015.0,334625.4,605.7517,546.85
4251024.0,332524.2,487.8173,173.67
4251034.0,324809.2,530.778,14.46
4251046.0,341414.4,640.5624,1963.69
4251046.0,345513.8,447.9484,2721.24
4251051.0,338197.7,601.8822,19473.39
4251072.0,336347.3,447.1082,3745.87
4251073.0,334465.6,595.1324,574.36
4251079.0,329946.3,403.6642,14.59
4251079.0,332375.6,478.3101,178.07
4251083.0,342769.0,388.592,852.04
4251088.0,344140.6,644.4907,1022.96
4251092.0,327281.7,549.5367,1.58
4251114.0,346471.5,602.1393,1767.87
4251132.0,334305.9,584.3712,598.07
4251137.0,339635.0,470.2551,9310.15
4251142.0,332200.6,470.6668,180.33
4251158.0,329730.2,598.3642,8.03
4251161.0,336104.5,432.0055,2370.28
4251167.0,324441.8,531.9887,14.56
4251172.0,327060.1,547.0386,1.94
4251188.0,337819.9,559.7714,18843.28
4251190.0,334146.1,573.4778,603.94
4251191.0,345114.5,493.8181,2134.28
4251192.0,341015.0,658.357,2728.97
4251216.0,331998.5,462.8232,172.26
4251228.0,342369.6,627.821,887.82
4251233.0,343741.2,389.8814,1548.35
4251237.0,329514.0,591.2016,5.03
4251241.0,335884.8,426.8129,1610.92
4251244.0,333996.8,562.7507,585.79
4251259.0,326821.9,543.5668,2.75
4251259.0,346072.2,377.9075,2316.45
4251283.0,339235.7,404.3846,15405.63
4251291.0,333867.4,554.9656,552.05
4251294.0,331782.4,453.9689,147.5
4251294.0,347015.7,554.3163,933.94
4251301.0,324074.3,539.6763,14.36
4251311.0,335692.7,411.8219,1190.22
4251313.0,337476.4,532.546,16260.93
4251315.0,329297.9,583.1522,3.38
4251331.0,333757.5,547.7316,512.95
4251337.0,340615.6,329.4595,3188.61
4251337.0,344715.1,519.5912,1573.76
4251353.0,326562.0,538.9837,4.23
4251362.0,333671.7,541.1779,478.13
4251373.0,331566.2,444.9041,112.48
4251374.0,341970.2,576.4163,901.95
4251375.0,335516.6,394.1111,940.64
4251378.0,343341.8,448.8666,1627.09
4251385.0,333609.8,539.3294,451.86
4251394.0,329081.8,576.408,2.51
4251401.0,333565.0,538.131,432.72
4251404.0,345672.8,479.9239,2453.99
4251413.0,333532.7,536.8764,418.93
4251421.0,333509.5,536.5004,409.12
4251427.0,333493.2,536.0788,402.25
4251427.0,337162.5,508.4216,11216.56
4251428.0,338836.3,645.6948,15168.65
4251432.0,333480.4,535.7743,396.93
4251434.0,335352.9,383.1671,791.01
4251436.0,333468.5,535.2366,392.02
4251439.0,323696.7,545.4619,16.73
4251440.0,346616.3,587.7095,1207.85
4251441.0,333456.8,534.1246,387.19
4251445.0,333445.0,532.801,382.39
4251449.0,333433.3,531.3193,377.64
4251452.0,331350.1,436.2991,77.35
4251455.0,333418.2,529.3378,371.6
4251458.0,326275.6,535.7617,6.63
4251463.0,333396.1,525.0703,362.86
4251473.0,328865.6,573.0907,2.23
4251474.0,333364.7,520.1246,350.79
4251482.0,340216.3,562.6653,5555.89
4251482.0,344315.7,584.0665,1553.74
4251490.0,333321.0,518.7959,334.53
4251492.0,335193.1,616.7482,428.41
4251512.0,333260.4,518.8742,313.3
4251519.0,341570.9,556.0067,1228.47
4251524.0,342942.5,378.2834,1435.21
4251530.0,331134.0,427.7239,49.37
4251531.0,336877.0,475.2042,6907.03
4251543.0,333176.7,514.7108,286.61
4251550.0,335033.4,605.7219,417.25
4251550.0,345273.4,540.887,2121.75
4251551.0,328649.5,568.8818,2.5
4251573.0,325957.9,533.2838,10.04
4251573.0,338438.5,617.766,18426.25
4251582.0,323301.7,550.4469,28.84
4251585.0,333060.5,504.986,254.54
4251585.0,346216.9,366.2221,1516.05
4251607.0,347149.6,546.7642,677.27
4251609.0,330917.8,421.2064,30.43
4251609.0,334873.6,596.3006,434.62
4251625.0,336618.6,446.1935,4211.21
4251627.0,343916.4,349.4239,2709.41
4251628.0,339816.9,455.3713,8695.16
4251630.0,328433.4,564.9384,3.18
4251639.0,332911.9,492.3363,221.45
4251665.0,341171.5,564.8364,1909.02
4251667.0,334713.9,587.95,474.76
4251669.0,342543.1,599.9646,984.82
4251688.0,330701.7,415.2427,18.95
4251695.0,344874.1,553.8443,1701.2
4251701.0,325608.3,531.3655,14.18
4251703.0,332736.9,481.4196,190.99
4251709.0,328217.3,560.4045,3.51
4251710.0,338060.7,588.4804,18575.37
4251714.0,336375.8,430.8877,2608.35
4251725.0,334554.1,579.9598,530.31
4251730.0,345817.5,478.5549,1744.72
4251753.0,346750.2,576.5134,718.26
4251766.0,330485.6,409.0573,12.48
4251773.0,339417.5,394.6946,12334.67
4251773.0,343517.0,418.1583,2716.88
4251776.0,332534.8,470.7816,162.04
4251779.0,334404.8,575.1683,584.68
4251787.0,328001.1,555.894,2.85
4251794.0,336156.1,421.1168,1719.92
4251810.0,340772.1,589.3484,2989.75
4251815.0,342143.7,526.6354,820.18
4251826.0,334275.4,569.2027,623.5
4251834.0,325241.4,529.8039,17.82
4251835.0,337717.3,537.5145,15992.91
4251840.0,344474.7,620.5121,1651.11
4251845.0,330269.5,402.8586,9.1
4251855.0,332318.7,462.8436,132.04
4251864.0,335964.0,403.2283,1230.03
4251866.0,327785.0,551.6087,1.89
4251866.0,334165.5,562.5854,644.31
4251876.0,345418.2,571.0004,1796.05
4251898.0,334079.7,556.5644,649.76
4251898.0,346350.8,638.9065,810.38
4251918.0,339018.1,630.4388,10868.05
4251918.0,343117.6,355.2283,2034.47
4251920.0,334017.8,553.1462,647.55
4251924.0,330053.3,599.5844,6.07
4251926.0,347267.7,551.9337,508.96
4251928.0,335787.9,387.3543,935.95
4251933.0,332102.5,456.7453,100.4
4251936.0,333973.0,549.285,642.59
4251947.0,327563.5,548.6123,1.28
4251948.0,333940.7,545.4982,637.29
4251949.0,337403.4,495.9511,11661.03
4251955.0,340372.7,532.6913,4855.43
4251957.0,333917.5,544.1317,632.62
4251960.0,341744.4,560.7091,958.37
4251963.0,333901.2,543.4967,628.9
4251967.0,333888.4,542.9934,625.76
4251968.0,324874.0,531.3227,19.4
4251972.0,333876.5,542.6239,622.66
4251976.0,333864.8,542.3192,619.42
4251980.0,333853.0,541.8648,616.0
4251984.0,333841.3,541.2471,612.42
4251986.0,344075.3,379.5341,2804.78
4251987.0,335624.2,380.3511,752.68
4251990.0,333826.2,540.2387,607.62
4251998.0,333804.1,538.3908,600.07
4252002.0,329837.2,593.058,5.99
4252009.0,333772.7,535.4022,588.48
4252012.0,331886.4,447.6076,69.42
4252021.0,345018.8,591.0638,1667.48
4252025.0,333729.0,533.5824,570.69
4252033.0,327325.2,544.9971,1.07
4252044.0,345951.5,466.2214,1091.24
4252045.0,335464.4,616.6228,396.64
4252047.0,333668.4,533.7033,543.47
4252053.0,337117.8,467.2069,7543.65
4252063.0,338620.4,603.0615,13275.01
4252064.0,342718.3,577.3225,1250.24
4252072.0,346868.3,576.867,408.67
4252078.0,333584.7,528.2282,501.94
4252081.0,329621.1,586.1647,6.71
4252091.0,331670.3,439.8479,43.7
4252101.0,339973.4,456.9046,7449.01
4252102.0,324506.6,540.1005,18.49
4252104.0,335304.7,607.5495,355.82
4252105.0,341345.0,583.0322,1482.97
4252120.0,333468.5,517.0329,440.74
4252128.0,327065.3,541.1178,1.27
4252131.0,343676.0,407.5132,2988.56
4252147.0,336859.4,446.7379,4596.97
4252160.0,329404.9,582.5791,8.28
4252162.0,335144.9,598.1165,338.07
4252167.0,344619.4,649.0684,1680.41
4252169.0,331454.1,434.1867,25.89
4252174.0,333319.9,504.3771,363.1
4252189.0,345552.1,559.3652,1410.08
4252201.0,338242.6,578.6164,14669.1
4252209.0,342318.9,489.6621,955.75
4252217.0,346468.9,625.0004,523.34
4252220.0,334985.2,588.188,339.81
4252232.0,326778.9,539.0945,2.1
4252236.0,336616.6,429.5725,2736.24
4252238.0,329188.8,577.3182,10.86
4252238.0,333144.9,492.2205,282.43
4252239.0,324128.9,546.9723,17.13
4252246.0,339574.0,401.0313,8932.62
4252248.0,331238.0,427.2431,15.36
4252251.0,340945.6,525.6455,2455.98
4252276.0,343276.6,326.8514,2440.98
4252278.0,334825.4,579.6236,357.57
4252311.0,332942.8,480.6928,209.26
4252312.0,344220.1,381.4184,2863.22
4252316.0,336397.0,415.0585,1700.17
4252317.0,328972.7,572.0556,13.92
4252326.0,337899.1,531.5373,14349.48
4252327.0,331021.9,420.5981,9.99
4252332.0,334676.1,573.5012,386.01
4252334.0,345152.7,568.6169,1588.53
4252348.0,326461.2,535.3509,4.22
4252354.0,341919.5,562.8882,959.95
4252362.0,346069.5,445.1064,917.99
4252379.0,334546.7,567.0957,416.46
4252383.0,323733.9,553.2071,20.28
4252386.0,336204.9,401.3223,1146.82
4252390.0,332726.7,471.824,151.61
4252391.0,339174.6,634.3259,6924.52
4252394.0,346974.7,585.2179,316.52
4252396.0,328756.5,566.6097,15.26
4252396.0,340546.3,442.3945,4010.78
4252405.0,330805.8,415.4005,7.84
4252419.0,334436.8,559.1661,443.37
4252422.0,342877.2,569.7517,1662.86
4252440.0,337585.2,491.1832,11798.34
4252450.0,336028.7,390.1589,827.94
4252451.0,334351.0,550.0336,463.27
4252457.0,343820.7,396.4743,3224.24
4252469.0,332510.5,466.2617,108.02
4252473.0,334289.1,544.0,476.04
4252474.0,328540.4,562.2784,13.1
4252475.0,326111.6,530.7289,8.71
4252480.0,344753.4,612.3257,1748.73
4252484.0,330589.6,410.565,7.71
4252489.0,334244.3,538.7046,484.06
4252500.0,341520.2,651.009,1309.99
4252501.0,334212.0,535.2358,489.07
4252508.0,345670.2,510.6987,1368.15
4252509.0,335865.0,384.3588,635.98
4252510.0,334188.8,534.27,492.2
4252516.0,334172.4,534.241,494.16
4252520.0,334159.7,534.3707,495.54
4252525.0,334147.8,535.0939,496.7
4252529.0,334136.1,536.5353,497.72
4252533.0,334124.3,537.8866,498.6
4252536.0,338776.9,613.5844,9098.66
4252537.0,323311.4,561.9362,39.78
4252537.0,334112.6,538.9883,499.35
4252540.0,346575.3,620.1354,363.29
4252541.0,340146.9,390.7942,5727.18
4252543.0,334097.5,539.9231,500.14
4252544.0,337299.7,463.8219,8167.37
4252547.0,332294.4,459.8775,73.28
4252551.0,334075.4,540.1417,500.87
4252553.0,328324.3,558.4062,9.04
4252562.0,334044.0,538.7394,501.04
4252563.0,330373.5,404.8321,9.03
4252567.0,342477.9,497.0893,1224.05
4252568.0,335705.2,619.2256,303.7
4252578.0,334000.2,537.1848,499.51
4252600.0,333939.7,535.1426,493.92
4252603.0,343421.3,362.1615,2854.91
4252609.0,325744.7,528.8363,16.37
4252625.0,344354.0,328.6717,2998.09
4252626.0,332078.3,452.7611,46.17
4252626.0,335545.5,608.9375,258.48
4252631.0,333856.0,530.9981,479.57
4252634.0,328102.8,554.5656,5.4
4252638.0,337041.3,442.7832,4966.77
4252641.0,330157.4,600.5899,10.16
4252645.0,341120.8,555.7161,2076.99
4252653.0,345270.8,510.7396,1756.01
4252673.0,333739.8,523.8805,447.8
4252674.0,338399.1,576.438,10555.19
4252684.0,335385.8,599.6222,232.96
4252685.0,346176.0,389.9493,663.54
4252687.0,339747.5,365.8838,5829.58
4252702.0,347076.1,589.3047,299.24
4252705.0,331862.1,446.4098,27.28
4252712.0,342078.5,511.1896,1060.12
4252720.0,327864.5,549.7587,3.02
4252720.0,329941.2,595.5142,13.43
4252726.0,336798.4,424.625,2804.06
4252727.0,333591.2,514.8873,391.37
4252742.0,325377.3,530.3429,26.6
4252742.0,335226.0,589.954,222.28
4252748.0,343022.0,639.104,2117.89
4252770.0,343954.6,378.3133,3493.22
4252783.0,331646.0,440.0948,16.2
4252790.0,340721.4,400.8342,3385.76
4252791.0,333416.2,506.2155,315.42
4252798.0,344871.4,552.0256,1959.22
4252799.0,329725.1,589.6471,16.59
4252799.0,338055.6,512.0619,11512.59
4252800.0,335066.3,580.6278,223.63
4252806.0,336578.8,409.8549,1613.33
4252815.0,327604.6,545.2862,1.81
4252830.0,345776.6,434.4163,1116.83
4252832.0,339348.2,619.6169,3974.08
4252847.0,346676.7,617.2766,248.87
4252854.0,334916.9,571.7897,234.12
4252858.0,341679.1,549.8858,1187.62
4252862.0,331429.9,433.9461,11.07
4252864.0,333214.1,497.3279,232.61
4252876.0,325009.9,535.9592,36.91
4252876.0,336386.7,397.8533,1051.61
4252877.0,329509.0,582.1249,18.32
4252893.0,342622.6,558.6926,1523.27
4252902.0,334787.5,564.2763,249.1
4252913.0,337741.7,473.3797,11201.17
4252916.0,343555.2,403.9928,3262.36
4252919.0,327318.2,542.3613,1.37
4252936.0,340322.0,623.2362,4626.0
4252940.0,336210.6,387.3834,772.58
4252941.0,331213.8,429.7615,9.89
4252942.0,334677.7,557.7258,265.54
4252943.0,332997.9,486.5835,161.26
4252944.0,344472.1,623.8847,2317.51
4252956.0,329292.9,576.9439,17.31
4252973.0,334591.8,549.6586,280.05
4252976.0,345377.2,472.2774,1715.91
4252977.0,338950.4,602.5514,5727.49
4252981.0,347168.3,586.5384,304.95
4252992.0,346277.4,357.5582,434.37
4252995.0,334529.9,543.5504,291.04
4253000.0,336046.8,380.0948,603.52
4253003.0,341279.7,477.2181,1711.49
4253012.0,334485.2,540.5937,299.07
4253014.0,324632.2,542.5585,42.79
4253017.0,337456.1,439.9842,8676.82
4253019.0,330997.6,423.915,11.23
4253022.0,332781.8,476.331,109.09
4253023.0,334452.8,539.3148,304.85
4253032.0,334429.7,538.7172,308.95
4253035.0,327000.5,538.1197,1.5
4253035.0,329076.7,572.7034,13.89
4253038.0,334413.3,538.5235,311.82
4253039.0,342223.2,484.4892,1154.9
4253042.0,334400.5,538.3867,314.03
4253047.0,334388.6,538.4894,316.07
4253051.0,334376.9,538.9119,318.06
4253055.0,334365.2,539.2401,320.02
4253058.0,335887.1,614.8582,287.58
4253060.0,334353.4,539.7267,321.96
4253061.0,343155.9,340.9335,2344.87
4253065.0,334338.3,540.488,324.4
4253073.0,334316.2,540.782,327.87
4253081.0,339922.7,612.9021,3182.92
4253085.0,334284.9,539.6044,332.51
4253089.0,344072.7,366.5807,3822.53
4253098.0,330781.5,418.0627,13.82
4253100.0,332565.7,468.7965,72.04
4253100.0,334241.1,537.2174,338.34
4253111.0,337197.8,414.2805,5373.29
4253113.0,328860.6,566.5925,10.01
4253114.0,338572.6,564.9718,6678.7
4253116.0,335727.3,605.489,251.61
4253121.0,344977.9,519.2223,2337.97
4253122.0,334180.6,533.4441,344.87
4253126.0,346768.9,610.7149,181.21
4253138.0,345878.0,408.6707,794.41
4253149.0,340880.4,368.8977,2846.81
4253153.0,334096.8,528.108,350.23
4253157.0,324237.2,550.5292,40.96
4253162.0,326650.9,533.4149,2.28
4253174.0,335567.6,596.2725,234.09
4253177.0,330565.4,413.2107,16.27
4253179.0,332349.6,461.9225,46.32
4253184.0,341823.9,434.3078,1082.15
4253194.0,328639.1,562.8591,7.0
4253195.0,333980.7,520.6711,349.31
4253199.0,336954.9,397.8099,2899.09
4253206.0,342756.5,586.8964,1736.88
4253226.0,339523.3,578.764,2419.66
4253232.0,335407.8,587.7151,228.56
4253235.0,343673.3,406.692,3643.7
4253235.0,347251.9,582.6819,374.57
4253239.0,338229.1,504.8815,7566.44
4253249.0,333832.1,512.0002,331.66
4253255.0,330349.2,406.7479,17.47
4253258.0,332133.4,454.3414,29.61
4253266.0,344578.5,577.5518,2687.23
4253272.0,346369.5,639.906,195.25
4253279.0,336735.3,384.7069,1843.32
4253281.0,328400.8,558.1337,5.07
4253283.0,345478.6,470.5997,1592.29
4253290.0,335248.1,580.2193,230.02
4253294.0,340481.0,610.448,4738.35
4253296.0,326284.0,530.2877,3.66
4253311.0,323814.7,558.851,38.22
4253313.0,333657.0,504.162,290.6
4253329.0,341424.5,400.1311,1374.96
4253334.0,330133.1,401.5032,17.06
4253336.0,331917.3,446.073,20.24
4253345.0,335098.7,574.617,234.61
4253349.0,336543.2,619.9176,766.21
4253352.0,342357.1,518.6912,1181.18
4253354.0,337915.2,468.2244,8593.0
4253371.0,339125.5,542.3471,3319.98
4253375.0,328140.9,552.9807,3.99
4253380.0,343274.0,360.0846,2651.43
4253380.0,346852.6,604.5576,143.13
4253387.0,333454.9,497.8368,228.52
4253392.0,334969.3,568.9476,239.34
4253412.0,344179.1,341.3352,4281.81
4253413.0,329917.0,597.1082,13.35
4253413.0,336367.1,612.8184,527.1
4253415.0,331701.2,438.0279,16.63
4253417.0,345970.1,414.6897,544.32
4253428.0,345079.3,522.3385,2793.1
4253429.0,325916.6,529.4653,5.77
4253432.0,334859.5,565.3962,243.22
4253439.0,340081.6,589.7792,2777.48
4253458.0,337629.7,434.5125,7846.12
4253463.0,334773.6,563.1472,245.93
4253465.0,333238.8,488.4036,162.59
4253473.0,336203.3,605.4271,396.37
4253474.0,347330.9,584.2875,504.01
4253475.0,341025.1,378.9158,2239.35
4253480.0,327854.5,549.2372,3.4
4253481.0,323349.5,564.8244,51.71
4253486.0,334711.7,559.3404,247.62
4253491.0,329700.9,591.6526,10.89
4253494.0,331485.0,432.2389,17.0
4253497.0,341957.8,461.7781,932.15
4253502.0,334667.0,556.2177,248.66
4253509.0,338747.7,524.8738,3818.92
4253514.0,334634.7,554.4246,249.3
4253522.0,334611.5,553.0252,249.68
4253525.0,342874.6,637.9488,1830.33
4253525.0,346453.2,631.5171,127.56
4253528.0,334595.1,551.6869,249.91
4253531.0,336043.6,596.6656,323.42
4253533.0,334582.3,550.6046,250.06
4253537.0,334570.5,549.8673,250.67
4253541.0,334558.7,549.3078,252.47
4253544.0,333022.7,477.2447,110.45
4253546.0,334547.0,548.6593,254.27
4253550.0,334535.2,548.0609,256.08
4253552.0,337371.3,414.1732,5396.64
4253555.0,334520.2,547.4037,258.4
4253557.0,343779.7,387.684,4054.22
4253562.0,345570.8,487.8123,1562.74
4253563.0,325549.2,532.3616,9.89
4253563.0,334498.0,546.5474,261.81
4253570.0,329484.7,585.7364,8.39
4253572.0,331268.9,427.5841,18.77
4253574.0,344679.9,589.4157,3224.26
4253575.0,334466.7,544.2751,266.62
4253585.0,339682.3,565.7005,1386.59
4253589.0,335883.8,588.0083,286.04
4253591.0,334422.9,540.1427,273.24
4253595.0,327536.8,545.6157,3.14
4253613.0,334362.4,534.9062,282.0
4253619.0,346931.6,606.5689,124.63
4253620.0,340625.7,355.8107,3313.24
4253623.0,332806.5,468.0825,74.79
4253634.0,338404.3,511.8012,4702.63
4253640.0,337128.5,400.4483,3521.12
4253642.0,341558.4,425.3146,997.31
4253643.0,334278.7,528.5386,292.81
4253647.0,335724.1,579.6745,271.9
4253649.0,329268.6,577.1166,6.42
4253651.0,331052.8,422.2697,19.02
4253671.0,342475.2,593.9917,1107.63
4253671.0,346053.8,409.4783,427.05
4253686.0,334162.5,521.3709,303.34
4253701.0,325171.5,537.8569,18.29
4253701.0,332590.4,459.9843,52.88
4253702.0,343380.4,366.5202,2953.15
4253705.0,335564.3,569.0788,271.13
4253708.0,345171.4,554.0886,3129.76
4253719.0,344280.5,338.3397,4893.32
4253720.0,336908.8,390.4152,2183.71
4253723.0,327187.2,541.0283,3.29
4253729.0,329047.1,570.3656,5.17
4253729.0,339284.5,556.4398,1436.4
4253730.0,330836.7,417.2665,16.91
4253740.0,334013.9,513.5616,304.66
4253748.0,338090.4,496.3106,6649.88
4253763.0,335404.6,561.9562,275.21
4253765.0,340226.4,607.4129,2442.18
4253765.0,346532.2,633.5849,113.33
4253780.0,332374.3,457.9691,40.67
4253788.0,341159.0,442.5275,1583.65
4253790.0,336716.7,384.372,1442.48
4253803.0,333838.8,507.0744,284.42
4253808.0,330620.5,411.0303,13.71
4253816.0,328808.8,566.3614,4.64
4253816.0,342075.9,543.0238,722.94
4253816.0,345654.5,489.7872,1469.84
4253818.0,335255.2,558.3902,277.02
4253844.0,324776.5,544.9368,31.29
4253848.0,342981.0,341.852,1650.15
4253852.0,337804.8,466.793,7589.99
4253853.0,344772.0,635.4799,3827.98
4253854.0,336540.6,619.4715,615.54
4253856.0,326820.3,535.6078,3.39
4253858.0,347005.7,610.843,137.73
4253859.0,332158.1,456.926,34.8
4253864.0,343881.1,378.2152,4561.85
4253865.0,335125.8,555.2963,275.1
4253867.0,338906.7,546.0567,2138.8
4253877.0,333636.8,501.5523,235.92
4253887.0,330404.4,406.0294,10.64
4253905.0,335016.0,552.7015,271.28
4253910.0,346132.8,394.9361,389.04
4253911.0,328548.9,562.6688,4.86
4253911.0,339827.0,588.8905,790.85
4253913.0,336376.8,611.8849,465.21
4253933.0,340759.7,423.1941,2710.04
4253936.0,334930.1,552.3821,267.59
4253937.0,331942.0,450.3762,32.57
4253946.0,337546.4,439.6802,5768.13
4253956.0,333420.6,492.7095,172.38
4253959.0,334868.2,550.1665,267.34
4253961.0,341676.5,518.2779,639.85
4253961.0,345255.1,556.3755,3260.98
4253966.0,330188.3,404.4697,8.17
4253972.0,336217.1,603.2525,382.23
4253975.0,334823.5,545.4573,273.52
4253987.0,334791.2,543.6007,278.04
4253990.0,326452.9,530.163,2.69
4253992.0,338563.2,516.5263,3276.5
4253993.0,342581.6,622.8746,1019.35
4253995.0,334768.0,542.1541,281.33
4253998.0,324354.0,551.7319,42.95
4253998.0,344372.7,351.8579,5658.18
4254001.0,334751.6,541.0404,283.67
4254004.0,346606.3,638.0279,106.95
4254006.0,334738.8,540.3603,285.51
4254010.0,334727.0,540.3358,287.22
4254010.0,343481.8,342.0577,3300.72
4254014.0,334715.2,540.8376,288.93
4254015.0,328262.5,558.633,5.83
4254016.0,331725.9,442.3168,30.93
4254019.0,334703.5,541.66,290.65
4254023.0,334691.7,542.8315,292.38
4254028.0,334676.7,545.3453,294.61
4254030.0,336057.4,592.6242,339.92
4254034.0,333204.5,478.2621,118.57
4254034.0,337303.6,423.2141,3767.34
4254036.0,334654.5,546.8823,297.92
4254044.0,329972.1,400.8434,6.37
4254048.0,334623.2,544.0546,302.67
4254055.0,345733.5,458.1521,1338.38
4254056.0,339429.2,606.211,763.19
4254064.0,334579.4,539.9454,309.44
4254079.0,340360.3,364.5825,2380.16
4254086.0,334518.9,537.5689,318.83
4254088.0,335897.6,584.407,323.96
4254095.0,331509.8,436.1546,26.81
4254104.0,347061.5,615.127,143.53
4254106.0,338249.3,501.7288,5661.07
4254107.0,341277.1,533.2306,1046.33
4254107.0,344855.7,617.8693,4405.73
4254113.0,332988.4,470.0727,82.77
4254114.0,337084.0,414.1098,2212.57
4254116.0,334435.2,534.8407,331.27
4254123.0,329756.0,595.78,4.07
4254124.0,326085.5,527.9726,2.64
4254131.0,327944.8,554.7156,7.31
4254138.0,342182.3,588.3092,546.61
4254144.0,343973.3,364.6184,5209.81
4254146.0,335737.9,575.8365,322.73
4254149.0,346206.9,382.463,352.47
4254155.0,343082.4,647.7519,1958.21
4254159.0,334319.0,528.4095,345.63
4254167.0,323888.8,558.6544,47.01
4254173.0,331293.6,430.7747,20.0
4254184.0,336891.9,406.3411,1417.5
4254192.0,332772.2,469.4358,62.74
4254193.0,339051.4,586.0335,1155.89
4254201.0,345334.1,512.6378,3190.8
4254202.0,329539.9,587.518,3.7
4254204.0,335578.1,568.4937,325.27
4254210.0,337963.8,473.9296,8476.62
4254213.0,334170.4,518.7122,352.41
4254224.0,339960.9,616.3363,720.16
4254248.0,336715.7,398.8945,1000.68
4254249.0,346662.1,641.1028,96.18
4254252.0,331077.5,425.0126,13.39
4254252.0,340877.7,478.6158,2253.77
4254252.0,344456.4,334.5023,6530.67
4254258.0,327595.2,550.4308,8.08
4254259.0,335428.7,564.5946,324.56
4254261.0,325707.8,531.0253,5.01
4254270.0,332556.1,471.1842,53.06
4254276.0,333995.3,509.3103,334.19
4254282.0,329318.3,578.706,3.7
4254284.0,341782.9,637.5818,428.84
4254289.0,343573.9,666.1938,3165.26
4254294.0,345807.6,438.5547,1187.38
4254300.0,342683.0,591.4066,999.63
4254304.0,337705.4,441.1352,7449.37
4254306.0,335299.3,561.2865,329.48
4254308.0,336552.0,392.4584,775.17
4254318.0,338708.0,518.423,2058.0
4254331.0,330861.4,418.6022,8.85
4254346.0,335189.5,557.5734,369.23
4254346.0,344934.7,570.7064,4800.6
4254349.0,332340.0,472.2367,48.43
4254350.0,333793.3,499.5409,278.0
4254354.0,323377.1,566.2996,37.45
4254355.0,347103.4,620.1704,143.24
4254366.0,336392.2,385.1803,646.01
4254369.0,329080.1,573.3938,4.05
4254369.0,339563.1,602.8063,406.84
4254377.0,335103.7,554.4742,396.4
4254391.0,327228.3,545.366,6.65
4254393.0,337462.6,422.9901,4402.81
4254395.0,346262.8,379.8098,320.7
4254397.0,340478.4,399.4787,2522.78
4254397.0,344057.0,360.2502,6007.77
4254399.0,335041.8,549.9293,413.84
4254405.0,325312.8,539.4603,12.88
4254409.0,330645.2,413.0766,6.18
4254416.0,334997.0,545.1773,425.35
4254424.0,336232.5,618.9551,331.93
4254427.0,334964.7,543.1239,433.13
4254428.0,332123.9,466.5493,44.38
4254429.0,333577.1,490.4207,200.58
4254429.0,341383.5,651.4992,846.49
4254432.0,338394.1,483.3725,4726.81
4254434.0,343174.6,615.7841,2046.09
4254436.0,334941.5,540.0733,438.43
4254440.0,345408.2,485.9045,2957.74
4254442.0,334925.1,537.0315,442.06
4254446.0,342283.7,603.7252,467.97
4254447.0,334912.4,535.1177,444.84
4254451.0,334900.5,534.3219,447.36
4254455.0,334888.8,534.2613,449.81
4254459.0,334877.0,534.8037,452.2
4254464.0,328820.2,570.1733,4.71
4254464.0,334865.3,535.7857,454.54
4254469.0,334850.2,538.2307,457.5
4254472.0,337242.9,412.9956,2346.33
4254477.0,334828.0,540.4503,461.74
4254482.0,336072.8,611.2376,321.4
4254488.0,330429.1,409.3469,4.7
4254489.0,334796.7,541.9014,467.46
4254491.0,344535.4,666.6129,5366.28
4254500.0,346704.0,645.224,83.77
4254505.0,334752.9,543.7288,474.88
4254506.0,331907.7,458.1369,37.94
4254506.0,339185.3,575.771,460.3
4254507.0,333361.0,484.5293,137.18
4254525.0,326860.9,540.349,4.03
4254527.0,334692.4,544.0471,484.05
4254536.0,338108.5,464.1112,9596.05
4254540.0,335913.0,605.3233,321.8
4254540.0,345863.4,429.0588,1040.7
4254542.0,337050.8,405.6183,1409.08
4254543.0,340079.0,641.3297,688.43
4254543.0,343657.6,671.4543,3384.08
4254557.0,334608.7,541.641,494.33
4254559.0,324890.3,547.5021,28.65
4254567.0,330213.0,404.3622,3.93
4254568.0,328533.8,566.7282,5.32
4254575.0,340984.2,543.1373,1966.31
4254580.0,342775.2,623.6143,1044.23
4254585.0,331691.6,449.9657,28.9
4254585.0,345008.8,541.5682,4890.76
4254586.0,333144.9,486.577,97.98
4254591.0,341884.3,675.1095,403.43
4254599.0,334492.5,535.9999,501.66
4254599.0,335753.3,598.5081,357.79
4254606.0,347145.2,621.7449,141.81
4254607.0,336874.7,397.2658,982.86
4254630.0,337850.1,451.3965,10251.49
4254631.0,338841.9,528.0919,1076.4
4254637.0,344136.0,373.6219,6968.12
4254645.0,329996.9,599.7711,3.04
4254646.0,346304.6,380.3201,294.54
4254653.0,334343.9,523.1443,491.51
4254653.0,335603.9,591.1752,458.23
4254659.0,326493.5,535.9307,2.7
4254664.0,331475.5,442.5269,19.72
4254665.0,332928.7,490.3844,78.03
4254666.0,336711.0,390.0634,788.17
4254684.0,328216.1,561.4572,5.19
4254686.0,345464.0,472.2247,2625.44
4254688.0,339681.2,628.6183,245.13
4254688.0,343258.3,647.1243,2153.11
4254700.0,335474.5,585.7676,573.93
4254717.0,334168.9,513.2107,443.43
4254719.0,337607.3,438.9734,6514.07
4254720.0,340584.8,443.7882,2899.08
4254724.0,329780.7,592.8534,3.35
4254724.0,336551.2,384.076,701.62
4254725.0,342375.8,637.7161,462.99
4254728.0,324425.1,551.6664,43.66
4254731.0,344609.5,637.1176,5900.92
4254737.0,341484.9,344.7807,650.3
4254740.0,335364.7,582.0875,685.75
4254742.0,331259.3,435.2338,12.7
4254743.0,332712.6,486.8899,67.84
4254745.0,338528.0,497.4836,3502.41
4254751.0,346745.9,645.7782,75.42
4254771.0,335278.8,577.5991,772.52
4254782.0,336391.5,619.6608,364.88
4254782.0,343736.6,353.2053,4978.54
4254791.0,333966.8,506.8642,348.29
4254791.0,345905.3,415.9111,903.35
4254794.0,335216.9,571.6651,829.88
4254796.0,326115.8,530.3859,3.68
4254799.0,337387.7,422.2903,3498.37
4254805.0,329559.2,585.5573,3.87
4254810.0,335172.2,568.0959,866.72
4254811.0,327866.5,556.9806,3.95
4254821.0,331043.2,427.1818,8.26
4254822.0,332496.5,479.9593,59.8
4254822.0,335139.8,565.9937,890.32
4254825.0,339303.4,587.5347,151.65
4254830.0,335116.7,562.0145,905.43
4254831.0,345064.7,520.0234,4645.5
4254833.0,342858.9,672.7146,1111.46
4254836.0,335100.3,557.7957,915.17
4254841.0,335087.5,555.4567,922.25
4254841.0,336231.7,611.8395,383.72
4254845.0,335075.6,554.3662,928.39
4254849.0,338242.4,475.5752,9830.4
4254850.0,335063.9,553.7532,934.03
4254854.0,335052.2,553.4401,939.23
4254857.0,347187.1,620.804,140.78
4254858.0,335040.4,553.3654,943.99
4254864.0,335025.3,553.7106,949.52
4254865.0,340185.4,416.0939,1440.57
4254869.0,333750.6,498.9029,237.79
4254869.0,337195.6,409.2992,2062.55
4254871.0,341976.5,654.9452,372.74
4254872.0,335003.2,554.7159,956.34
4254876.0,344210.1,368.8444,8071.08
4254882.0,341085.6,593.145,1769.82
4254883.0,334971.9,556.9341,963.35
4254891.0,329320.9,579.4078,4.5
4254896.0,346346.5,379.3115,272.92
4254899.0,334928.1,558.3898,968.01
4254899.0,336072.0,605.9244,403.28
4254900.0,330827.1,420.742,5.74
4254901.0,332280.3,470.5681,50.37
4254914.0,323913.4,557.686,38.33
4254921.0,334867.6,557.3903,964.94
4254928.0,343337.2,340.5225,2792.53
4254933.0,337019.4,398.4758,1404.76
4254936.0,345505.9,462.2768,2237.16
4254940.0,325720.8,530.44,8.61
4254943.0,337984.0,462.0655,13810.33
4254944.0,327499.6,553.5943,2.6
4254948.0,333534.5,498.5851,156.58
4254950.0,338960.0,565.0915,483.85
4254951.0,334783.8,552.2502,943.82
4254957.0,335912.2,600.2007,429.05
4254976.0,344665.3,597.7412,6092.96
4254978.0,330610.9,414.0809,4.44
4254979.0,332064.2,461.5346,39.62
4254979.0,342459.5,330.494,374.29
4254986.0,329061.0,573.5309,4.99
4254992.0,336855.7,391.1858,1105.64
4254994.0,334667.7,545.1985,887.22
4255002.0,346787.7,646.1269,73.56
4255010.0,339787.6,403.8117,391.36
4255011.0,335762.9,593.14,472.7
4255016.0,341577.1,669.2189,638.2
4255021.0,343810.7,398.802,5935.34
4255027.0,333318.4,500.8817,110.9
4255027.0,340686.2,503.6628,3330.32
4255032.0,337741.2,452.7893,9963.76
4255042.0,345947.1,412.1957,771.26
4255048.0,334519.1,535.9117,779.63
4255050.0,336696.0,385.2562,976.49
4255057.0,330394.8,405.6502,3.92
4255058.0,331848.1,454.7696,29.18
4255058.0,335633.5,586.9767,539.47
4255064.0,338646.1,573.3976,2455.19
4255073.0,342937.9,354.2138,1243.71
4255078.0,327132.2,548.3537,2.11
4255082.0,345106.5,521.8148,4116.74
4255090.0,328774.6,569.7915,4.94
4255094.0,325298.3,538.9951,20.34
4255098.0,335523.6,582.3012,626.72
4255105.0,333102.3,496.4207,89.22
4255107.0,347229.0,622.6542,141.37
4255109.0,336536.2,619.564,507.42
4255110.0,323375.2,566.4537,23.89
4255112.0,334344.0,529.5407,626.97
4255112.0,337521.6,436.0112,5291.05
4255122.0,344265.9,362.6538,9138.11
4255124.0,342060.1,342.4903,248.74
4255130.0,335437.8,578.8156,716.18
4255136.0,330178.7,599.8028,4.08
4255137.0,331632.0,447.3811,20.44
4255147.0,346388.4,381.8974,255.6
4255148.0,339409.8,644.673,126.64
4255152.0,335375.9,575.504,789.93
4255161.0,341177.7,609.6441,1588.52
4255167.0,336376.5,611.3065,556.11
4255167.0,343411.3,395.6399,3435.22
4255168.0,335331.1,573.5712,846.24
4255168.0,338360.5,533.3755,9258.51
4255173.0,340286.8,500.9585,2381.34
4255180.0,335298.8,572.4184,887.56
4255182.0,337329.5,413.7664,2937.44
4255184.0,332886.1,489.0814,76.85
4255185.0,334141.9,526.8539,451.76
4255187.0,345547.8,465.7713,1831.09
4255189.0,335275.6,570.487,917.01
4255194.0,335259.3,568.859,937.6
4255199.0,335246.5,568.1906,953.48
4255203.0,335234.6,567.8956,968.02
4255206.0,328456.9,565.421,4.06
4255208.0,335222.9,567.7716,982.19
4255212.0,326764.8,541.8611,2.78
4255212.0,335211.1,567.7732,996.06
4255214.0,329962.6,593.4862,4.75
4255215.0,331415.8,439.2561,13.86
4255216.0,335199.4,567.9632,1009.62
4255218.0,342538.5,373.2322,463.52
4255222.0,335184.3,568.4419,1026.57
4255225.0,336216.7,605.1327,582.96
4255227.0,344707.2,617.4923,5808.69
4255230.0,335162.2,569.1847,1050.28
4255241.0,335130.8,568.4043,1080.96
4255246.0,337153.4,401.436,1873.94
4255253.0,346829.6,357.0361,139.14
4255257.0,335087.1,565.577,1117.05
4255262.0,338102.1,488.8574,16080.84
4255263.0,324833.1,545.9745,35.19
4255263.0,332670.0,481.694,63.89
4255264.0,333925.8,520.3275,298.96
4255267.0,343866.6,468.6141,7143.78
4255270.0,341660.8,343.9894,349.78
4255273.0,339066.4,634.8156,273.42
4255279.0,335026.5,562.4004,1151.67
4255283.0,336057.0,598.9871,566.3
4255293.0,345989.0,417.2971,651.14
4255294.0,331199.7,431.3744,9.29
4255295.0,329741.0,588.4764,5.37
4255305.0,336989.6,394.4667,1410.18
4255307.0,340778.3,566.2074,3685.91
4255310.0,334942.8,556.8505,1166.19
4255312.0,343012.0,407.7272,1603.14
4255317.0,339889.1,466.3318,812.91
4255333.0,328107.3,558.355,2.71
4255333.0,345148.4,557.2785,3419.82
4255337.0,335907.6,592.0679,529.65
4255341.0,332453.9,472.7009,50.08
4255342.0,333709.7,513.5049,197.15
4255349.0,326387.1,532.0599,5.09
4255351.0,337859.3,463.9266,12805.88
4255352.0,334826.6,548.867,1121.56
4255358.0,347270.8,631.0425,144.99
4255364.0,336829.9,386.3397,1229.38
4255364.0,342139.1,397.1019,252.03
4255372.0,344307.8,413.7814,9875.8
4255373.0,330983.6,424.238,6.39
4255382.0,329502.7,582.7132,5.76
4255384.0,335778.2,586.8004,512.59
4255387.0,338752.5,363.8103,1105.02
4255398.0,346430.2,388.7111,241.69
4255406.0,334678.0,541.4087,975.54
4255412.0,343467.2,480.2985,4395.22
4255415.0,341261.4,640.0063,1454.04
4255420.0,332237.7,464.3515,38.4
4255421.0,333493.5,507.7953,138.39
4255422.0,336670.1,379.0242,1202.74
4255424.0,335668.4,582.0945,524.83
4255431.0,337639.7,443.2103,6997.52
4255438.0,345589.6,475.3589,1455.14
4255449.0,324321.4,551.2518,36.43
4255451.0,330767.4,416.9097,4.84
4255452.0,340379.0,565.8688,3890.39
4255455.0,339511.2,403.4608,188.36
4255456.0,335582.5,577.0466,556.74
4255457.0,342612.6,408.6045,639.21
4255466.0,327740.5,552.1372,1.73
4255470.0,334503.0,532.7551,750.4
4255476.0,329242.9,576.229,5.79
4255478.0,335520.6,574.5427,591.87
4255478.0,344749.0,340.2777,8031.28
4255480.0,336510.4,612.9081,806.09
4255491.0,338466.9,594.2367,5307.48
4255493.0,325992.1,527.0097,10.21
4255494.0,335475.9,574.5579,623.19
4255499.0,332021.6,457.3193,29.43
4255500.0,333277.4,499.4164,107.49
4255501.0,337447.6,418.4498,3605.7
4255504.0,346871.5,363.9536,148.66
4255506.0,335443.5,572.7093,648.66
4255509.0,341739.8,367.5167,256.63
4255515.0,335420.4,570.1002,668.25
4255518.0,343908.4,539.8338,8502.93
4255521.0,335404.0,569.2998,682.7
4255525.0,335391.2,569.2324,694.27
4255530.0,330551.3,409.1498,4.33
4255530.0,335379.3,569.2065,705.23
4255534.0,335367.6,569.4989,716.26
4255538.0,335355.9,569.6792,727.43
4255538.0,336350.6,605.6561,917.91
4255542.0,335344.1,569.3462,738.74
4255543.0,334300.9,526.9406,511.84
4255543.0,346030.9,425.8905,548.52
4255548.0,335329.1,568.7367,753.39
4255556.0,335306.9,568.5258,775.14
4255558.0,343067.8,469.1759,2208.23
4255560.0,340862.0,589.0965,3984.84
4255565.0,337271.4,404.3822,2140.49
4255567.0,335275.6,567.8432,805.93
4255577.0,331805.5,449.9315,22.21
4255578.0,333061.3,490.8276,88.93
4255580.0,328956.5,571.3899,5.35
4255580.0,339167.8,382.1923,107.05
4255583.0,335231.8,565.5722,847.89
4255583.0,345190.3,568.578,2720.64
4255585.0,338208.5,534.5417,10642.76
4255596.0,336190.9,599.0692,772.95
4255597.0,339981.2,531.36,1367.89
4255600.0,327373.0,544.2629,1.61
4255603.0,342213.2,377.7399,292.84
4255605.0,335171.3,562.0695,900.86
4255609.0,330335.2,401.2411,4.51
4255609.0,347312.7,639.415,153.21
4255622.0,334084.8,522.5546,331.16
4255623.0,344349.7,489.8462,10024.54
4255624.0,337107.7,394.9808,1538.19
4255636.0,335087.5,558.1427,956.72
4255645.0,323783.2,558.3896,23.12
4255647.0,325569.6,531.2467,19.39
4255649.0,346472.1,396.1578,228.75
4255650.0,336041.5,591.9428,620.38
4255654.0,341340.4,625.9899,1337.02
4255656.0,331589.3,442.3921,15.99
4255657.0,332845.1,483.2829,70.34
4255663.0,343509.1,555.9481,5773.48
4255673.0,337965.7,495.1496,10960.69
4255678.0,334971.4,551.8983,984.61
4255682.0,336947.9,386.9697,1321.4
4255687.0,330119.1,596.0389,6.16
4255689.0,345631.5,483.5834,1140.56
4255694.0,338853.9,381.2682,383.34
4255696.0,328638.8,568.1816,4.34
4255698.0,335912.1,587.173,539.68
4255701.0,333868.6,515.5752,223.03
4255703.0,342668.5,415.0993,942.56
4255706.0,340462.7,539.3557,5581.86
4255729.0,344790.9,348.2454,7035.67
4255732.0,334822.8,543.2712,920.15
4255734.0,327005.6,537.8123,2.75
4255734.0,339603.4,430.78,333.76
4255735.0,331373.2,434.988,10.82
4255736.0,332629.0,475.2919,52.66
4255738.0,335802.3,584.1686,519.34
4255740.0,336788.2,381.0294,1310.13
4255748.0,341813.9,654.3989,469.85
4255753.0,337746.1,453.7372,7336.23
4255754.0,346913.3,373.0229,156.16
4255768.0,329897.5,591.7636,6.43
4255769.0,335716.4,580.716,495.35
4255769.0,343950.3,583.371,9655.84
4255779.0,333652.5,508.7548,161.95
4255791.0,335654.5,577.9034,489.3
4255794.0,346072.7,432.7053,463.52
4255796.0,334647.7,534.9421,743.91
4255798.0,338568.3,619.4222,2627.16
4255799.0,336628.5,614.717,974.22
4255800.0,340941.0,534.8911,3900.91
4255808.0,335609.8,577.3423,491.94
4255809.0,343109.7,514.6889,3183.06
4255813.0,331157.1,426.6224,7.09
4255814.0,332412.9,467.7621,40.0
4255816.0,325104.4,539.4547,29.09
4255819.0,335577.4,574.584,497.31
4255823.0,328289.2,563.8869,2.89
4255823.0,337554.0,425.9957,3665.54
4255828.0,335554.3,570.8063,502.86
4255834.0,335537.9,568.8378,507.61
4255834.0,345232.1,580.6641,2112.93
4255838.0,335525.1,568.1853,511.76
4255843.0,335513.3,567.8065,515.97
4255847.0,335501.5,567.7608,520.48
4255848.0,342269.1,661.9747,539.24
4255850.0,340064.9,484.0894,2067.09
4255851.0,335489.8,567.6464,525.31
4255855.0,329659.2,585.1188,6.43
4255856.0,335478.0,567.1863,530.46
4255857.0,336468.7,606.7978,892.93
4255858.0,333436.4,500.3949,126.88
4255859.0,339259.9,640.4881,66.87
4255861.0,335463.0,566.7017,537.45
4255869.0,334445.6,528.083,515.52
4255869.0,335440.8,566.1908,548.6
4255871.0,326627.9,530.3135,5.57
4255874.0,344391.5,503.6549,9451.1
4255880.0,335409.5,565.0802,565.93
4255887.0,337377.9,410.1549,2076.68
4255892.0,330941.0,418.4336,4.93
4255892.0,338309.9,562.2928,7104.59
4255893.0,332196.8,458.462,31.79
4255893.0,341414.5,555.775,1211.65
4255896.0,335365.7,562.6168,592.76
4255900.0,346514.0,402.6223,215.07
4255914.0,343550.9,579.642,7287.05
4255915.0,336309.0,599.1189,737.81
4255918.0,335305.2,560.0467,633.4
4255937.0,333220.2,492.3821,102.72
4255940.0,345673.4,485.2731,895.82
4255945.0,340541.7,446.426,5464.83
4255947.0,337214.1,398.2094,1423.95
4255948.0,334229.5,521.5122,332.77
4255949.0,329399.3,578.517,6.38
4255949.0,335221.4,557.3691,691.46
4255954.0,342710.3,415.7161,1422.94
4255957.0,327922.3,552.4303,1.55
4255969.0,336159.6,592.1958,588.11
4255971.0,330724.8,411.3259,4.09
4255972.0,331980.6,449.0209,25.33
4255974.0,338946.0,638.559,150.19
4255980.0,344832.8,352.4891,5826.08
4255981.0,338067.1,514.5838,9523.04
4255988.0,339687.1,391.3021,488.95
4255991.0,335105.3,551.2349,758.91
4255994.0,341869.7,572.187,551.05
4256002.0,324592.7,547.6724,29.24
4256005.0,337054.4,389.5953,1170.04
4256005.0,346955.2,378.6568,160.91
4256015.0,326233.0,525.7269,10.25
4256015.0,333004.1,485.3229,79.6
4256016.0,336030.2,587.4306,496.51
4256019.0,343992.2,597.1863,9352.24
4256027.0,334013.4,515.4427,227.45
4256039.0,341015.1,474.3275,3467.32
4256045.0,334956.7,544.5955,783.6
4256045.0,346114.6,437.9838,394.64
4256049.0,330508.7,405.123,4.12
4256050.0,331764.5,442.0445,19.15
4256053.0,329113.0,574.3198,6.18
4256056.0,335920.4,583.8493,369.93
4256059.0,343151.6,491.4971,3966.18
4256060.0,337847.5,468.8748,6696.43
4256063.0,336894.6,381.8064,1113.93
4256077.0,338660.5,628.3651,850.51
4256085.0,345274.0,583.9635,1638.76
4256088.0,335834.5,582.5057,314.76
4256090.0,340143.9,393.4054,2949.12
4256091.0,327554.9,540.8172,1.0
4256094.0,332788.0,477.3599,59.19
4256099.0,342311.0,630.6826,806.35
4256105.0,333797.2,509.0751,171.71
4256109.0,334781.6,538.1537,701.11
4256110.0,335772.6,579.6347,293.35
4256113.0,339343.6,584.5077,72.04
4256121.0,336734.9,615.5249,762.67
4256125.0,344433.4,501.8707,8178.09
4256126.0,335727.9,576.9103,286.07
4256128.0,330292.6,600.4087,4.85
4256129.0,331548.4,435.0223,13.42
4256130.0,337655.4,436.5208,3528.37
4256138.0,335695.5,575.0483,284.73
4256139.0,341470.3,490.0664,1113.87
4256147.0,335672.4,573.4517,285.71
4256150.0,346555.8,406.4187,201.85
4256153.0,335656.0,572.0857,287.35
4256157.0,335643.2,571.1641,289.15
4256162.0,335631.3,570.2663,291.24
4256165.0,343592.8,567.1022,6935.42
4256166.0,335619.6,569.3868,293.71
4256169.0,325810.4,526.7476,17.35
4256169.0,328795.3,571.0528,5.51
4256170.0,335607.9,568.7366,296.58
4256171.0,338402.1,571.6727,3417.46
4256173.0,332571.9,468.538,44.89
4256174.0,335596.1,568.2973,299.86
4256179.0,336575.1,608.9125,863.15
4256180.0,335581.0,567.7973,304.58
4256183.0,334579.5,529.4789,519.21
4256184.0,333581.1,501.5924,139.09
4256184.0,340615.8,391.0452,5105.98
4256188.0,335558.9,567.1971,312.69
4256190.0,345715.2,490.9862,712.5
4256195.0,337479.3,415.8688,1976.31
4256198.0,324054.5,551.5756,20.84
4256199.0,335527.6,566.8501,326.51
4256205.0,342752.2,363.2147,1650.51
4256208.0,331332.2,428.0657,8.9
4256209.0,330071.0,594.7833,5.22
4256215.0,335483.8,566.2429,350.38
4256224.0,327187.5,537.3964,1.55
4256227.0,339029.7,576.268,43.41
4256227.0,339766.1,634.2591,743.29
4256230.0,344874.6,362.4839,4609.25
4256237.0,335423.3,563.3438,391.76
4256237.0,336415.4,601.8652,706.22
4256245.0,341911.6,529.832,682.63
4256251.0,332355.7,459.8945,35.5
4256254.0,337315.5,403.8831,1286.58
4256256.0,346997.1,383.7854,163.74
4256260.0,338159.3,505.0149,6594.62
4256261.0,334363.4,521.0549,342.32
4256263.0,333365.0,494.6226,112.93
4256268.0,335339.5,559.755,462.96
4256270.0,344034.0,587.3301,8108.69
4256285.0,341071.0,425.434,2829.48
4256286.0,331116.1,421.9614,6.01
4256292.0,336266.0,595.9628,439.39
4256295.0,329832.8,588.9817,5.73
4256296.0,328445.7,565.9067,4.25
4256296.0,346156.5,443.1949,341.98
4256310.0,335223.4,554.147,576.13
4256310.0,343193.4,427.5902,4078.39
4256312.0,337155.8,394.2474,977.47
4256329.0,340218.0,639.8561,3259.26
4256330.0,332139.6,451.6201,27.93
4256331.0,338744.2,589.091,236.32
4256336.0,345315.9,574.2226,1283.59
4256338.0,325345.2,532.9217,24.91
4256339.0,336136.6,591.9109,267.89
4256340.0,334147.3,514.6122,234.97
4256340.0,337939.6,458.782,5706.08
4256341.0,333148.8,486.3783,87.83
4256350.0,342352.8,604.1675,1248.16
4256352.0,339422.6,568.2063,139.78
4256362.0,326809.8,531.5971,3.2
4256364.0,335074.8,548.3832,693.51
4256365.0,330900.0,415.8089,4.58
4256370.0,336996.0,386.0453,851.4
4256376.0,344475.3,503.2271,6578.2
4256379.0,336026.8,586.9025,185.59
4256390.0,329572.9,582.3217,6.53
4256390.0,341512.2,475.3791,1061.77
4256395.0,323514.2,557.6819,16.28
4256401.0,346597.7,412.7356,191.72
4256409.0,331923.5,444.2572,20.95
4256410.0,335940.9,585.4757,162.58
4256410.0,337747.5,433.1691,3540.04
4256416.0,343634.7,531.2076,6500.42
4256419.0,333931.1,508.537,175.54
4256420.0,332932.7,477.3981,66.48
4256425.0,338485.8,541.0659,1201.21
4256428.0,334899.7,542.0326,709.91
4256429.0,336836.3,379.1425,803.44
4256430.0,328078.8,553.0354,2.53
4256430.0,340671.6,371.7912,4476.3
4256433.0,335879.0,584.1207,163.5
4256441.0,345757.1,519.542,576.67
4256444.0,330683.9,410.3044,4.18
4256449.0,335834.3,581.8211,166.77
4256455.0,342794.1,660.7978,2873.88
4256461.0,335801.9,580.3354,170.55
4256466.0,339840.2,617.8811,1273.37
4256467.0,339108.7,548.6293,22.59
4256469.0,335778.8,579.3017,173.99
4256474.0,337571.4,416.8358,2074.61
4256475.0,335762.4,578.7481,176.81
4256480.0,335749.6,578.2327,179.22
4256481.0,344916.5,328.0833,3534.5
4256484.0,335737.8,577.6128,181.64
4256487.0,331707.3,437.8527,14.91
4256487.0,336676.5,615.3558,480.89
4256488.0,335726.0,576.8288,184.2
4256493.0,335714.3,576.1884,186.93
4256494.0,329286.5,576.4445,7.16
4256495.0,341953.4,520.3265,781.8
4256497.0,333715.0,500.9209,136.68
4256497.0,335702.5,575.6774,189.84
4256499.0,332716.6,469.4206,50.37
4256501.0,334697.6,531.5232,564.43
4256502.0,335687.5,574.8317,193.8
4256506.0,326414.8,525.3909,6.03
4256507.0,347038.9,391.1012,166.8
4256510.0,335665.3,573.5757,200.14
4256514.0,338243.0,480.3165,3400.83
4256521.0,344075.9,562.8999,6955.86
4256522.0,330467.7,404.0626,4.35
4256522.0,335634.0,572.6236,210.16
4256525.0,324833.5,542.4601,25.89
4256533.0,337407.7,406.9106,1316.03
4256535.0,341112.8,428.7494,2249.47
4256538.0,335590.2,572.0165,226.2
4256545.0,336516.8,608.6603,417.63
4256547.0,346198.3,452.7714,305.51
4256560.0,335529.7,569.1732,255.99
4256561.0,343235.3,386.9217,4253.87
4256564.0,327711.4,542.2349,1.15
4256566.0,331491.2,432.9504,10.23
4256571.0,338823.2,533.5566,93.85
4256575.0,340273.8,636.6575,3788.33
4256576.0,333498.9,492.9825,105.39
4256577.0,332500.5,463.4558,38.07
4256580.0,334481.5,522.8356,366.75
4256587.0,345357.7,605.0449,1009.91
4256590.0,335445.9,564.8887,338.18
4256591.0,339496.7,592.6249,276.08
4256592.0,337247.9,398.7337,935.19
4256593.0,338023.3,442.1613,4326.89
4256599.0,336367.4,602.3068,292.0
4256601.0,342394.7,617.6891,1447.2
4256603.0,330246.2,599.5566,4.09
4256610.0,328968.8,571.5577,7.05
4256626.0,344517.1,471.011,4949.14
4256633.0,335329.8,560.6618,488.94
4256641.0,341554.1,498.2409,858.42
4256645.0,331275.1,428.6255,7.05
4256646.0,336238.0,597.574,199.65
4256650.0,337088.2,391.9206,750.39
4256652.0,346639.6,422.9758,186.99
4256655.0,333282.8,485.6843,79.94
4256656.0,332284.3,457.7942,27.85
4256659.0,325992.3,524.9755,11.39
4256659.0,334265.4,515.8541,233.34
4256663.0,337831.2,430.4474,3422.12
4256665.0,338564.8,492.6296,448.68
4256666.0,343676.5,498.7031,6016.82
4256681.0,340713.5,384.2144,3916.39
4256686.0,336128.2,592.446,155.1
4256687.0,335181.2,553.9902,691.78
4256690.0,330007.9,595.0349,5.02
4256692.0,345799.0,526.3346,481.08
4256697.0,327344.0,537.9547,0.98
4256706.0,339182.8,562.9936,20.53
4256706.0,342835.9,673.185,3242.26
4256708.0,336928.4,385.0756,663.61
4256712.0,339896.0,621.3667,1859.5
4256718.0,336042.3,589.057,142.94
4256720.0,324295.4,546.3361,21.23
4256723.0,331058.9,422.068,5.19
4256728.0,337655.1,420.3118,2239.21
4256732.0,344958.4,343.2345,2617.91
4256733.0,333066.6,478.6103,60.7
4256735.0,332068.2,449.8395,19.55
4256737.0,328619.2,563.0699,6.39
4256737.0,334049.2,508.9487,156.37
4256740.0,335980.4,587.2726,138.49
4256746.0,341995.3,569.7593,817.68
4256750.0,335006.1,545.5277,806.28
4256753.0,338322.0,458.0602,1569.85
4256756.0,335935.7,585.2371,137.49
4256758.0,347080.8,398.0392,172.47
4256766.0,336768.7,620.1143,340.25
4256768.0,335903.3,583.5769,137.93
4256772.0,344117.8,542.8006,5614.03
4256777.0,335880.2,581.8619,138.85
4256782.0,335863.8,580.5358,139.81
4256784.0,329748.0,588.3344,6.61
4256786.0,341154.7,465.1875,1732.73
4256787.0,335851.0,579.8552,140.72
4256787.0,337491.4,407.6009,1458.27
4256791.0,335839.2,579.591,141.7
4256796.0,335827.4,579.3033,143.31
4256797.0,346240.2,461.6705,283.02
4256800.0,335815.7,579.1586,146.38
4256802.0,330842.8,414.9778,4.35
4256804.0,335803.9,579.1022,149.75
4256810.0,335788.9,578.7138,154.47
4256810.0,338897.3,515.5429,30.44
4256812.0,332850.5,472.9722,45.66
4256812.0,343277.2,391.3169,4459.04
4256813.0,331852.1,442.0664,13.47
4256816.0,333833.1,501.7697,108.56
4256818.0,335766.7,577.7065,162.36
4256824.0,334804.0,535.7201,678.51
4256824.0,336608.9,611.5452,322.59
4256825.0,340315.7,364.6248,4835.8
4256829.0,325527.0,531.7084,19.06
4256829.0,335735.4,575.4454,175.56
4256833.0,338102.3,448.1151,2896.89
4256835.0,326966.3,532.6574,1.38
4256837.0,339552.6,594.866,461.77
4256837.0,345399.6,616.4589,803.32
4256845.0,335691.6,572.736,198.35
4256845.0,337331.6,399.5879,1016.35
4256852.0,342436.5,343.1222,937.19
4256867.0,335631.1,569.9972,239.17
4256871.0,328252.3,552.8109,5.37
4256877.0,344559.0,477.9096,3492.93
4256879.0,336459.6,604.0811,263.32
4256881.0,330626.7,408.7537,4.2
4256889.0,329461.6,581.4049,7.97
4256891.0,332634.4,468.3863,32.97
4256892.0,331635.9,436.9674,9.29
4256892.0,341595.9,515.136,697.48
4256895.0,333617.0,494.0545,76.04
4256898.0,335547.3,565.9358,315.56
4256903.0,334587.9,526.5259,419.84
4256903.0,337171.9,391.725,784.69
4256903.0,337910.2,445.4529,3004.78
4256903.0,346681.4,428.6814,188.51
4256904.0,338638.9,481.0779,176.67
4256917.0,323755.0,551.7005,21.56
4256917.0,343718.4,480.6347,5527.96
4256926.0,336330.2,599.1034,207.5
4256931.0,340755.3,401.0509,3426.02
4256940.0,335431.2,562.1178,459.74
4256943.0,345840.8,519.0156,411.41
4256951.0,339238.7,565.6695,43.0
4256957.0,342877.8,350.4566,2677.9
4256961.0,330405.2,404.1635,4.61
4256962.0,337012.1,384.3395,669.39
4256963.0,339937.9,628.4287,2455.5
4256966.0,336220.3,594.0435,172.53
4256967.0,337734.1,429.8056,2295.24
4256969.0,332418.2,461.8675,22.51
4256971.0,331419.8,432.0764,6.51
4256973.0,333400.8,487.6414,54.15
4256979.0,326571.3,527.2431,2.52
4256981.0,334371.8,520.3549,236.07
4256983.0,345000.2,382.5241,1887.35
4256992.0,338396.1,470.2657,711.73
4256994.0,335282.6,556.5576,670.93
4256997.0,336134.5,589.0753,156.71
4256997.0,342037.2,651.5854,932.77
4257004.0,327884.9,546.509,3.42
4257004.0,329143.9,574.0594,8.09
4257004.0,347133.6,401.2968,182.67
4257015.0,325015.4,536.7609,22.42
4257019.0,336072.6,586.9286,151.6
4257020.0,336852.4,619.3832,321.79
4257023.0,344159.6,537.2771,3697.57
4257027.0,337570.4,409.9581,1606.32
4257036.0,336027.8,585.2404,151.2
4257037.0,341196.6,463.5476,1262.39
4257047.0,335995.5,582.8823,152.68
4257048.0,330166.9,399.4855,5.63
4257048.0,332202.1,453.9272,14.93
4257048.0,346282.1,473.5769,270.69
4257049.0,331203.7,425.2933,4.81
4257052.0,333184.7,480.9061,39.7
4257055.0,338953.1,535.2156,9.63
4257056.0,335972.3,581.2609,154.69
4257058.0,335107.5,549.0151,821.15
4257060.0,334155.6,513.5845,136.49
4257062.0,335956.0,580.3674,156.59
4257063.0,343319.0,417.8017,4686.48
4257066.0,335943.2,580.0906,158.36
4257071.0,335931.3,580.2126,160.23
4257072.0,338176.4,479.4473,1728.41
4257075.0,335919.6,580.3343,162.31
4257076.0,340357.6,374.9705,4769.69
4257078.0,336692.6,611.0855,311.49
4257079.0,335907.8,580.3674,164.63
4257084.0,335896.1,580.2694,167.18
4257085.0,337410.6,394.5899,1149.97
4257088.0,339594.4,586.3012,679.62
4257088.0,345441.5,621.2747,642.53
4257089.0,335881.0,579.5802,170.78
4257097.0,335858.9,578.1703,176.82
4257102.0,342478.4,369.8701,1272.66
4257109.0,335827.5,575.737,186.96
4257124.0,335783.8,573.2863,204.49
4257127.0,331986.0,446.3547,10.17
4257128.0,330987.6,418.186,3.94
4257128.0,344600.9,520.4153,2340.03
4257131.0,328794.3,565.7557,7.3
4257131.0,332968.6,473.8126,29.26
4257131.0,334905.4,540.4916,717.7
4257132.0,326148.8,525.5372,5.51
4257132.0,336543.3,604.8144,270.56
4257138.0,327517.5,540.9849,2.29
4257139.0,333939.5,505.85,82.85
4257142.0,337984.3,478.1592,2300.82
4257142.0,341637.8,540.1538,620.13
4257143.0,329907.0,593.4035,6.22
4257143.0,337250.9,386.1299,889.99
4257147.0,335723.2,571.3811,235.84
4257149.0,338694.7,514.2874,60.38
4257150.0,346734.3,432.3662,195.02
4257168.0,343760.3,470.3955,3605.71
4257177.0,335639.5,567.5494,294.36
4257179.0,336413.9,599.6887,225.37
4257182.0,340797.2,407.8036,2402.58
4257194.0,345882.7,537.4728,358.71
4257201.0,337091.1,381.1188,754.37
4257202.0,339280.5,561.8334,91.96
4257205.0,331769.9,440.2515,7.35
4257206.0,337808.2,451.8105,2087.14
4257207.0,330771.4,412.2331,3.74
4257208.0,342919.6,393.0428,3279.41
4257209.0,332752.5,467.7911,20.92
4257210.0,334689.3,531.3966,443.17
4257211.0,324477.2,540.4353,19.79
4257214.0,339979.8,364.1466,3875.93
4257217.0,333723.4,498.7556,51.49
4257219.0,335523.3,562.4769,405.53
4257219.0,336304.0,593.5084,193.17
4257234.0,345042.1,421.7519,1336.46
4257238.0,338451.9,513.12,315.92
4257243.0,347208.4,407.017,198.61
4257247.0,329620.6,586.889,8.15
4257248.0,342079.0,665.3038,1097.7
4257251.0,336218.2,588.4084,176.5
4257259.0,336931.4,617.5836,365.54
4257265.0,328427.5,557.9299,6.34
4257266.0,337644.4,417.1687,1625.99
4257273.0,335374.7,557.1421,575.89
4257273.0,336156.3,586.7084,169.73
4257273.0,344201.5,550.6987,2241.9
4257276.0,327139.8,535.2031,2.01
4257284.0,331553.7,433.1589,5.64
4257287.0,330549.9,407.1149,4.13
4257288.0,332536.3,460.2183,14.42
4257288.0,341238.4,456.5102,976.73
4257289.0,334473.2,524.4417,238.41
4257289.0,336111.5,585.0189,167.7
4257295.0,346334.9,481.6267,267.0
4257296.0,333507.3,490.5761,32.69
4257301.0,336079.2,582.5981,167.79
4257302.0,325683.5,530.0233,10.24
4257306.0,338995.0,574.1565,5.84
4257310.0,336056.0,581.7171,168.69
4257313.0,343360.9,437.431,3609.48
4257315.0,336039.7,581.5201,169.75
4257317.0,336771.6,610.6864,355.77
4257318.0,338232.3,512.7481,940.55
4257320.0,336026.9,581.1967,170.82
4257324.0,336015.0,580.9835,172.01
4257324.0,337484.7,392.9221,1242.61
4257327.0,340399.4,393.4771,4042.84
4257329.0,336003.3,580.8239,173.39
4257333.0,335991.5,580.5815,174.98
4257337.0,335199.7,550.1919,711.19
4257337.0,335979.8,580.2171,176.76
4257339.0,339636.3,625.5682,887.73
4257339.0,345483.3,641.771,514.58
4257343.0,335964.7,579.3853,179.33
4257351.0,335942.6,577.9637,183.73
4257353.0,342520.3,339.7198,1741.33
4257362.0,329302.9,578.2113,8.56
4257362.0,335911.2,575.8211,191.28
4257363.0,331337.6,426.574,4.55
4257367.0,332320.2,452.6962,9.93
4257367.0,334257.0,516.732,129.04
4257372.0,336622.2,604.3783,319.36
4257374.0,330311.6,401.5666,5.11
4257375.0,333291.1,482.8817,21.84
4257378.0,335867.5,574.1887,204.59
4257379.0,344642.7,570.3019,1507.14
4257382.0,337325.0,382.6532,998.16
4257388.0,338040.2,490.1989,1525.52
4257389.0,346809.0,437.6473,205.63
4257393.0,341679.7,538.5856,593.68
4257399.0,328060.0,550.8696,4.6
4257400.0,335806.9,571.9937,228.68
4257400.0,338736.6,578.3134,20.07
4257407.0,323936.9,547.7422,28.1
4257411.0,334997.6,540.3968,637.67
4257419.0,326744.8,530.0775,2.34
4257419.0,336492.9,599.0192,275.77
4257419.0,343802.1,495.6446,2050.89
4257431.0,335723.2,567.8512,273.78
4257433.0,340839.1,416.5206,1595.08
4257440.0,337165.2,617.7951,443.15
4257440.0,345935.5,541.1701,324.86
4257441.0,331121.5,420.6685,3.89
4257445.0,332104.1,447.2002,7.22
4257446.0,334040.9,507.9873,73.14
4257452.0,337864.0,449.988,1635.1
4257453.0,333075.0,475.5929,15.62
4257453.0,339322.4,583.1819,162.23
4257459.0,336383.0,592.9816,242.08
4257459.0,342961.5,440.4793,3029.71
4257465.0,340021.6,419.2578,3676.36
4257469.0,330051.7,596.5047,5.29
4257473.0,335607.0,563.506,358.72
4257477.0,347296.2,408.2934,221.02
4257484.0,345084.0,451.8792,936.73
4257488.0,325171.9,531.5223,11.54
4257489.0,334781.5,531.5641,402.89
4257489.0,338493.8,550.7429,130.86
4257490.0,328953.3,568.0812,7.38
4257490.0,336297.2,588.2887,222.94
4257498.0,337005.5,611.8002,440.57
4257499.0,342120.9,595.5046,1327.77
4257511.0,337700.3,412.1302,1448.65
4257512.0,336235.3,586.2114,214.03
4257520.0,330905.3,415.2176,3.66
4257524.0,331887.9,441.2845,5.79
4257524.0,344243.4,589.6638,1291.35
4257525.0,333824.8,500.5123,41.64
4257527.0,335458.4,557.126,485.85
4257529.0,336190.5,584.2082,210.36
4257532.0,327692.6,546.639,3.07
4257532.0,332858.9,467.3415,11.87
4257534.0,346409.6,476.7903,272.85
4257539.0,341280.3,466.5467,665.55
4257541.0,336158.2,582.3275,209.21
4257549.0,336135.0,580.9319,209.19
4257555.0,336118.6,579.8683,209.58
4257556.0,336845.7,606.9116,441.81
4257557.0,339036.9,601.2135,10.73
4257560.0,336105.9,579.0204,210.12
4257564.0,336094.0,578.5151,210.8
4257564.0,343402.7,483.0801,2149.74
4257568.0,334565.3,524.1848,218.49
4257568.0,336082.3,578.1556,211.66
4257569.0,337540.6,391.9061,1214.29
4257569.0,338274.1,516.4035,480.87
4257572.0,336070.5,577.8049,212.71
4257573.0,326322.3,527.5807,3.31
4257573.0,329765.3,589.2583,7.37
4257577.0,336058.8,577.4191,213.95
4257578.0,340441.3,414.5511,3000.96
4257582.0,336043.7,576.9364,215.78
4257586.0,345536.2,639.4733,421.54
4257590.0,336021.5,576.2986,219.03
4257590.0,339678.2,388.6908,1536.65
4257591.0,335283.4,547.4874,579.28
4257600.0,330683.8,410.0139,3.84
4257602.0,335990.2,574.8987,224.78
4257603.0,331671.8,434.5725,5.1
4257603.0,333608.7,491.7646,23.22
4257604.0,323396.6,552.5938,38.43
4257604.0,342562.1,345.8979,1677.31
4257611.0,332642.7,459.4993,9.37
4257611.0,336696.3,600.8885,416.84
4257618.0,335946.4,572.8748,235.15
4257623.0,328586.4,560.355,5.47
4257623.0,346896.9,434.5026,221.67
4257628.0,337380.8,380.3458,1039.54
4257630.0,344684.6,602.2497,969.91
4257638.0,338082.0,474.8111,935.49
4257640.0,335885.9,570.1725,254.06
4257644.0,341721.5,507.295,637.85
4257647.0,334349.2,516.1943,118.5
4257651.0,338778.5,609.6066,10.51
4257658.0,336567.0,595.6262,378.04
4257664.0,335081.3,537.771,510.46
4257670.0,327314.9,542.0292,2.8
4257670.0,335802.2,566.7337,288.84
4257670.0,343844.0,538.1954,1281.4
4257679.0,346010.3,527.6581,314.83
4257681.0,331455.7,427.4097,4.68
4257682.0,333392.5,483.4908,13.64
4257684.0,324633.7,534.4743,9.37
4257684.0,340880.9,444.7422,1009.27
4257686.0,337221.1,612.8432,486.17
4257687.0,330445.5,402.6363,4.41
4257689.0,329447.6,579.9108,8.31
4257689.0,332426.6,452.5074,7.48
4257698.0,336457.1,590.0063,343.54
4257703.0,337905.9,431.2145,1188.34
4257704.0,339364.3,622.0206,258.64
4257710.0,343003.4,473.8153,2104.87
4257712.0,335686.0,563.0715,350.94
4257715.0,340063.5,445.2519,3261.4
4257725.0,334133.1,508.9869,68.33
4257729.0,336371.3,586.6887,321.43
4257731.0,345136.8,445.1659,663.14
4257739.0,338535.6,552.1627,56.48
4257742.0,325857.1,530.3036,4.35
4257743.0,334865.2,529.0233,324.3
4257744.0,337061.3,603.9337,495.57
4257749.0,342162.8,555.5091,1324.97
4257752.0,336309.4,585.0245,309.61
4257757.0,328219.0,554.3841,3.31
4257760.0,331239.6,421.0045,4.2
4257761.0,333176.4,477.1776,9.31
4257762.0,337742.2,406.3843,1204.83
4257766.0,335537.4,557.1644,433.38
4257768.0,332210.5,446.3536,6.05
4257768.0,336264.6,582.8112,303.56
4257768.0,346497.5,467.44,291.35
4257775.0,344285.2,615.2594,1044.0
4257780.0,336232.3,580.8615,300.57
4257782.0,330185.6,596.5675,4.08
4257788.0,336209.1,579.1939,299.15
4257789.0,341322.2,514.2965,398.51
4257794.0,336192.7,578.0573,298.52
4257799.0,336180.0,577.5055,298.23
4257802.0,336901.6,599.1391,517.08
4257803.0,336168.1,577.3988,298.14
4257804.0,333916.9,502.249,39.59
4257807.0,336156.4,577.4779,298.21
4257808.0,339078.7,613.3345,27.47
4257812.0,336144.6,577.393,298.44
4257814.0,326920.0,536.0312,3.09
4257815.0,343444.6,527.943,1496.67
4257816.0,329098.0,571.5952,7.32
4257816.0,336132.9,577.1336,298.83
4257819.0,338316.0,500.3246,252.11
4257820.0,337582.4,392.3958,1116.45
4257821.0,336117.8,576.7494,299.55
4257822.0,334649.0,520.433,178.21
4257825.0,345610.9,625.7644,366.74
4257829.0,336095.6,575.4383,301.08
4257829.0,340483.2,411.68,2206.38
4257830.0,335362.4,547.7965,473.38
4257839.0,331023.4,415.5499,3.7
4257839.0,332960.3,470.3412,7.62
4257840.0,339720.0,415.0659,1692.54
4257841.0,336064.3,573.6282,304.19
4257847.0,331994.4,439.9422,5.13
4257855.0,342604.0,366.0141,1372.16
4257856.0,336752.2,595.2269,515.37
4257856.0,346986.9,429.7873,244.37
4257857.0,336020.5,571.8152,310.35
4257877.0,344737.4,582.8944,833.35
4257878.0,337422.7,381.2855,1025.4
4257879.0,335960.0,569.0065,322.08
4257880.0,324093.4,543.2908,19.55
4257883.0,333700.8,493.9245,21.37
4257886.0,329899.3,589.2236,5.82
4257889.0,338123.9,462.439,604.26
4257891.0,327851.6,551.2146,1.83
4257895.0,341763.4,513.6964,490.78
4257900.0,334432.9,512.6123,98.6
4257902.0,338820.3,586.0736,8.38
4257904.0,335160.3,538.2741,395.09
4257904.0,336622.8,590.0393,492.33
4257909.0,335876.3,565.49,343.43
4257913.0,346098.1,515.3149,335.98
4257918.0,332744.1,462.9045,6.94
4257919.0,330801.9,409.8386,3.37
4257920.0,343885.8,530.5447,1097.25
4257925.0,331778.2,435.5152,4.64
4257929.0,325345.4,529.6442,4.72
4257935.0,340922.8,505.2196,611.69
4257937.0,337262.9,613.0762,488.1
4257943.0,336513.0,584.9718,464.62
4257949.0,328731.2,564.5088,5.02
4257951.0,335760.1,561.4139,378.01
4257953.0,337947.8,428.6169,917.24
4257955.0,339406.1,636.9711,375.17
4257960.0,343045.2,465.7283,1611.4
4257961.0,333484.7,484.6491,11.66
4257966.0,340105.4,391.8065,2859.41
4257967.0,326497.4,532.2212,3.29
4257970.0,345211.5,412.3325,576.2
4257975.0,336427.1,582.3583,443.33
4257979.0,334216.8,506.3599,60.13
4257982.0,334944.1,527.8892,249.14
4257990.0,338577.5,526.6038,30.15
4257995.0,337103.2,601.9886,505.93
4257997.0,332528.0,455.3064,6.31
4257997.0,336365.2,580.8342,430.05
4258000.0,342204.6,573.946,1170.49
4258001.0,346587.6,460.7859,325.62
4258002.0,329581.5,581.6314,7.26
4258004.0,331562.1,428.859,4.26
4258006.0,330563.6,403.5384,3.38
4258006.0,335611.5,555.59,411.75
4258013.0,337784.0,410.8607,1060.0
4258014.0,336320.5,578.4846,421.98
4258022.0,344338.1,598.0936,867.72
4258025.0,336288.1,576.7942,417.06
4258028.0,327473.9,545.8374,1.63
4258034.0,336265.0,575.6434,414.04
4258040.0,333268.6,477.1094,7.48
4258040.0,336248.6,574.7174,412.16
4258040.0,341364.0,587.4561,232.69
4258044.0,336235.8,574.2403,410.84
4258049.0,336223.9,574.1073,409.72
4258053.0,336212.2,574.1815,408.73
4258053.0,336943.4,594.8791,537.55
4258057.0,336200.5,574.2809,407.85
4258058.0,334000.6,500.5319,38.85
4258059.0,339120.6,612.9438,76.09
4258059.0,345698.8,600.465,361.5
4258061.0,334728.0,518.5004,138.82
4258062.0,336188.7,574.3098,407.08
4258066.0,343486.5,496.14,1337.77
4258067.0,336173.7,573.9943,406.23
4258069.0,335436.5,547.9389,400.64
4258070.0,338357.9,488.3953,150.75
4258071.0,337624.3,397.4688,1074.98
4258075.0,332311.9,448.1017,5.46
4258075.0,336151.5,572.5925,405.28
4258077.0,323553.0,548.0743,23.01
4258079.0,340525.0,397.0758,1622.71
4258083.0,328363.7,559.6283,2.71
4258083.0,331346.0,421.7279,3.58
4258086.0,336120.2,570.887,404.51
4258089.0,347077.0,430.8084,273.3
4258091.0,339761.9,364.6857,1801.83
4258101.0,330303.7,598.0972,2.72
4258102.0,336076.4,569.5508,404.48
4258106.0,342645.9,674.1699,1996.64
4258107.0,336794.1,589.3677,552.67
4258115.0,344812.2,514.2255,676.18
4258119.0,333052.4,470.7313,5.99
4258124.0,336015.9,566.779,406.03
4258125.0,324807.2,529.8798,7.72
4258129.0,329232.0,575.4041,6.96
4258129.0,337464.5,385.2591,1044.07
4258136.0,333784.5,492.8353,23.5
4258137.0,326032.2,533.4115,3.47
4258140.0,334511.9,511.4515,78.05
4258140.0,338165.8,461.2595,441.14
4258143.0,335234.4,538.5779,313.6
4258146.0,341805.3,571.6502,396.47
4258147.0,346188.2,501.1186,399.71
4258153.0,338862.2,591.8656,11.14
4258154.0,332095.8,440.5974,4.61
4258154.0,336664.7,584.4563,546.79
4258155.0,335932.1,562.6336,409.84
4258161.0,331129.8,416.7461,2.74
4258167.0,343938.7,497.9785,878.8
4258172.0,327078.9,539.0614,2.17
4258186.0,340964.7,549.1447,363.62
4258187.0,337304.8,616.0887,502.21
4258194.0,336554.8,581.0552,531.52
4258197.0,332836.3,463.3561,5.49
4258197.0,335816.0,558.6343,413.6
4258204.0,337989.6,435.4691,795.43
4258204.0,345299.4,358.6419,498.67
4258205.0,330017.3,591.5978,3.96
4258205.0,339448.0,597.6011,490.71
4258211.0,343087.1,431.168,1368.58
4258215.0,333568.4,484.9259,13.58
4258217.0,327996.3,554.6846,1.37
4258217.0,340147.2,620.2725,2114.84
4258218.0,334295.8,504.5817,49.49
4258221.0,335018.2,527.985,198.24
4258226.0,336469.0,578.2199,516.81
4258233.0,331879.6,434.8847,3.87
4258235.0,346677.6,461.8153,377.01
4258241.0,338619.4,540.3328,22.86
4258242.0,330908.3,409.8102,2.17
4258246.0,337145.0,604.91,512.39
4258248.0,336407.1,575.4382,506.23
4258251.0,335667.4,553.3846,402.89
4258251.0,342246.5,571.1398,1135.3
4258261.0,344412.8,528.4443,662.37
4258262.0,328865.1,568.6155,4.79
4258264.0,336362.3,573.0764,498.99
4258264.0,337825.9,414.3459,1037.4
4258276.0,332620.2,455.5642,5.14
4258276.0,336330.0,571.2678,494.05
4258285.0,336306.8,569.6641,490.69
4258291.0,336290.5,568.6791,488.4
4258291.0,341405.9,626.3492,172.96
4258292.0,345788.8,563.1386,423.57
4258294.0,333352.3,477.3835,8.55
4258295.0,336277.7,568.2829,486.67
4258297.0,334079.6,497.9908,35.7
4258299.0,336265.8,568.2861,485.1
4258300.0,334802.1,518.8799,114.02
4258304.0,336254.1,568.4724,483.59
4258304.0,336985.3,594.8235,536.12
4258308.0,336242.3,568.5565,482.11
4258309.0,339162.4,572.0871,138.29
4258311.0,331663.5,429.0071,3.1
4258312.0,336230.6,568.5532,480.66
4258313.0,343539.3,427.5628,1078.72
4258315.0,335492.3,546.5927,354.78
4258318.0,336215.5,568.166,478.85
4258321.0,324266.9,538.5224,14.87
4258321.0,329699.6,584.8484,5.65
4258321.0,338399.7,493.7982,102.66
4258322.0,337666.1,401.1666,1138.26
4258322.0,347167.1,436.5996,306.03
4258323.0,325520.5,531.9889,4.63
4258326.0,326656.4,535.2362,2.77
4258326.0,336193.4,567.1136,476.27
4258329.0,330670.0,403.7917,2.08
4258330.0,340566.9,388.724,1192.27
4258337.0,336162.0,565.9379,472.76
4258342.0,339803.8,587.803,1367.55
4258349.0,344900.0,424.5827,500.64
4258353.0,336118.3,564.5334,468.02
4258354.0,327618.6,547.2179,1.03
4258355.0,332404.0,448.3775,4.63
4258356.0,342687.7,637.994,1861.1
4258358.0,336835.9,586.1002,552.15
4258372.0,333136.1,469.7741,6.3
4258375.0,336057.7,562.2064,461.41
4258376.0,333863.5,489.9498,25.83
4258379.0,334586.0,511.067,65.89
4258380.0,337506.4,390.4288,1154.29
4258380.0,346278.3,494.6891,517.24
4258389.0,335290.2,537.7555,265.79
4258390.0,331447.4,422.5818,2.21
4258391.0,338207.6,458.5734,337.98
4258396.0,328497.7,562.5277,2.74
4258396.0,341847.1,622.1423,369.37
4258403.0,338904.1,582.9553,28.38
4258405.0,336706.5,580.0664,555.54
4258406.0,335974.0,559.216,451.08
4258406.0,344013.4,470.5629,646.13
4258423.0,330410.1,599.1793,1.57
4258433.0,332187.9,440.7662,3.95
4258436.0,341006.5,519.952,279.07
4258437.0,345389.5,656.7017,352.93
4258438.0,337346.7,618.4774,577.58
4258445.0,336596.7,575.9648,551.92
4258448.0,329350.0,577.8424,6.28
4258448.0,335857.8,555.7172,431.38
4258451.0,332920.0,461.9379,5.29
4258454.0,333647.4,483.3624,17.56
4258455.0,338031.5,430.8305,704.16
4258456.0,339489.9,547.4857,611.45
4258457.0,334369.9,503.5425,42.69
4258458.0,343139.9,383.2272,1238.05
4258467.0,335074.1,528.1911,172.51
4258468.0,340189.1,593.3577,2075.21
4258468.0,346767.7,461.2428,443.68
4258469.0,331231.2,417.6616,1.51
4258476.0,336510.8,573.2314,546.48
4258492.0,338661.2,559.4483,29.51
4258495.0,326191.2,534.6739,3.29
4258495.0,344500.6,441.9189,447.47
4258496.0,337186.9,605.1066,568.98
4258498.0,327223.7,540.375,1.28
4258499.0,336448.9,570.5435,541.71
4258502.0,335709.2,550.9098,391.09
4258502.0,342288.4,581.0479,1210.32
4258512.0,331971.8,433.9613,3.17
4258515.0,336404.2,568.4309,537.92
4258515.0,337867.8,408.7424,1040.23
4258518.0,323726.6,545.9713,10.39
4258519.0,324982.4,528.1802,9.3
4258525.0,345878.9,549.4593,579.34
4258527.0,330123.8,593.1744,2.38
4258527.0,336371.9,566.7717,535.0
4258530.0,328130.2,556.2873,1.61
4258530.0,332703.9,454.4533,4.74
4258533.0,333431.2,477.2357,11.8
4258535.0,336348.7,565.1608,532.8
4258536.0,334153.7,497.2788,32.71
4258541.0,336332.3,564.4031,531.2
4258542.0,341447.8,624.0293,179.47
4258546.0,334858.0,519.2135,105.46
4258546.0,336319.5,564.148,529.91
4258549.0,331009.7,412.2108,1.23
4258550.0,336307.7,563.947,528.68
4258551.0,343614.1,410.9718,798.68
4258554.0,337027.2,593.971,574.95
4258555.0,336295.9,563.9104,527.43
4258556.0,347257.1,448.6638,338.14
4258559.0,336284.2,563.8819,526.14
4258560.0,339204.3,521.7391,218.98
4258563.0,336272.4,563.7168,524.82
4258566.0,335534.2,544.9921,323.38
4258569.0,336257.4,563.2987,523.06
4258572.0,338441.6,508.4034,81.84
4258573.0,337708.0,394.5685,1251.28
4258577.0,336235.2,561.9772,520.34
4258581.0,328983.2,570.2574,4.48
4258581.0,340608.8,370.4458,889.74
4258583.0,344990.1,370.3197,333.39
4258588.0,336203.9,560.5916,516.19
4258591.0,331755.7,427.9668,2.31
4258593.0,339845.6,560.6167,1504.62
4258603.0,342740.6,639.8876,1876.85
4258604.0,336160.1,559.6321,509.66
4258608.0,332487.7,447.5551,4.27
4258609.0,336877.8,586.4244,583.49
4258612.0,333215.1,468.9123,8.3
4258613.0,346368.3,492.3185,693.88
4258615.0,333937.6,490.1301,27.32
4258625.0,334641.8,509.7732,64.91
4258626.0,336099.6,557.3048,498.96
4258631.0,337548.3,384.9023,1344.28
4258636.0,330771.4,405.177,1.36
4258639.0,335332.1,536.5119,237.87
4258640.0,344101.3,436.2152,434.07
4258642.0,338249.5,455.1015,257.94
4258643.0,329806.0,586.2554,4.0
4258647.0,341889.0,660.7227,386.02
4258652.0,326801.1,535.8706,1.89
4258654.0,338945.9,518.8256,72.18
4258656.0,336748.4,580.8256,590.16
4258657.0,336015.9,554.3495,480.23
4258667.0,327752.6,549.1396,1.15
4258669.0,331539.5,421.4241,1.55
4258671.0,345479.5,612.9226,436.58
4258681.0,325679.5,534.638,4.93
4258687.0,332271.6,440.6499,3.71
4258687.0,341048.4,469.9085,245.98
4258689.0,337388.5,615.4746,754.04
4258690.0,332999.0,459.448,6.34
4258693.0,333721.5,482.766,22.23
4258696.0,336638.6,575.1859,595.02
4258697.0,343214.7,378.2827,1132.08
4258699.0,335899.7,550.9534,445.52
4258701.0,346857.8,463.35,517.62
4258703.0,334425.7,501.7113,43.86
4258706.0,338073.4,418.6316,585.0
4258707.0,339531.7,532.7517,711.71
4258715.0,328615.7,562.3294,2.84
4258716.0,324442.0,531.1681,11.81
4258718.0,335116.0,526.8131,161.74
4258719.0,340231.0,596.1722,2057.39
4258727.0,336552.7,571.8659,597.92
4258728.0,344590.7,399.6077,260.12
4258731.0,330511.5,598.4119,1.15
4258743.0,338703.1,509.2908,55.26
4258747.0,337228.8,603.6895,725.4
4258748.0,331323.4,415.6148,1.14
4258749.0,342341.2,624.2372,1410.97
4258750.0,336490.8,569.1681,599.09
4258753.0,335751.1,545.5285,386.21
4258758.0,345968.9,537.652,859.53
4258765.0,337909.6,402.3976,974.61
4258766.0,332055.5,433.6989,2.98
4258766.0,336446.1,567.1196,599.18
4258769.0,332782.9,452.2483,5.27
4258770.0,329456.5,577.5907,5.61
4258772.0,333505.3,475.7791,16.87
4258778.0,336413.7,565.3933,598.71
4258782.0,334209.6,496.0116,34.66
4258785.0,343701.9,411.5213,553.77
4258786.0,336390.6,564.1284,598.05
4258792.0,336374.2,563.5873,597.41
4258793.0,341489.6,623.6915,183.67
4258797.0,334899.8,517.4357,108.08
4258797.0,336361.4,563.3359,596.79
4258801.0,336349.5,562.8049,596.12
4258805.0,336337.8,562.2116,595.36
4258805.0,337069.0,595.2745,709.32
4258810.0,336326.1,561.8869,594.5
4258811.0,327357.6,543.3798,1.03
4258811.0,339246.2,506.882,306.19
4258814.0,336314.3,561.5975,593.53
4258816.0,345080.1,324.1266,229.28
4258817.0,335576.0,540.0191,306.18
4258819.0,336299.2,561.1866,592.14
4258821.0,326335.9,535.0719,2.72
4258823.0,338483.5,484.1196,99.9
4258824.0,337749.9,390.7703,1312.74
4258827.0,336277.1,560.3061,589.74
4258829.0,331101.9,411.5633,1.14
4258832.0,340650.6,364.4466,761.46
4258835.0,330225.2,591.9092,1.66
4258839.0,336245.8,559.6235,585.6
4258842.0,342815.3,675.4642,2029.71
4258844.0,331839.3,427.4569,2.18
4258844.0,339887.5,563.5876,1639.48
4258846.0,346458.4,490.2668,913.95
4258848.0,332566.7,447.4781,4.61
4258849.0,328248.3,554.5736,2.28
4258851.0,333289.2,467.3251,12.1
4258855.0,336202.0,558.6152,578.19
4258860.0,336919.7,589.865,704.0
4258861.0,333993.4,489.6262,30.99
4258873.0,344191.3,412.7194,260.51
4258875.0,334683.7,508.018,73.45
4258877.0,325141.3,529.6161,8.74
4258877.0,336141.5,556.3359,564.54
4258882.0,337590.1,380.7927,1534.74
4258890.0,335374.0,532.5538,222.62
4258892.0,338291.4,448.5521,238.18
4258894.0,341941.8,354.49,291.1
4258904.0,329089.6,570.5303,4.35
4258904.0,345569.6,582.101,618.89
4258905.0,338987.8,485.7807,153.91
4258907.0,336057.7,553.8288,538.78
4258907.0,336790.3,585.8618,707.36
4258912.0,323901.7,538.6889,6.42
4258915.0,330863.6,405.2978,1.52
4258923.0,331623.2,420.7069,1.59
4258926.0,332350.6,439.8455,4.0
4258929.0,333073.1,457.5289,8.79
4258931.0,343302.5,391.8494,892.1
4258934.0,346947.8,471.1608,587.63
4258938.0,341090.3,472.9128,207.92
4258939.0,333777.3,481.7746,28.22
4258940.0,337430.4,614.8714,1035.39
4258947.0,336680.4,580.7649,715.13
4258950.0,329907.4,585.0175,2.92
4258950.0,335941.6,550.5531,490.18
4258954.0,334467.6,499.7448,53.12
4258957.0,338115.2,418.4358,514.01
4258958.0,339573.6,536.7828,767.79
4258961.0,344680.8,382.2712,159.97
4258965.0,326935.0,537.8349,1.29
4258969.0,335157.8,522.9983,158.12
4258969.0,340272.8,613.9718,2119.2
4258978.0,336594.6,575.2665,722.67
4258986.0,327870.6,548.6171,1.88
4258988.0,342415.9,668.3055,1774.87
4258992.0,346059.0,524.1995,1246.97
4258993.0,338745.0,467.2754,125.9
4258998.0,337270.6,606.9459,1005.37
4259000.0,336532.7,571.3988,727.64
4259002.0,331407.1,415.6055,1.44
4259004.0,335793.0,544.3576,410.97
4259005.0,332134.5,432.3008,3.26
4259007.0,325824.2,533.6301,4.35
4259008.0,332857.0,450.3759,6.87
4259010.0,330603.7,598.6243,1.69
4259016.0,337951.5,405.667,890.6
4259017.0,336487.9,569.6501,730.38
4259018.0,333561.2,474.2708,23.66
4259019.0,343792.0,393.8971,429.24
4259029.0,336455.6,568.8182,731.64
4259033.0,334251.4,493.417,42.81
4259037.0,336432.4,568.503,732.06
4259038.0,328722.2,565.9836,2.76
4259039.0,341542.5,657.0371,183.75
4259043.0,336416.1,568.1889,732.07
4259047.0,334941.7,514.6822,115.53
4259048.0,336403.3,567.9095,731.9
4259049.0,345170.2,656.8552,265.37
4259052.0,336391.4,567.3352,731.6
4259056.0,336379.7,566.5049,731.14
4259056.0,337110.9,599.5025,968.01
4259060.0,336367.9,565.7835,730.52
4259062.0,339288.0,506.3898,355.99
4259065.0,336356.2,565.3313,729.73
4259067.0,335617.9,537.0353,313.06
4259070.0,336341.1,565.0098,728.49
4259073.0,338525.3,450.7614,187.24
4259074.0,324601.0,525.2098,7.67
4259074.0,337791.7,396.4431,1293.01
4259076.0,342903.2,342.0819,1639.17
4259078.0,329557.9,577.1789,5.04
4259078.0,336319.0,564.7059,726.09
4259080.0,346548.4,497.772,1131.16
4259082.0,331185.6,411.4972,1.82
4259083.0,340692.5,391.4974,619.34
4259084.0,331918.3,427.214,2.52
4259087.0,332640.8,446.4826,5.76
4259090.0,336287.6,564.458,721.49
4259094.0,339929.4,580.7656,1830.34
4259097.0,333345.1,467.0827,17.74
4259106.0,336243.9,562.4941,712.44
4259107.0,344281.4,395.706,231.91
4259109.0,323361.4,544.5093,3.88
4259110.0,336961.5,593.3823,942.82
4259111.0,334035.3,486.5533,38.44
4259114.0,330317.3,590.987,2.01
4259126.0,334725.6,506.7056,87.06
4259128.0,336183.3,559.8911,694.5
4259130.0,327475.7,544.6487,1.2
4259132.0,337632.0,386.3339,1633.37
4259133.0,342016.6,361.03,398.51
4259134.0,326469.8,534.9364,2.09
4259137.0,345659.6,572.7262,779.06
4259141.0,335415.8,529.4166,220.23
4259143.0,338333.2,433.3089,337.26
4259156.0,339029.7,482.0996,242.46
4259158.0,336099.6,558.139,658.81
4259158.0,336832.1,589.9165,935.84
4259162.0,331702.2,421.0743,2.09
4259164.0,343392.6,360.0155,1055.84
4259165.0,332424.7,439.7317,4.92
4259168.0,347037.9,470.7855,646.47
4259169.0,330947.3,404.0368,2.74
4259171.0,328354.7,557.0949,2.71
4259175.0,333128.9,458.9925,12.84
4259185.0,341143.1,512.4919,158.15
4259190.0,333819.2,479.4622,35.89
4259191.0,337472.2,618.7853,1298.67
4259195.0,344770.8,373.5147,156.22
4259198.0,336722.3,586.7228,941.0
4259200.0,335983.4,554.346,589.55
4259203.0,325286.1,530.3652,6.44
4259205.0,334509.4,498.7437,67.64
4259207.0,338157.1,418.1484,586.28
4259209.0,339615.5,547.6017,822.44
4259211.0,329191.0,573.1843,4.33
4259220.0,335199.7,520.9023,155.55
4259220.0,340314.7,630.9857,2251.49
4259222.0,342503.8,651.6896,2403.89
4259225.0,346149.1,527.0315,1632.95
4259229.0,336636.4,583.0311,949.72
4259230.0,329999.6,583.6915,2.74
4259241.0,331486.1,415.8399,2.26
4259244.0,332208.6,432.2518,4.06
4259244.0,338786.8,462.8447,273.35
4259249.0,337312.5,611.1208,1320.38
4259251.0,336574.5,579.9353,956.38
4259252.0,343882.0,373.3437,522.92
4259254.0,332912.8,451.1229,9.77
4259254.0,335834.8,546.7537,476.6
4259264.0,330687.4,598.6942,4.04
4259267.0,337993.4,407.9191,910.17
4259268.0,336529.8,577.4002,960.31
4259269.0,333603.1,473.3323,31.27
4259270.0,324060.7,531.8543,4.08
4259278.0,341617.2,662.5801,169.41
4259279.0,336497.5,576.2218,962.22
4259282.0,345260.3,651.1013,208.39
4259283.0,334293.3,492.271,55.23
4259284.0,327053.1,539.7723,1.0
4259288.0,336474.3,575.7904,962.91
4259294.0,336457.9,575.096,962.99
4259298.0,334983.6,513.169,117.43
4259298.0,336445.1,574.7234,962.8
4259303.0,336433.3,574.4677,962.39
4259307.0,336421.5,574.2657,961.75
4259307.0,337152.8,602.6361,1291.01
4259309.0,327977.1,547.2202,3.03
4259309.0,342993.2,641.6116,2866.42
4259311.0,336409.8,573.9602,960.85
4259313.0,339329.9,520.7796,350.82
4259313.0,346638.5,497.9329,1298.05
4259316.0,336398.0,573.5941,959.69
4259318.0,335659.8,538.5141,340.74
4259320.0,325958.1,532.5128,3.47
4259321.0,336383.0,573.0506,957.82
4259322.0,331264.5,410.372,3.24
4259323.0,331992.4,426.9575,3.27
4259324.0,338567.2,442.7651,414.34
4259325.0,337833.6,397.5796,1275.62
4259329.0,336360.8,571.8661,954.17
4259330.0,340745.3,421.4364,442.4
4259332.0,332696.7,445.5245,7.96
4259340.0,336329.5,569.931,947.03
4259340.0,344371.5,357.8825,237.89
4259345.0,328823.6,569.325,2.49
4259345.0,339971.2,610.2112,2056.36
4259347.0,333386.9,466.9779,24.26
4259356.0,336285.7,567.3577,932.75
4259357.0,329650.0,578.2315,4.09
4259361.0,337003.4,597.476,1260.61
4259362.0,334077.2,485.0273,48.1
4259367.0,342104.4,642.4883,798.52
4259368.0,330401.0,591.3376,3.76
4259370.0,345749.7,562.0637,824.05
4259377.0,334767.4,505.3622,94.26
4259378.0,336225.2,565.2114,903.95
4259383.0,337673.9,387.0128,1630.87
4259392.0,335457.7,530.7655,217.67
4259394.0,338375.1,426.6861,614.09
4259397.0,343482.7,330.1937,1269.96
4259400.0,324745.7,527.2375,4.93
4259401.0,331776.3,421.7095,2.9
4259401.0,347127.9,473.6703,695.18
4259407.0,339071.5,498.5947,248.99
4259408.0,331026.3,402.5067,4.9
4259408.0,336874.0,595.4291,1252.28
4259409.0,336141.5,562.1295,845.5
4259411.0,332480.5,439.834,6.68
4259424.0,341217.8,539.6865,100.04
4259426.0,333170.8,459.3584,18.04
4259428.0,344860.9,347.5823,136.95
4259441.0,333861.0,477.4394,43.37
4259441.0,337514.1,619.1984,1339.91
4259448.0,336764.2,591.9316,1261.81
4259451.0,336025.3,556.8989,730.82
4259453.0,326587.9,534.9301,1.65
4259453.0,327582.1,543.1167,1.71
4259455.0,342593.9,561.1681,3014.88
4259456.0,334551.3,498.3177,78.31
4259458.0,338199.0,415.2102,835.26
4259458.0,346239.1,527.5917,1874.52
4259459.0,339657.3,575.3194,877.27
4259467.0,323520.4,540.5427,2.5
4259467.0,340367.5,358.1643,1941.49
4259470.0,335241.6,521.7918,138.08
4259479.0,328456.1,558.0147,2.33
4259480.0,331560.2,415.6442,3.3
4259480.0,336678.3,589.6477,1276.74
4259483.0,330083.3,582.5865,3.19
4259485.0,343972.1,336.3714,511.56
4259490.0,332264.4,432.0995,5.51
4259491.0,329283.1,574.2784,2.98
4259495.0,338828.7,466.0254,337.12
4259500.0,337354.4,611.3138,1453.07
4259502.0,336616.4,587.5082,1287.88
4259503.0,330766.4,598.5859,7.36
4259505.0,332954.7,451.4408,13.87
4259505.0,335876.7,549.1754,546.04
4259512.0,341705.1,610.6578,141.66
4259516.0,325420.0,531.9425,4.37
4259516.0,345350.3,621.5376,186.06
4259518.0,336571.7,584.7303,1294.16
4259518.0,338035.2,403.6023,1062.72
4259519.0,333644.9,471.5695,37.27
4259530.0,336539.3,582.5292,1296.9
4259534.0,334335.2,491.4158,66.1
4259539.0,336516.2,580.9024,1297.58
4259543.0,343083.3,602.7004,2362.62
4259545.0,336499.8,579.6274,1297.28
4259546.0,346728.6,492.9492,1392.75
4259549.0,335025.4,512.6269,97.71
4259549.0,336487.0,578.8134,1296.56
4259554.0,336475.1,578.4681,1295.47
4259558.0,336463.4,578.5063,1293.94
4259558.0,337194.6,604.2725,1494.24
4259561.0,331338.6,408.6744,4.62
4259562.0,336451.6,578.4643,1291.92
4259563.0,339371.8,542.6128,317.57
4259566.0,336439.9,578.1928,1289.4
4259568.0,332048.3,425.6338,4.49
4259568.0,340820.1,451.4257,350.48
4259569.0,335701.6,540.3995,337.41
4259572.0,336424.8,577.5284,1285.47
4259573.0,344461.5,324.1861,204.62
4259575.0,338609.0,438.3412,587.92
4259576.0,337875.5,393.3804,1307.25
4259580.0,336402.7,575.7637,1277.97
4259583.0,332738.5,445.341,11.23
4259591.0,336371.4,573.0447,1263.7
4259592.0,340024.1,631.7238,2219.63
4259597.0,324205.4,528.2971,3.6
4259598.0,333428.8,465.651,29.46
4259600.0,342194.5,544.7498,1231.82
4259604.0,345839.8,555.3446,988.36
4259606.0,327159.5,539.9667,0.93
4259607.0,330480.0,592.251,5.64
4259607.0,336327.6,570.4071,1235.82
4259611.0,329733.7,575.8919,2.61
4259612.0,337045.3,601.2561,1516.66
4259613.0,334119.0,483.68,56.52
4259616.0,328078.5,545.9806,3.76
4259624.0,328915.7,565.8164,1.47
4259628.0,334809.3,504.1732,79.94
4259629.0,336267.1,568.5375,1180.75
4259631.0,343572.7,660.0822,1101.26
4259634.0,337715.7,384.5496,1571.1
4259634.0,347218.0,483.0267,746.79
4259639.0,326076.2,531.5467,2.82
4259643.0,335499.6,531.833,172.85
4259645.0,338417.0,421.0408,857.05
4259647.0,331100.4,401.7497,6.35
4259647.0,331832.2,420.5611,3.99
4259657.0,339113.4,534.5574,186.73
4259658.0,341305.7,546.919,50.81
4259659.0,336915.9,599.4472,1551.0
4259660.0,336183.3,564.9279,1072.25
4259661.0,344951.0,669.5394,88.68
4259662.0,332522.4,438.8973,9.35
4259677.0,333212.7,457.3648,22.89
4259688.0,342683.9,499.0042,2506.23
4259692.0,333902.9,476.1948,48.34
4259692.0,337556.0,617.3945,1170.69
4259692.0,346329.2,527.0136,1910.4
4259699.0,336806.0,595.2238,1596.07
4259702.0,336067.2,559.0166,870.26
4259706.0,334593.2,497.1487,72.78
4259706.0,339710.2,599.4791,965.99
4259706.0,340442.3,389.0638,1885.67
4259709.0,338240.8,410.3117,1066.79
4259713.0,324879.7,530.9227,3.97
4259719.0,344062.2,646.9063,491.79
4259721.0,335283.4,522.1296,87.9
4259723.0,330162.3,582.8865,3.31
4259726.0,331616.0,413.0686,4.31
4259730.0,336720.2,591.7806,1636.35
4259741.0,332306.3,432.1686,7.71
4259742.0,330840.5,597.1038,7.26
4259744.0,329366.8,570.0159,1.17
4259746.0,338870.6,490.5997,239.49
4259746.0,341795.1,551.0365,214.53
4259749.0,345440.4,597.3551,175.09
4259750.0,337396.2,609.1465,1333.76
4259753.0,336658.3,588.8635,1662.43
4259755.0,332996.5,449.772,18.27
4259756.0,335918.6,551.593,574.76
4259758.0,328548.3,553.3139,1.48
4259760.0,327683.5,540.5377,2.55
4259769.0,336613.5,586.1557,1676.69
4259769.0,338077.1,397.4889,1183.22
4259770.0,333686.8,469.6281,39.71
4259776.0,326694.3,535.2951,1.44
4259776.0,343173.4,585.6307,1899.56
4259779.0,346818.6,495.037,1436.36
4259781.0,336581.2,584.5993,1683.24
4259785.0,334377.0,490.243,67.89
4259789.0,336558.0,583.4425,1685.43
4259793.0,323665.1,535.5164,3.36
4259795.0,336541.7,582.5531,1685.51
4259800.0,335067.3,512.7953,55.27
4259800.0,336528.9,581.7965,1684.67
4259802.0,340907.9,495.4457,267.03
4259804.0,336517.0,581.1689,1683.12
4259806.0,331394.5,406.9905,5.34
4259806.0,344551.6,661.854,149.48
4259808.0,337236.5,602.9854,1470.36
4259809.0,336505.3,580.63,1680.76
4259810.0,339424.6,551.8061,334.82
4259813.0,336493.5,580.0907,1677.55
4259817.0,336481.8,579.5749,1673.43
4259819.0,332090.1,426.191,6.34
4259820.0,335743.5,541.7624,291.5
4259823.0,336466.7,578.852,1666.94
4259826.0,338650.9,443.8557,450.78
4259827.0,337917.3,387.8586,1291.01
4259831.0,336444.6,577.1825,1654.43
4259831.0,340098.8,630.6031,2285.83
4259833.0,342284.6,491.1071,1354.07
4259834.0,332780.4,444.7048,15.04
4259835.0,325538.1,532.1539,3.23
4259837.0,345929.8,556.1145,1202.49
4259842.0,336413.2,575.2265,1630.5
4259846.0,330554.1,591.0227,5.42
4259849.0,333470.7,463.9129,31.38
4259850.0,329812.7,574.2153,1.36
4259858.0,336369.5,572.7125,1583.91
4259863.0,337087.1,599.6431,1598.31
4259864.0,334160.9,482.8456,60.58
4259864.0,343662.8,623.1547,999.0
4259867.0,347308.1,490.1412,821.63
4259878.0,328999.4,560.5896,0.58
4259879.0,334851.2,504.8718,46.79
4259880.0,336308.9,569.4983,1493.51
4259885.0,337757.6,380.7185,1444.48
4259891.0,341395.8,518.7793,48.94
4259893.0,331156.2,402.4535,6.33
4259893.0,335541.4,532.0776,115.7
4259894.0,345041.0,653.4972,53.47
4259895.0,328170.6,544.6721,3.68
4259896.0,338458.8,423.2694,734.66
4259898.0,331874.0,418.784,5.56
4259904.0,339166.2,534.4233,158.37
4259910.0,324339.3,526.2831,5.16
4259910.0,336957.7,596.7477,1723.13
4259911.0,336225.2,565.7272,1321.76
4259913.0,332564.3,439.3446,12.6
4259914.0,327260.9,537.5986,1.0
4259921.0,342774.0,479.2038,2113.6
4259925.0,346419.3,530.6346,1800.25
4259928.0,333254.5,455.6712,25.52
4259940.0,340530.1,425.34,1434.53
4259942.0,333944.8,475.1729,50.19
4259943.0,337597.8,614.1078,969.81
4259945.0,339784.9,589.7786,1166.69
4259950.0,336847.9,592.2971,1836.8
4259952.0,344152.2,615.1969,399.17
4259953.0,336109.0,560.3955,1021.59
4259957.0,334635.0,497.103,50.24
4259960.0,338282.7,410.7926,941.58
4259962.0,326182.6,530.9639,2.56
4259962.0,330236.4,582.8778,2.81
4259972.0,335325.3,523.9772,47.25
4259977.0,331657.9,409.6307,5.56
4259979.0,341885.2,516.5031,318.16
4259981.0,336762.0,588.5846,1920.18
4259982.0,345530.5,582.3785,256.6
4259984.0,329445.8,566.28,0.5
4259988.0,330896.3,596.7694,5.32
4259991.0,332348.1,432.2526,10.56
4259993.0,338923.4,494.7913,154.55
4260001.0,337438.1,605.9221,1145.54
4260004.0,336700.1,586.0892,1969.23
4260006.0,333038.4,448.3625,21.62
4260007.0,335960.4,553.0816,623.27
4260009.0,343263.4,549.276,1750.3
4260012.0,328632.0,550.1466,1.01
4260013.0,346908.7,500.0857,1474.06
4260019.0,338119.0,396.3891,1034.56
4260020.0,336655.4,583.7501,1994.88
4260021.0,333728.7,467.8724,38.97
4260032.0,324997.7,532.4236,4.73
4260032.0,336623.1,582.2057,2006.65
4260036.0,334418.9,489.2971,57.72
4260036.0,340998.0,497.7938,168.13
4260039.0,327775.6,539.4968,3.73
4260040.0,336599.9,580.8088,2010.89
4260040.0,344641.7,650.1268,83.43
4260046.0,336583.5,579.5818,2011.57
4260049.0,339499.3,547.1584,490.68
4260051.0,335109.2,515.449,26.08
4260051.0,336570.7,579.0352,2010.75
4260055.0,336558.9,578.6166,2008.83
4260057.0,331436.4,404.1074,5.93
4260059.0,336547.1,577.911,2005.74
4260059.0,337278.4,598.8269,1359.09
4260064.0,336535.4,577.2435,2001.45
4260065.0,340186.7,631.5072,2066.84
4260067.0,342374.6,458.9428,1337.2
4260068.0,336523.6,576.7592,1995.91
4260070.0,332132.0,423.7735,8.91
4260070.0,346019.9,559.1573,1111.47
4260071.0,335785.4,543.2543,285.58
4260073.0,336508.6,576.2834,1987.16
4260073.0,338703.8,450.6604,258.69
4260078.0,337959.2,385.4467,1095.87
4260081.0,336486.4,575.5231,1970.37
4260083.0,326795.7,534.4747,1.43
4260085.0,332822.3,442.8808,18.55
4260089.0,329886.8,573.3901,0.84
4260092.0,330609.9,590.105,4.64
4260093.0,336455.1,574.6164,1938.56
4260097.0,343752.9,571.9445,866.42
4260100.0,333512.5,460.8094,30.32
4260106.0,323799.0,530.3253,6.69
4260109.0,336411.3,572.077,1877.71
4260114.0,337129.0,596.1907,1594.63
4260115.0,334202.8,481.941,59.38
4260117.0,329078.4,556.5888,0.48
4260124.0,341485.8,472.5971,44.16
4260128.0,345131.1,640.0828,39.36
4260129.0,334893.0,507.2523,22.23
4260131.0,336350.8,568.2318,1762.81
4260136.0,337799.5,619.2785,682.11
4260143.0,338511.7,430.0233,436.47
4260143.0,339241.0,513.175,215.11
4260144.0,331198.1,400.4716,6.07
4260144.0,335583.3,531.6101,102.37
4260149.0,328254.3,543.2754,3.38
4260149.0,331915.9,415.9125,7.84
4260155.0,342864.1,451.4438,2027.61
4260158.0,325644.5,531.0996,3.08
4260158.0,346509.3,533.755,1647.36
4260161.0,336267.1,563.0499,1552.5
4260161.0,336999.6,594.1105,1819.78
4260164.0,332606.1,437.0785,15.93
4260173.0,340620.2,438.7669,882.92
4260178.0,333296.4,453.206,25.72
4260179.0,339872.8,579.8855,1545.66
4260185.0,344242.3,599.4262,298.94
4260193.0,327353.1,536.8011,1.23
4260193.0,333986.6,475.1302,50.32
4260194.0,337639.7,609.8819,789.3
4260201.0,336889.8,588.3195,2008.09
4260204.0,336150.9,555.493,1200.02
4260207.0,338335.5,413.4004,610.37
4260208.0,330292.2,580.2708,2.63
4260208.0,334676.9,499.6255,28.23
4260212.0,341975.3,492.4838,353.51
4260216.0,345620.5,590.2827,261.47
4260223.0,329519.9,564.0876,0.49
4260223.0,335367.2,522.9191,37.69
4260227.0,331699.8,407.8477,7.32
4260229.0,324457.4,526.8093,9.66
4260231.0,338998.1,483.7783,145.7
4260232.0,336803.9,583.0175,2134.0
4260239.0,330938.2,595.4694,4.34
4260242.0,332390.0,429.9057,13.74
4260243.0,343353.5,501.9639,1174.5
4260246.0,346998.8,490.8309,1537.4
4260251.0,328711.0,547.4922,1.1
4260252.0,337480.0,601.4103,1000.42
4260255.0,336742.0,579.7274,2203.03
4260257.0,333080.3,446.2799,23.53
4260258.0,336002.3,548.155,747.28
4260266.0,338171.8,398.7037,720.12
4260269.0,326284.0,531.7849,2.64
4260269.0,341088.1,455.569,89.16
4260271.0,336697.3,576.9926,2237.07
4260272.0,333770.5,467.8192,37.44
4260273.0,344731.7,646.443,36.46
4260283.0,336664.9,574.7275,2251.86
4260283.0,339587.2,541.1445,937.99
4260287.0,334460.8,490.645,42.54
4260291.0,336641.8,573.0978,2256.84
4260293.0,327859.3,539.1463,4.81
4260297.0,336625.4,571.6886,2257.41
4260298.0,340276.7,636.2318,1704.01
4260300.0,342464.7,416.0733,1335.2
4260301.0,335151.0,514.5804,18.69
4260302.0,336612.6,570.8423,2256.17
4260303.0,323258.7,538.1723,6.08
4260303.0,346110.0,557.0244,1018.63
4260306.0,336600.7,570.2542,2253.59
4260308.0,331478.2,400.8621,6.87
4260310.0,336589.0,569.4796,2249.65
4260310.0,337320.2,594.5329,1309.28
4260311.0,338778.5,460.3459,176.38
4260314.0,336577.2,568.8182,2244.28
4260319.0,336565.5,568.4135,2237.47
4260321.0,332173.9,420.6289,11.96
4260321.0,335827.2,541.5157,363.19
4260324.0,336550.4,567.9724,2226.89
4260324.0,338012.0,387.3007,798.68
4260330.0,343842.9,543.7257,725.37
4260332.0,336528.3,567.6225,2207.01
4260335.0,329942.6,569.3741,0.91
4260336.0,332864.1,439.7875,21.57
4260343.0,330651.8,587.9899,4.55
4260344.0,336496.9,567.3986,2170.24
4260351.0,333554.4,459.3964,28.78
4260354.0,325104.2,532.7439,7.06
4260356.0,329152.5,554.7232,0.77
4260357.0,341575.9,455.6367,46.38
4260360.0,336453.2,566.1516,2102.2
4260361.0,345221.2,649.0538,24.49
4260362.0,326887.9,535.0713,1.6
4260364.0,337170.9,590.9904,1672.82
4260365.0,334244.6,481.7943,55.37
4260377.0,339328.8,510.2753,447.05
4260380.0,334934.9,505.3248,15.38
4260381.0,338586.4,435.9602,267.15
4260382.0,336392.7,564.0529,1978.69
4260382.0,337852.3,619.576,500.72
4260388.0,342954.1,418.0261,1321.06
4260389.0,328333.3,542.8595,3.16
4260391.0,346599.4,517.0233,1523.24
4260395.0,331239.9,598.0211,4.93
4260395.0,335625.1,532.7381,144.37
4260400.0,331957.8,414.1705,10.55
4260406.0,340710.2,416.5671,572.95
4260412.0,336308.9,560.6106,1761.26
4260412.0,337041.5,588.315,2014.16
4260412.0,339962.8,579.9667,1783.81
4260414.0,332648.0,432.8706,19.19
4260418.0,344332.4,593.2624,211.18
4260425.0,323917.1,526.596,12.68
4260429.0,333338.3,452.1618,25.7
4260441.0,337692.6,609.5591,613.48
4260444.0,334028.5,475.2241,51.15
4260445.0,338410.3,415.1037,384.78
4260445.0,342065.3,445.0954,447.12
4260447.0,327436.8,537.1874,1.65
4260449.0,345710.6,587.5045,268.03
4260452.0,336931.6,583.7335,2280.97
4260454.0,336192.7,553.9518,1406.01
4260458.0,330334.1,577.2531,3.01
4260459.0,334718.8,498.1724,17.84
4260465.0,325745.9,531.0821,3.55
4260466.0,339086.0,483.8649,233.28
4260468.0,329575.8,562.2119,0.97
4260474.0,335409.0,523.8535,57.95
4260476.0,343443.6,475.4025,757.96
4260478.0,331741.6,408.174,9.34
4260479.0,347088.8,469.8659,1619.75
4260483.0,336845.8,579.1923,2442.85
4260489.0,330980.0,593.0618,4.17
4260490.0,328785.1,546.9034,1.66
4260493.0,332431.9,427.3074,16.7
4260499.0,337532.8,600.9062,868.84
4260502.0,341178.1,415.047,50.12
4260505.0,336783.9,576.4892,2522.72
4260505.0,338246.5,403.1195,484.74
4260506.0,344821.8,648.744,26.29
4260508.0,333122.1,444.4974,25.68
4260509.0,336044.2,547.9084,944.6
4260516.0,339677.3,538.5994,1700.36
4260522.0,336739.1,574.6578,2557.02
4260523.0,333812.4,468.2806,37.26
4260531.0,340366.8,637.9411,1395.01
4260532.0,327938.3,539.7485,6.16
4260533.0,336706.8,572.991,2568.54
4260533.0,342554.8,372.0685,1403.51
4260537.0,334502.6,490.3159,31.78
4260537.0,346200.0,530.2127,955.8
4260542.0,336683.6,572.3228,2569.65
4260545.0,338866.3,464.1181,192.45
4260548.0,336667.2,572.0266,2566.81
4260549.0,326376.2,531.0525,2.97
4260551.0,324563.8,527.7639,13.15
4260552.0,335192.9,514.408,27.72
4260552.0,336654.5,571.9447,2562.59
4260557.0,336642.6,572.1017,2557.03
4260557.0,337373.1,596.7829,1294.21
4260559.0,331520.1,400.49,8.05
4260561.0,336630.9,572.2038,2549.93
4260563.0,338086.8,391.3028,569.4
4260564.0,343933.0,541.4286,506.94
4260565.0,336619.1,572.3474,2541.24
4260570.0,336607.4,572.5619,2530.98
4260572.0,332215.7,421.3931,14.37
4260572.0,335869.1,543.1709,522.35
4260575.0,336592.3,572.6194,2515.84
4260583.0,336570.2,572.1288,2489.05
4260586.0,329984.5,567.0881,1.58
4260587.0,332906.0,437.0589,25.33
4260591.0,341666.0,446.2094,58.23
4260594.0,330693.7,585.3673,4.7
4260594.0,345311.2,634.0494,33.55
4260595.0,336538.8,570.7743,2442.52
4260601.0,333596.3,460.4658,28.53
4260602.0,329208.3,555.072,2.15
4260610.0,336495.0,569.5674,2361.67
4260610.0,339418.9,510.6277,993.9
4260611.0,337223.7,595.0502,1830.72
4260615.0,338674.2,441.7176,229.99
4260616.0,326971.6,534.33,1.93
4260616.0,334286.5,481.1306,51.0
4260621.0,337927.0,380.8304,687.77
4260621.0,343044.2,409.3771,766.52
4260622.0,323376.8,534.2254,11.61
4260625.0,346689.5,485.4992,1446.38
4260628.0,328407.4,542.5651,2.75
4260631.0,334976.8,504.1343,18.23
4260632.0,336434.5,568.1962,2223.26
4260640.0,340800.3,368.4584,437.51
4260646.0,331281.8,596.3068,5.75
4260646.0,335667.0,536.4981,244.82
4260646.0,340052.9,586.4876,1800.92
4260650.0,331999.6,414.3208,12.24
4260652.0,344422.4,595.639,106.56
4260658.0,337094.3,592.6568,2337.08
4260662.0,325205.6,531.9876,7.3
4260663.0,336350.8,566.2444,1977.3
4260665.0,332689.9,431.1826,22.89
4260679.0,337767.3,614.3659,461.91
4260679.0,342155.4,394.8404,573.75
4260680.0,333380.1,453.0843,26.78
4260680.0,338498.1,419.9948,305.48
4260682.0,345800.7,566.8954,318.35
4260686.0,327515.8,536.2703,2.39
4260695.0,334070.4,473.2847,52.08
4260698.0,336984.5,589.8332,2719.28
4260699.0,339176.1,488.6218,491.97
4260705.0,336234.6,562.488,1541.43
4260709.0,330376.0,576.7703,3.36
4260709.0,343533.6,487.614,488.17
4260710.0,334760.6,495.5208,19.44
4260713.0,347178.9,459.3977,1690.14
4260719.0,329617.6,560.8922,2.64
4260724.0,335450.9,528.9282,114.21
4260729.0,331783.5,407.3615,10.36
4260730.0,336898.6,587.2861,2938.51
4260735.0,341268.2,385.0814,32.97
4260736.0,328840.9,548.0142,2.42
4260738.0,337607.5,606.8228,718.71
4260739.0,338334.4,406.7452,384.04
4260740.0,331021.9,590.8325,4.12
4260740.0,344911.9,632.6463,23.68
4260744.0,325838.0,530.1861,3.58
4260744.0,332473.7,425.9528,18.88
4260748.0,324023.5,523.4657,15.14
4260750.0,339767.3,543.9498,2184.67
4260752.0,336836.7,585.4685,3016.01
4260759.0,333164.0,444.2404,28.83
4260759.0,336086.0,556.4952,1030.28
4260765.0,340456.9,618.9148,885.09
4260767.0,342644.8,645.8283,587.06
4260768.0,336792.0,584.5935,2981.26
4260770.0,346290.1,514.3014,926.5
4260771.0,328012.4,539.4462,5.96
4260773.0,333854.2,464.6832,37.12
4260779.0,338956.4,464.5176,319.11
4260780.0,336759.6,583.9117,2941.8
4260788.0,334544.5,489.2023,31.16
4260789.0,336736.5,583.2737,2906.33
4260795.0,336720.1,583.0636,2877.77
4260796.0,337447.8,605.7484,1212.08
4260797.0,338174.6,395.7598,460.08
4260797.0,344023.1,545.3086,300.1
4260799.0,336707.3,583.0783,2853.61
4260802.0,326459.9,529.666,3.32
4260803.0,335234.8,518.972,60.29
4260804.0,336695.4,583.2002,2829.69
4260808.0,336683.7,583.3083,2804.57
4260810.0,331562.0,401.6624,8.72
4260812.0,336672.0,583.4377,2778.07
4260816.0,336660.2,583.6443,2750.21
4260822.0,336645.1,583.7946,2712.87
4260823.0,332257.6,420.2893,14.63
4260823.0,335911.0,549.9972,581.38
4260824.0,341756.0,419.7411,68.21
4260827.0,345401.3,610.2713,46.46
4260830.0,336623.0,583.3231,2654.29
4260836.0,330026.4,568.78,2.32
4260837.0,332947.9,435.6402,30.14
4260841.0,336591.7,581.6605,2564.74
4260844.0,330735.5,582.6465,4.09
4260844.0,339508.9,534.6149,1741.33
4260849.0,338764.3,443.9141,300.26
4260850.0,337298.4,608.9918,1907.77
4260852.0,333638.1,455.9482,27.51
4260853.0,329250.2,555.5156,4.31
4260854.0,343134.3,426.3258,461.43
4260855.0,327050.6,532.5021,2.37
4260855.0,338014.9,385.6887,567.21
4260857.0,336547.9,579.3303,2428.38
4260858.0,324665.2,529.8866,9.22
4260858.0,346779.5,467.2156,1406.66
4260867.0,334328.4,480.3123,49.42
4260873.0,328463.2,542.2655,1.83
4260873.0,340890.4,615.438,172.54
4260879.0,336487.4,576.9055,2223.46
4260879.0,340142.9,579.9558,1267.81
4260882.0,335018.6,507.4405,39.14
4260885.0,344512.5,597.9469,71.67
4260896.0,331323.7,597.3995,6.74
4260897.0,335708.9,540.993,282.53
4260897.0,337169.0,607.5305,2612.73
4260901.0,332041.5,413.0078,11.12
4260910.0,336403.6,573.3537,1922.08
4260912.0,342245.4,360.7635,518.25
4260913.0,338588.2,425.1366,342.94
4260914.0,337855.1,620.8481,353.74
4260915.0,345890.7,572.9966,402.16
4260916.0,332731.7,430.5824,26.88
4260925.0,327589.9,535.2466,3.38
4260931.0,333422.0,451.1637,25.81
4260932.0,339266.1,513.1881,1025.14
4260937.0,337059.2,603.2806,2966.01
4260941.0,325297.7,531.1931,3.87
4260942.0,343623.7,499.3314,347.35
4260944.0,323483.2,529.485,16.0
4260946.0,334112.2,471.7866,50.68
4260946.0,347267.7,460.1232,1730.67
4260952.0,336287.5,567.7169,1502.46
4260960.0,330417.8,575.3584,2.67
4260960.0,334802.5,497.2521,35.47
4260968.0,336973.3,600.2245,3052.7
4260969.0,341358.2,374.2158,22.65
4260970.0,329659.5,561.1627,3.81
4260972.0,337695.4,615.1983,573.75
4260972.0,338424.4,409.5348,403.03
4260973.0,345001.9,603.2886,23.45
4260975.0,335492.7,530.8823,145.58
4260980.0,331825.4,405.6924,8.9
4260983.0,339857.4,538.8659,1806.58
4260987.0,328882.8,549.0188,2.7
4260991.0,331063.8,589.219,4.01
4260991.0,336911.4,597.097,3059.34
4260995.0,332515.6,424.6001,19.74
4260998.0,325921.7,530.2258,2.83
4260998.0,340546.9,584.3147,540.91
4261000.0,342734.9,362.1016,647.06
4261003.0,346380.2,500.6245,917.34
4261006.0,336138.9,559.7965,1014.6
4261007.0,336866.7,594.8803,3033.7
4261009.0,333205.9,444.9545,28.9
4261012.0,339046.5,465.8233,652.4
4261017.0,328068.3,538.5677,3.83
4261019.0,336834.4,593.8033,2999.18
4261024.0,333896.1,463.2654,34.43
4261027.0,336811.2,592.5372,2966.32
4261030.0,337535.6,613.1059,1054.12
4261030.0,344113.1,554.7779,219.85
4261031.0,338264.7,401.7838,471.06
4261033.0,336794.8,591.3705,2939.13
4261038.0,336782.0,590.5799,2915.79
4261039.0,334586.4,490.4722,43.56
4261042.0,326538.9,529.2678,3.29
4261042.0,336770.2,589.979,2892.41
4261047.0,336758.4,589.588,2867.64
4261051.0,336746.7,589.2996,2841.28
4261054.0,335276.6,520.9573,89.73
4261055.0,324124.9,524.6772,9.95
4261055.0,336734.9,588.9914,2813.37
4261057.0,341846.1,383.1489,88.45
4261060.0,331603.8,400.3643,7.96
4261061.0,336719.9,588.5588,2775.71
4261061.0,345491.4,604.6323,88.4
4261069.0,336697.7,587.7297,2716.1
4261070.0,335963.8,551.9628,573.89
4261073.0,332299.5,416.3353,12.55
4261077.0,339599.0,528.4146,2031.13
4261080.0,336666.4,586.4898,2624.02
4261082.0,338854.4,439.9373,541.02
4261084.0,337386.3,615.521,1819.89
4261087.0,330068.2,568.8403,2.0
4261088.0,332989.7,435.6438,32.01
4261088.0,343224.3,444.0155,381.43
4261089.0,338105.0,393.7631,573.71
4261092.0,346868.3,455.4547,1399.18
4261095.0,327124.7,532.4533,2.76
4261095.0,330777.4,579.5513,2.79
4261096.0,336622.6,584.0835,2481.98
4261103.0,333680.0,453.3988,23.37
4261104.0,329292.1,555.6348,5.16
4261106.0,340980.4,612.6998,99.12
4261112.0,340233.0,553.8875,762.49
4261118.0,334370.2,481.643,53.52
4261118.0,336562.1,580.1141,2265.87
4261118.0,344602.6,587.213,60.49
4261124.0,328505.1,542.1184,0.86
4261131.0,337256.9,614.8535,2613.73
4261133.0,335060.5,509.8551,63.57
4261138.0,324757.4,530.3876,3.45
4261143.0,335761.7,543.2182,266.47
4261145.0,342335.5,623.0548,304.45
4261146.0,338678.3,427.0733,540.8
4261147.0,331365.5,595.0288,7.55
4261147.0,337945.2,387.1496,772.83
4261149.0,336478.4,574.984,1945.48
4261149.0,345980.8,545.5807,493.04
4261152.0,332083.3,409.7805,7.79
4261165.0,339356.2,509.7284,1697.04
4261167.0,332773.6,428.7472,28.95
4261171.0,327645.7,535.6449,3.75
4261171.0,337147.1,610.8192,2920.29
4261176.0,343713.7,508.6681,314.73
4261182.0,333463.9,448.8292,20.11
4261191.0,336362.2,568.7989,1500.27
4261195.0,325381.4,531.6837,1.53
4261196.0,334154.1,472.2444,46.97
4261202.0,341448.3,365.5675,27.0
4261203.0,337061.2,606.4423,3075.18
4261205.0,337785.5,381.7287,1170.98
4261206.0,338514.5,416.5883,581.81
4261206.0,345092.0,584.0094,32.32
4261211.0,330459.7,572.2101,1.32
4261211.0,334844.4,498.2144,56.82
4261216.0,339947.5,521.6535,1071.15
4261221.0,329701.4,561.239,2.88
4261222.0,335545.6,532.2508,124.76
4261225.0,336999.3,603.3774,3130.13
4261231.0,331867.2,403.2655,5.71
4261231.0,340637.0,577.8888,409.93
4261233.0,342824.9,381.5311,484.37
4261237.0,328924.7,549.9279,2.61
4261237.0,346468.9,473.8836,934.38
4261238.0,326000.7,530.3078,1.79
4261241.0,336954.6,601.4301,3135.79
4261242.0,331105.6,587.0347,4.79
4261245.0,332557.5,421.6652,19.41
4261245.0,336213.6,562.296,991.89
4261245.0,339136.5,469.7523,1311.59
4261252.0,323584.6,526.7986,15.06
4261253.0,336922.2,599.0391,3120.98
4261260.0,333247.7,443.0821,22.31
4261262.0,336899.1,597.0275,3100.39
4261263.0,337625.7,620.1537,970.4
4261263.0,344203.2,563.9694,176.88
4261264.0,338354.8,409.4867,647.35
4261267.0,336882.7,595.3774,3080.84
4261268.0,328110.1,539.0297,1.34
4261272.0,336869.9,594.3325,3062.86
4261275.0,333938.0,464.5629,29.09
4261276.0,336858.0,593.5748,3043.93
4261281.0,326613.0,530.2181,2.65
4261281.0,336846.3,593.0462,3023.06
4261285.0,336834.5,592.5707,3000.07
4261289.0,336822.8,591.8234,2974.99
4261290.0,334628.2,489.4303,58.28
4261290.0,341936.1,634.2127,68.48
4261294.0,345581.4,545.4431,177.01
4261295.0,336807.7,591.1839,2940.27
4261301.0,335329.5,521.9841,67.51
4261303.0,336785.6,590.7426,2883.36
4261309.0,336038.5,554.1883,543.67
4261310.0,339689.1,496.7348,1493.23
4261311.0,331645.7,598.1148,5.53
4261314.0,336754.2,590.0042,2791.86
4261315.0,338944.4,443.2741,1112.22
4261317.0,337476.3,378.9452,3071.22
4261321.0,343314.4,463.7821,363.97
4261322.0,338195.0,402.0931,761.93
4261324.0,332341.3,413.1095,10.23
4261326.0,346955.8,438.186,1426.84
4261330.0,336710.5,588.2186,2644.5
4261334.0,324217.1,525.641,4.57
4261338.0,330110.1,566.7924,1.17
4261339.0,333031.6,433.9237,27.05
4261340.0,327180.5,533.0852,2.68
4261340.0,341070.5,629.9555,76.34
4261346.0,330819.3,579.4341,2.41
4261346.0,340323.1,550.1767,520.3
4261351.0,344692.6,558.7352,61.62
4261352.0,336650.0,583.9362,2410.83
4261354.0,333721.8,455.8985,17.49
4261355.0,329333.9,555.4374,4.21
4261365.0,337347.0,380.3037,3837.78
4261369.0,334412.1,481.1119,55.16
4261375.0,328547.0,542.1978,0.52
4261378.0,342425.6,617.1317,310.4
4261379.0,335113.3,512.0368,54.02
4261379.0,338768.3,430.3581,1054.78
4261380.0,338035.3,396.0604,986.85
4261382.0,335836.5,543.5189,234.74
4261382.0,346069.6,477.7634,565.31
4261383.0,336566.2,578.4634,2053.38
4261391.0,324841.1,528.353,1.17
4261398.0,331407.4,590.2747,6.9
4261399.0,339446.3,483.0061,1782.23
4261403.0,332125.2,407.2391,5.14
4261405.0,337237.1,619.9393,2920.22
4261409.0,343803.8,528.9275,354.79
4261418.0,332815.5,425.4131,27.22
4261422.0,327687.6,536.5247,2.52
4261425.0,336450.0,572.7589,1551.58
4261432.0,333505.7,448.6847,13.16
4261434.0,325460.4,531.6198,0.58
4261435.0,341538.4,639.3006,15.4
4261436.0,337151.3,614.9691,3146.79
4261438.0,337875.5,390.2521,1427.04
4261439.0,338604.6,423.9445,1072.58
4261439.0,345182.1,524.4529,79.95
4261447.0,334196.0,471.6583,39.25
4261449.0,340037.5,519.0109,574.89
4261458.0,334897.2,499.7545,55.82
4261458.0,337089.4,610.9355,3255.52
4261461.0,335620.3,533.4192,79.04
4261462.0,330501.6,572.072,0.99
4261465.0,340727.0,597.9236,405.49
4261466.0,342915.0,418.8998,439.99
4261471.0,346556.4,438.5026,984.62
4261472.0,329743.2,560.5234,1.84
4261475.0,337044.6,608.2056,3297.81
4261477.0,326074.8,529.2207,0.92
4261479.0,336301.5,564.2672,992.75
4261479.0,339226.6,469.6587,1861.84
4261481.0,331909.1,400.2184,3.38
4261486.0,337012.3,605.8256,3306.86
4261488.0,328966.5,549.5316,2.69
4261493.0,331147.5,583.7685,6.16
4261495.0,336989.1,604.2491,3301.39
4261496.0,332599.3,418.6335,19.01
4261496.0,337715.8,387.3127,2236.18
4261497.0,338444.8,416.9395,1143.72
4261497.0,344293.2,542.3377,180.69
4261501.0,336972.7,602.6915,3291.37
4261505.0,336960.0,601.2838,3280.11
4261510.0,336948.1,599.9784,3266.81
4261511.0,333289.6,439.9006,14.18
4261514.0,336936.4,598.9011,3250.89
4261518.0,336924.6,598.054,3232.22
4261519.0,328152.0,538.8396,0.41
4261523.0,336912.9,597.1096,3210.79
4261524.0,342026.2,604.5055,94.5
4261526.0,326668.8,531.1264,1.68
4261526.0,333979.8,462.6172,21.55
4261528.0,336897.8,596.2578,3179.87
4261528.0,345670.2,450.6915,260.91
4261531.0,323676.7,526.8728,10.99
4261536.0,336875.6,594.9657,3126.52
4261537.0,334681.1,488.6229,57.66
4261540.0,335404.2,523.7334,35.64
4261543.0,336126.4,554.4414,527.8
4261543.0,339779.1,494.0441,762.54
4261548.0,336844.3,592.9032,3036.01
4261548.0,339034.5,451.4844,1877.69
4261551.0,337566.4,388.7973,3311.8
4261554.0,343404.4,492.1809,394.91
4261555.0,338285.1,410.1746,1291.93
4261560.0,347043.3,402.7821,1483.51
4261562.0,331687.6,594.3909,2.43
4261563.0,336800.5,591.2716,2882.4
4261573.0,341160.6,621.2503,81.66
4261575.0,332383.2,411.5331,9.68
4261579.0,340413.1,567.8549,484.5
4261585.0,336740.0,588.5076,2627.27
4261585.0,344782.7,507.1733,93.17
4261588.0,324300.8,523.6522,2.3
4261589.0,330152.0,565.6275,1.43
4261590.0,333073.5,432.1121,19.4
4261591.0,327222.4,532.392,1.85
4261597.0,330861.1,577.7289,5.8
4261598.0,337437.0,387.8631,3891.62
4261605.0,329375.8,555.3407,3.09
4261605.0,333763.7,454.3173,11.99
4261612.0,342515.6,355.2525,450.67
4261613.0,338125.3,404.2223,1579.21
4261613.0,338858.4,438.834,1924.84
4261615.0,334464.9,480.3243,47.76
4261616.0,335924.3,543.7345,220.51
4261616.0,336656.3,583.9352,2223.56
4261617.0,346157.1,423.1192,624.75
4261618.0,335188.1,513.0546,31.45
4261626.0,328588.8,541.6549,0.59
4261631.0,324920.1,526.2375,0.57
4261632.0,339536.3,477.2143,1054.17
4261638.0,337327.2,382.6168,4329.74
4261642.0,343893.9,528.3769,437.1
4261649.0,331449.3,588.7324,4.99
4261654.0,332167.1,405.6801,4.55
4261658.0,336540.1,577.141,1650.87
4261668.0,332857.3,425.2445,23.08
4261669.0,337241.3,619.1154,3255.64
4261669.0,341628.4,611.4465,17.54
4261671.0,337965.6,398.5824,2106.41
4261672.0,338694.6,431.4566,2014.75
4261673.0,325534.5,529.5361,0.32
4261673.0,327729.5,535.3056,0.92
4261673.0,345270.8,446.3017,116.88
4261683.0,333547.6,447.6751,9.0
4261683.0,340127.6,525.3493,367.29
4261692.0,337179.4,614.6654,3401.01
4261694.0,334248.8,471.3457,28.7
4261695.0,335708.2,533.3572,62.09
4261697.0,334971.9,500.977,40.32
4261698.0,340817.1,604.5768,467.97
4261700.0,343005.1,453.2057,457.9
4261705.0,346643.9,394.1749,1067.93
4261708.0,337134.7,612.1096,3469.89
4261712.0,330543.4,569.5302,4.35
4261712.0,336391.5,566.0019,1027.12
4261712.0,339316.7,464.6886,1410.77
4261720.0,337102.3,610.1489,3497.16
4261722.0,326130.7,528.8455,0.48
4261722.0,329785.1,558.5399,2.14
4261728.0,337079.2,608.8387,3503.83
4261730.0,337805.8,395.4772,2955.23
4261730.0,338534.9,424.7466,2156.16
4261730.0,344383.3,501.7861,205.75
4261732.0,331950.9,399.4622,2.86
4261734.0,337062.8,607.6132,3501.78
4261739.0,329008.4,548.3785,2.82
4261739.0,337050.0,606.6651,3496.34
4261743.0,331189.4,582.3277,10.26
4261743.0,337038.2,605.8175,3488.1
4261747.0,332641.2,417.1907,18.76
4261747.0,337026.4,604.9751,3476.8
4261752.0,337014.7,604.2355,3462.34
4261756.0,337002.9,603.5618,3444.72
4261757.0,342116.3,590.0628,142.11
4261761.0,336987.9,602.8085,3418.09
4261762.0,333331.5,438.371,10.75
4261762.0,345757.7,411.5736,313.39
4261769.0,336965.7,601.1344,3369.68
4261770.0,328193.9,537.5113,0.21
4261773.0,334032.7,462.0456,14.2
4261774.0,335492.1,524.9581,24.05
4261776.0,334755.8,489.1431,46.52
4261776.0,336216.5,554.9508,536.19
4261777.0,326710.7,530.8087,0.93
4261777.0,339869.2,494.4823,357.76
4261781.0,336934.4,598.4832,3283.28
4261782.0,339124.6,455.0768,1818.63
4261784.0,337656.5,394.2652,3491.83
4261785.0,323760.4,526.6863,7.87
4261787.0,343494.5,504.5314,542.83
4261788.0,338375.1,418.4077,2382.03
4261794.0,347130.7,374.7055,1547.18
4261797.0,336890.6,595.894,3129.65
4261806.0,341250.6,582.4948,96.37
4261812.0,340503.2,567.2544,639.53
4261813.0,331729.4,593.5303,1.7
4261818.0,344871.5,462.1684,89.19
4261819.0,336830.1,592.8809,2864.17
4261826.0,332425.1,409.5886,11.09
4261828.0,324379.7,522.1647,1.55
4261831.0,337527.1,391.0194,4006.02
4261840.0,330193.8,562.9874,6.29
4261841.0,333115.3,430.2392,16.36
4261842.0,327264.2,530.161,0.85
4261845.0,342605.7,378.3816,482.95
4261846.0,338948.4,447.8211,2276.71
4261847.0,338215.4,411.723,2750.33
4261848.0,330903.0,574.0915,16.25
4261849.0,336746.3,587.7351,2429.98
4261850.0,336014.4,544.1797,229.31
4261851.0,333816.6,453.202,8.1
4261851.0,346244.5,385.4039,685.38
4261852.0,335275.9,513.9791,21.12
4261854.0,334539.7,480.4383,35.99
4261856.0,329417.7,553.5549,2.6
4261865.0,339626.4,482.2947,434.84
4261870.0,324994.2,524.9033,0.42
4261871.0,337417.3,385.0352,4412.13
4261875.0,343983.9,497.6128,525.0
4261877.0,328630.7,541.1729,1.1
4261891.0,336630.2,579.6215,1800.5
4261900.0,331491.1,586.4598,3.38
4261902.0,337331.4,378.9459,4657.22
4261902.0,341718.5,568.7683,42.0
4261904.0,332208.9,402.9773,6.04
4261905.0,338055.7,406.2164,3039.62
4261905.0,338784.7,441.1611,2745.22
4261907.0,345358.3,441.0487,138.97
4261916.0,340217.7,520.2098,361.12
4261919.0,325590.3,527.3705,0.28
4261919.0,332899.2,424.7374,20.26
4261923.0,327771.3,534.1241,0.25
4261925.0,337269.5,616.8739,3510.74
4261928.0,335798.2,532.4217,72.21
4261930.0,333600.4,444.8559,7.43
4261931.0,335059.8,501.1282,30.26
4261931.0,340907.2,557.3067,409.78
4261933.0,334323.5,471.347,18.7
4261933.0,343095.1,459.6363,533.6
4261940.0,346731.3,361.7241,1170.71
4261941.0,337224.8,614.7299,3590.5
4261945.0,339406.7,470.9967,612.25
4261946.0,336481.6,569.3402,1113.1
4261953.0,337192.4,612.7393,3627.73
4261961.0,337169.2,611.0488,3642.48
4261963.0,330585.3,566.1392,18.43
4261963.0,337895.9,402.1958,3306.94
4261964.0,338625.0,433.7372,3203.51
4261964.0,344472.1,476.4753,208.06
4261967.0,337152.9,610.029,3646.57
4261972.0,337140.1,609.4979,3646.11
4261973.0,326172.5,529.8182,0.44
4261973.0,329827.0,556.2772,4.66
4261976.0,337128.2,609.0292,3642.61
4261981.0,337116.5,608.432,3636.11
4261983.0,331992.8,597.67,4.01
4261985.0,337104.7,607.7715,3626.52
4261989.0,337093.0,607.0403,3613.8
4261990.0,329050.3,547.5951,2.17
4261990.0,342206.3,588.1844,196.34
4261994.0,331231.2,578.8277,8.26
4261995.0,337077.9,606.224,3593.47
4261996.0,345845.1,398.6097,343.01
4261998.0,332683.1,416.395,17.26
4262003.0,337055.8,604.7499,3554.25
4262007.0,335582.1,523.6402,29.61
4262009.0,333384.3,435.7433,10.92
4262009.0,336306.5,558.6372,581.93
4262010.0,334843.7,490.0744,36.41
4262010.0,339959.3,493.596,241.4
4262012.0,334107.4,461.2244,8.64
4262014.0,337024.4,602.0899,3480.44
4262015.0,339214.6,461.3191,932.36
4262017.0,337746.5,395.6398,3682.67
4262020.0,328235.7,537.3167,0.27
4262021.0,343584.6,476.4053,715.83
4262022.0,338465.2,425.6018,3650.03
4262024.0,323839.4,527.9956,6.34
4262028.0,326752.6,529.6075,0.69
4262028.0,347218.2,372.674,1597.34
4262030.0,336980.7,598.9626,3342.72
4262039.0,341340.7,547.1002,93.44
4262045.0,340593.3,530.7741,725.06
4262052.0,336920.2,595.4161,3094.03
4262053.0,344959.0,457.9112,86.37
4262064.0,331771.3,592.1462,3.33
4262064.0,337617.1,390.2697,4071.04
4262067.0,324453.8,520.8794,1.52
4262077.0,332466.9,407.7582,11.51
4262078.0,342695.8,381.8378,528.91
4262079.0,339038.5,453.2041,1447.62
4262080.0,338305.5,418.4816,3571.5
4262082.0,336836.4,590.0281,2669.84
4262083.0,336104.4,545.3155,259.9
4262085.0,346332.0,371.3452,756.57
4262086.0,335366.0,514.0546,24.0
4262087.0,333168.2,426.98,16.94
4262088.0,334627.5,479.8599,25.22
4262090.0,333891.3,452.0558,5.73
4262091.0,330235.7,560.182,16.91
4262093.0,327306.1,529.8567,0.41
4262098.0,330944.9,572.2057,18.42
4262098.0,339716.4,485.1171,210.35
4262104.0,337507.3,386.3926,4398.71
4262107.0,329459.5,551.0588,2.64
4262109.0,344072.7,475.8461,591.54
4262116.0,325050.0,523.8634,0.59
4262125.0,336720.2,582.3702,2027.58
4262127.0,328672.6,541.8507,1.53
4262135.0,341808.6,549.2249,73.87
4262136.0,337421.5,380.9046,4613.57
4262138.0,338145.7,413.3973,3481.96
4262139.0,338874.8,446.0974,2140.47
4262141.0,345445.8,431.3079,136.0
4262149.0,340307.7,507.3338,533.87
4262150.0,331533.0,585.2644,3.17
4262155.0,332250.8,400.3326,7.26
4262158.0,337359.6,618.3577,3475.89
4262162.0,335888.3,532.3216,96.76
4262164.0,335149.9,502.0432,29.93
4262164.0,340997.2,525.0457,403.48
4262166.0,332952.0,420.2008,18.65
4262166.0,343185.2,433.7156,632.28
4262167.0,334411.4,470.7116,11.15
4262169.0,333675.2,444.0496,7.19
4262170.0,325632.2,526.3287,0.49
4262174.0,327813.2,533.2699,0.25
4262174.0,337314.8,614.5757,3556.8
4262174.0,346818.8,354.2744,1280.71
4262178.0,339496.8,475.5125,292.35
4262179.0,336571.6,572.509,1293.36
4262186.0,337282.5,612.2698,3600.3
4262195.0,337259.3,611.1574,3622.37
4262196.0,337986.0,407.3817,3528.45
4262197.0,338715.0,439.7227,2937.9
4262198.0,344559.6,470.3344,180.78
4262201.0,337242.9,610.2768,3633.02
4262205.0,337230.2,609.7706,3638.43
4262210.0,337218.3,609.3018,3640.98
4262214.0,330627.2,565.8953,28.1
4262214.0,337206.5,608.6291,3641.03
4262218.0,337194.8,607.7358,3638.53
4262221.0,323299.1,536.1182,15.58
4262222.0,337183.1,606.7626,3633.43
4262224.0,326214.4,529.8673,0.83
4262224.0,329868.8,555.0873,8.6
4262224.0,342296.4,605.1757,259.41
4262228.0,337168.0,606.0667,3623.5
4262230.0,345932.6,376.2635,364.73
4262234.0,332034.7,595.0299,6.71
4262236.0,337145.8,605.1965,3600.91
4262240.0,335672.2,522.6317,45.2
4262241.0,329092.1,547.4013,1.53
4262243.0,334933.7,491.2293,30.16
4262243.0,336396.6,560.5405,700.62
4262243.0,340049.3,498.7926,312.38
4262245.0,331273.1,577.1078,3.52
4262245.0,332735.9,413.4909,14.21
4262246.0,334195.3,460.1887,5.14
4262247.0,337114.5,602.9443,3552.72
4262248.0,333459.0,435.559,12.82
4262248.0,339304.7,458.1063,426.19
4262251.0,337836.6,398.3346,3707.21
4262254.0,343673.4,460.6002,841.27
4262255.0,338555.3,432.0545,3697.51
4262263.0,323913.5,529.5722,6.03
4262263.0,337070.7,599.7652,3453.52
4262263.0,347305.6,358.0397,1637.14
4262271.0,328277.6,537.6791,0.65
4262273.0,341430.8,547.7736,76.17
4262279.0,326794.4,530.0384,1.04
4262279.0,340683.3,519.8934,858.76
4262285.0,337010.2,595.505,3259.04
4262287.0,345046.4,443.2327,85.17
4262298.0,337707.2,390.5187,3947.5
4262311.0,342785.8,379.1265,576.94
4262312.0,324509.7,521.6162,2.31
4262312.0,339128.6,444.7389,631.54
4262313.0,338395.5,423.9919,3704.2
4262315.0,331813.1,588.811,5.14
4262316.0,336194.5,547.1424,323.52
4262316.0,336926.5,590.2961,2900.65
4262319.0,335456.0,512.8455,33.34
4262319.0,346419.4,364.1659,845.4
4262322.0,334717.6,480.6511,17.05
4262323.0,332519.8,404.8622,9.16
4262324.0,333979.1,451.0158,4.57
4262326.0,333242.9,426.5751,19.32
4262332.0,339806.5,488.4475,207.65
4262338.0,337597.4,385.2375,4183.32
4262341.0,330277.6,558.9533,23.56
4262343.0,327348.0,529.0767,0.63
4262343.0,344160.2,475.2701,593.14
4262349.0,330986.7,571.1292,8.31
4262358.0,329501.4,551.2719,3.35
4262358.0,336810.3,583.6191,2310.66
4262366.0,325091.9,522.3942,1.99
4262368.0,341898.6,576.1803,114.04
4262369.0,337511.5,379.6912,4360.39
4262371.0,338235.8,417.0067,3513.17
4262372.0,338964.8,436.975,1076.97
4262376.0,345533.2,389.1728,125.84
4262378.0,328714.4,542.3366,1.33
4262383.0,340397.8,517.3709,816.89
4262391.0,337449.6,617.5584,3183.63
4262395.0,335978.4,534.952,130.56
4262397.0,335239.9,502.0347,31.17
4262398.0,341087.3,552.6591,360.47
4262400.0,334501.5,471.4948,6.71
4262400.0,343274.0,430.3967,705.0
4262401.0,331574.9,582.8377,3.4
4262402.0,332303.6,599.0593,5.7
4262403.0,333763.0,445.0881,7.76
4262405.0,333026.8,418.4306,18.68
4262408.0,337404.9,613.714,3264.43
4262408.0,346906.3,353.983,1402.91
4262412.0,336661.7,574.5561,1570.0
4262412.0,339586.9,480.74,224.38
4262419.0,337372.5,611.1646,3314.98
4262421.0,325674.1,527.0557,1.43
4262425.0,327855.1,532.8121,0.72
4262428.0,337349.4,610.1529,3345.91
4262429.0,338076.0,407.9542,3416.31
4262430.0,338805.1,430.4704,1712.41
4262432.0,344647.0,464.125,153.78
4262434.0,337333.0,608.9457,3364.72
4262438.0,337320.2,608.079,3377.55
4262443.0,337308.4,607.6402,3387.84
4262447.0,337296.6,607.1224,3396.37
4262451.0,337284.9,606.3864,3403.13
4262456.0,337273.1,605.6631,3408.06
4262457.0,342386.5,626.4549,327.24
4262460.0,323373.2,539.2251,15.7
4262461.0,337258.1,605.233,3411.93
4262465.0,330669.0,564.5254,16.16
4262465.0,346020.1,358.7871,392.88
4262469.0,337235.9,604.3319,3411.69
4262473.0,335762.2,524.0788,60.06
4262475.0,326256.3,529.5685,1.88
4262475.0,329910.7,554.2132,12.21
4262476.0,335023.8,491.4646,23.16
4262476.0,336486.6,562.8432,909.46
4262477.0,340139.4,522.0862,570.53
4262479.0,334285.3,461.5203,4.28
4262481.0,332087.5,594.2307,3.95
4262481.0,337204.6,602.3071,3398.82
4262482.0,333546.9,436.5555,15.27
4262482.0,339394.8,476.0632,289.33
4262484.0,332810.6,411.6269,12.58
4262484.0,337926.7,400.0647,3457.13
4262488.0,338645.3,421.5318,2422.52
4262489.0,343760.8,481.7569,872.51
4262492.0,329134.0,546.8377,1.15
4262496.0,331315.0,576.7135,2.02
4262496.0,337160.8,599.8716,3354.76
4262506.0,341520.8,583.9062,48.63
4262509.0,323969.4,530.6488,6.77
4262512.0,340773.4,554.2152,881.36
4262519.0,337100.3,596.3792,3242.82
4262521.0,345133.9,426.1737,65.04
4262522.0,328319.5,536.4531,1.12
4262530.0,326836.3,529.2955,2.24
4262531.0,337797.3,392.9353,3592.85
4262545.0,342874.6,397.9626,596.25
4262546.0,338485.6,411.4575,3016.23
4262546.0,339218.6,466.9381,383.06
4262549.0,336284.6,550.2854,420.73
4262549.0,337016.5,591.0594,2996.97
4262552.0,335546.1,512.3945,36.89
4262553.0,346506.9,641.1272,799.16
4262555.0,334807.7,482.3718,11.12
4262558.0,334069.2,452.1168,4.78
4262560.0,333330.8,427.8773,21.26
4262561.0,331866.0,586.3245,3.01
4262562.0,332594.5,404.8838,7.46
4262563.0,324551.6,523.8901,4.65
4262565.0,339896.6,520.3627,381.19
4262571.0,337687.4,386.0243,3764.82
4262578.0,344247.7,481.2926,568.56
4262591.0,336900.4,584.0016,2529.15
4262592.0,330319.4,558.2336,16.67
4262594.0,327389.8,529.0164,1.61
4262600.0,331028.6,569.1624,2.98
4262602.0,337601.6,381.2639,3917.1
4262602.0,341988.7,609.2773,165.41
4262605.0,338325.8,401.7453,3038.78
4262605.0,339054.9,464.1199,540.84
4262609.0,329543.3,551.4706,3.97
4262610.0,345620.7,366.4728,120.28
4262616.0,340487.9,549.8186,925.26
4262617.0,325133.7,522.1306,5.46
4262625.0,337539.7,619.4528,2708.68
4262628.0,336068.4,537.7551,173.34
4262629.0,328756.3,541.2361,1.16
4262631.0,335330.0,500.7975,24.95
4262631.0,341177.4,599.8022,237.23
4262633.0,334591.5,473.3501,4.89
4262634.0,343361.5,472.7752,709.19
4262636.0,333853.1,445.0107,9.97
4262639.0,333114.6,420.0337,18.52
4262641.0,332378.4,599.5527,3.86
4262641.0,337495.0,616.8962,2786.68
4262642.0,346993.7,636.3898,1105.07
4262645.0,336751.8,574.4433,1853.43
4262645.0,339676.9,520.749,276.12
4262648.0,331627.7,578.8834,2.12
4262653.0,337462.6,615.3247,2840.69
4262661.0,337439.4,613.8062,2877.12
4262663.0,338166.1,392.8691,2964.31
4262663.0,338895.2,451.4956,877.55
4262666.0,344734.5,468.942,125.01
4262667.0,337423.1,612.2147,2901.38
4262671.0,325715.9,526.9867,2.93
4262672.0,337410.3,611.109,2919.36
4262676.0,327896.9,532.2217,1.57
4262676.0,337398.4,610.3171,2935.17
4262680.0,337386.7,609.6547,2949.89
4262685.0,337374.9,609.2196,2963.57
4262689.0,337363.2,608.8819,2976.15
4262691.0,342475.3,364.5727,597.29
4262694.0,337348.1,608.7415,2990.75
4262699.0,346107.5,634.6227,473.06
4262702.0,337326.0,607.7672,3008.38
4262706.0,323429.0,539.859,16.89
4262707.0,335852.3,525.2035,71.22
4262709.0,335113.9,490.4108,14.48
4262709.0,336576.7,563.3565,1131.69
4262710.0,340229.5,555.7077,816.09
4262712.0,334375.4,463.0292,4.41
4262714.0,337294.6,605.3881,3024.82
4262715.0,333637.0,435.9221,18.11
4262715.0,339484.8,534.0249,259.8
4262716.0,330710.9,562.3262,4.35
4262717.0,338016.7,384.3081,2983.87
4262718.0,332898.5,412.3664,11.91
4262720.0,332162.3,593.284,2.46
4262722.0,338735.4,425.6513,1290.68
4262723.0,343848.3,509.5773,835.74
4262726.0,326298.1,529.2135,3.59
4262726.0,329952.6,552.734,10.97
4262730.0,337250.9,602.0676,3029.01
4262739.0,341610.9,641.4635,34.2
4262742.0,329175.8,545.1382,1.4
4262743.0,331367.8,573.1004,1.15
4262745.0,340863.5,610.9693,734.08
4262752.0,337190.3,598.1282,2995.3
4262755.0,345221.3,424.7506,46.15
4262760.0,324011.2,532.9564,8.49
4262764.0,337887.3,619.5897,1942.59
4262773.0,328361.3,534.8147,1.56
4262779.0,339308.7,528.73,307.0
4262779.0,342962.1,430.2562,582.84
4262780.0,326878.2,528.3935,4.23
4262780.0,338575.7,411.7167,1675.55
4262782.0,337106.6,592.6184,2869.44
4262783.0,336374.6,550.8564,552.67
4262785.0,335636.2,513.5575,34.28
4262788.0,334897.7,481.2157,7.38
4262788.0,346594.3,632.2867,918.71
4262791.0,334159.3,453.1539,7.44
4262794.0,333420.8,426.7969,20.46
4262796.0,332682.4,405.5658,7.09
4262798.0,339986.6,559.5945,658.98
4262800.0,331940.7,586.4506,1.86
4262804.0,337777.5,615.4369,2024.5
4262812.0,344335.1,496.3509,512.62
4262814.0,324593.4,524.6991,8.89
4262825.0,336990.4,584.6878,2559.27
4262835.0,337691.6,613.2061,2132.21
4262835.0,342077.5,359.5022,367.24
4262838.0,338415.9,402.6104,1962.02
4262838.0,339145.0,511.2156,393.09
4262843.0,330361.3,556.6368,4.26
4262844.0,345708.1,355.1674,122.19
4262845.0,327431.7,529.6235,2.78
4262847.0,331081.4,567.1796,0.83
4262849.0,340577.9,603.5595,923.57
4262858.0,337629.7,612.4,2226.39
4262859.0,329585.1,548.3193,3.71
4262861.0,336158.5,537.5532,228.07
4262864.0,335420.0,501.9324,17.21
4262864.0,341267.4,392.4102,235.8
4262867.0,334681.6,472.8113,5.01
4262868.0,325175.6,521.7236,9.14
4262868.0,343448.9,503.9452,706.26
4262869.0,333943.1,444.4303,15.29
4262872.0,333204.7,419.1804,15.39
4262874.0,337585.0,615.0176,2299.63
4262875.0,332466.2,599.8491,4.44
4262876.0,347081.2,602.0463,1212.99
4262878.0,339767.0,543.8777,481.19
4262879.0,336841.8,574.5709,2015.63
4262880.0,328798.2,538.8111,1.61
4262886.0,337552.7,616.9541,2353.53
4262887.0,331702.4,578.5305,1.65
4262894.0,337529.5,615.9562,2391.85
4262896.0,338256.2,395.236,2177.0
4262897.0,338985.2,480.3696,556.63
4262900.0,337513.1,614.5733,2418.55
4262901.0,344821.9,481.831,91.92
4262905.0,337500.3,613.525,2439.08
4262909.0,337488.5,612.6364,2457.81
4262914.0,337476.7,611.9926,2475.95
4262918.0,337465.0,611.5009,2493.63
4262922.0,325757.8,524.1225,4.07
4262922.0,337453.2,611.0233,2510.77
4262925.0,342562.7,397.9763,589.96
4262927.0,327938.8,530.5918,2.09
4262928.0,337438.2,610.8842,2532.01
4262933.0,346195.0,636.8635,532.97
4262936.0,337416.0,610.69,2561.22
4262940.0,335942.4,524.891,86.08
4262942.0,336666.8,563.1053,1356.64
4262943.0,335203.9,490.7953,9.16
4262943.0,340319.5,588.6874,850.31
4262945.0,334465.5,463.2456,6.99
4262947.0,337384.7,609.2499,2597.72
4262948.0,333727.0,435.8033,20.15
4262948.0,339574.9,528.3622,385.29
4262950.0,338106.8,385.7123,2394.78
4262951.0,332988.6,411.985,9.85
4262954.0,332250.1,592.6726,3.1
4262955.0,338825.5,443.6715,757.54
4262956.0,323470.9,539.4909,17.81
4262957.0,343935.8,529.7816,787.98
4262963.0,330763.7,561.1466,0.6
4262963.0,337340.9,604.4411,2637.14
4262973.0,341699.7,415.1871,66.67
4262976.0,326340.0,528.5122,5.24
4262976.0,329994.4,550.6396,4.43
4262978.0,340953.5,391.7068,748.3
4262981.0,331442.5,570.9668,1.41
4262985.0,337280.4,597.4137,2665.24
4262989.0,345308.8,408.4974,36.13
4262993.0,329217.7,542.6556,2.42
4262997.0,337977.4,618.8938,1530.4
4263011.0,324053.1,533.9854,10.47
4263012.0,339398.8,515.8388,365.65
4263013.0,338665.7,426.4504,954.7
4263014.0,343049.6,461.9996,663.77
4263016.0,336464.7,549.8939,725.07
4263016.0,337196.7,588.4695,2645.07
4263019.0,335726.2,510.8568,34.43
4263021.0,334987.8,480.0194,6.31
4263022.0,346681.8,623.1947,1086.0
4263024.0,328403.2,534.2889,2.11
4263024.0,334249.3,453.5313,14.41
4263027.0,333510.9,427.5178,16.06
4263030.0,332772.4,404.4667,6.55
4263031.0,326920.0,528.7177,5.12
4263031.0,340076.7,567.1596,791.28
4263034.0,332028.6,585.5229,2.53
4263037.0,337867.6,613.7592,1613.77
4263046.0,344422.6,503.8625,410.38
4263058.0,337080.5,575.688,2496.31
4263065.0,324635.3,524.6678,12.56
4263069.0,337781.7,606.5341,1707.9
4263070.0,342165.0,412.155,388.8
4263071.0,338506.0,417.1857,1126.11
4263072.0,339235.0,496.5635,400.71
4263078.0,345795.6,358.1443,139.7
4263082.0,340668.0,634.6991,905.89
4263086.0,331156.2,566.7817,1.06
4263090.0,330414.1,555.0094,0.39
4263091.0,337719.8,600.0449,1791.32
4263095.0,336248.6,537.0825,315.33
4263096.0,327473.6,528.46,2.84
4263097.0,335510.1,498.9524,14.87
4263098.0,341356.2,465.6325,100.3
4263100.0,334771.7,471.6568,7.1
4263102.0,343536.4,512.7887,792.93
4263103.0,334033.2,443.3658,21.82
4263105.0,333294.8,419.4702,10.19
4263107.0,337675.1,599.1577,1863.04
4263108.0,332556.3,600.0668,5.47
4263110.0,329627.0,545.1098,3.42
4263110.0,347170.3,557.0684,1339.85
4263111.0,339857.1,531.0168,635.02
4263112.0,336931.9,562.2498,2123.02
4263119.0,325217.5,519.0648,9.26
4263119.0,337642.7,599.6233,1917.9
4263121.0,331790.3,578.3635,2.35
4263128.0,337619.6,598.8332,1958.23
4263129.0,338346.2,408.8654,1294.84
4263130.0,339075.3,467.6693,472.46
4263131.0,328840.0,536.5863,2.92
4263134.0,337603.2,597.5726,1987.07
4263135.0,344909.4,461.3253,60.3
4263138.0,337590.4,596.3783,2009.7
4263143.0,337578.5,595.4015,2030.75
4263147.0,337566.8,594.6987,2051.59
4263151.0,337555.1,593.9875,2072.36
4263155.0,337543.3,593.1377,2093.03
4263159.0,342650.2,447.0663,567.56
4263161.0,337528.3,592.355,2119.37
4263167.0,346282.4,366.0984,631.05
4263169.0,337506.1,591.4609,2157.44
4263173.0,325799.7,522.4857,4.23
4263173.0,336032.4,524.5156,119.39
4263176.0,335294.0,488.0699,8.53
4263176.0,336756.8,550.1095,1527.16
4263176.0,340409.6,583.9074,888.08
4263177.0,327980.7,529.998,2.5
4263179.0,334555.5,463.9027,12.84
4263180.0,337474.8,589.8098,2209.37
4263181.0,333817.1,434.9006,18.26
4263181.0,339665.0,498.8819,518.88
4263184.0,333078.6,412.2849,6.93
4263184.0,338196.9,401.8329,1497.18
4263187.0,332340.2,594.2488,4.55
4263188.0,338915.5,438.5744,564.26
4263191.0,344023.2,520.6012,743.85
4263196.0,337431.0,585.0686,2276.28
4263201.0,330838.5,561.2062,0.61
4263207.0,323512.8,538.302,16.32
4263207.0,341787.2,437.6708,49.35
4263212.0,341042.3,427.3101,509.39
4263216.0,331530.4,571.6226,2.03
4263218.0,337370.5,578.8921,2353.82
4263223.0,330047.3,549.2783,1.1
4263224.0,345396.2,388.9161,33.24
4263227.0,326381.9,528.2202,5.69
4263231.0,338067.5,393.7905,1742.9
4263244.0,329259.6,540.7577,4.35
4263245.0,339488.8,477.9728,464.77
4263246.0,338755.8,420.7972,660.41
4263248.0,343137.0,492.7783,742.27
4263249.0,336554.8,535.9486,884.2
4263249.0,337286.7,571.1343,2421.04
4263252.0,335816.3,504.8109,44.97
4263255.0,335077.9,477.8761,7.82
4263255.0,346770.9,603.2698,1312.71
4263257.0,334339.4,454.8917,22.13
4263260.0,333601.0,429.2806,10.6
4263261.0,324095.0,533.6886,10.93
4263263.0,332862.5,405.6587,5.61
4263265.0,340166.8,544.0059,763.38
4263268.0,332118.6,584.9408,3.97
4263271.0,337957.6,385.9684,2024.84
4263274.0,328445.1,533.3911,2.58
4263280.0,344510.0,479.3578,273.67
4263282.0,326961.9,527.2807,4.3
4263291.0,337170.6,559.726,2414.56
4263302.0,337871.8,618.0693,1163.04
4263304.0,338596.0,411.0561,760.84
4263304.0,342252.4,445.3813,363.53
4263305.0,339325.1,469.0698,458.86
4263313.0,345883.1,366.3092,173.04
4263316.0,324677.2,524.7505,11.62
4263316.0,340756.8,637.3881,897.61
4263320.0,331244.0,565.8718,1.35
4263324.0,337809.9,607.6868,1264.28
4263328.0,336338.6,524.0397,413.21
4263329.0,330488.9,554.6573,0.25
4263331.0,335600.2,488.7364,19.24
4263332.0,341443.7,437.7554,51.18
4263333.0,334861.7,471.5739,10.82
4263336.0,334123.3,444.7846,22.95
4263337.0,343623.8,517.7292,905.78
4263339.0,333384.8,421.8451,6.42
4263341.0,332646.4,600.3601,6.07
4263341.0,337765.1,601.5981,1347.84
4263342.0,347263.2,529.5864,1433.32
4263345.0,337022.0,550.1761,2148.5
4263345.0,339947.1,514.9316,647.83
4263347.0,327515.4,527.7552,2.74
4263352.0,337732.8,598.3617,1413.14
4263354.0,331880.4,577.4986,3.39
4263357.0,329679.8,543.718,3.06
4263361.0,337709.6,596.6985,1462.08
4263362.0,338436.3,402.3517,887.14
4263363.0,339165.3,455.4576,481.88
4263367.0,337693.3,595.2572,1497.63
4263369.0,344996.9,425.4263,45.57
4263370.0,325259.3,518.2838,6.86
4263372.0,337680.5,594.1711,1525.86
4263376.0,337668.6,593.1874,1552.39
4263380.0,337656.9,592.3445,1578.92
4263381.0,328881.9,536.1255,4.62
4263384.0,337645.1,591.582,1605.64
4263389.0,337633.4,590.5882,1632.51
4263393.0,342737.6,497.732,565.66
4263394.0,337618.3,589.2152,1667.14
4263401.0,346371.6,378.3887,833.15
4263402.0,337596.2,587.3668,1718.09
4263406.0,336122.5,513.9157,163.91
4263409.0,335384.0,482.3163,11.63
4263409.0,336846.9,540.9202,1607.27
4263410.0,340498.4,569.2306,869.66
4263412.0,334645.6,464.5496,17.83
4263414.0,337564.8,584.4425,1789.47
4263415.0,333907.1,435.139,14.43
4263415.0,339755.0,495.1863,563.04
4263417.0,333168.7,414.1741,5.13
4263417.0,338286.9,397.8593,1062.78
4263420.0,332430.2,593.7732,5.64
4263421.0,339005.6,437.4582,520.78
4263424.0,325841.5,524.0211,3.57
4263426.0,344110.7,505.304,677.72
4263428.0,328022.5,530.0585,2.86
4263430.0,337521.1,579.8588,1885.47
4263435.0,330926.3,560.3069,1.0
4263441.0,341874.6,411.7465,61.48
4263446.0,341129.8,385.0343,347.47
4263449.0,331620.5,571.9021,2.37
4263452.0,337460.5,575.3711,2004.95
4263458.0,323554.6,536.8308,12.02
4263458.0,345483.7,362.9955,36.75
4263462.0,330122.0,549.8565,0.7
4263464.0,338157.5,394.0275,1285.43
4263478.0,326423.7,527.6625,5.19
4263479.0,338845.8,421.5732,568.67
4263479.0,339578.9,476.1096,516.95
4263482.0,336644.8,530.5647,993.57
4263482.0,337376.8,573.8186,2128.96
4263482.0,343224.5,524.7994,838.35
4263485.0,335906.4,501.3704,61.7
4263488.0,335167.9,476.7556,10.74
4263488.0,346863.9,576.693,1554.9
4263491.0,329312.4,540.4368,5.62
4263491.0,334429.5,455.8275,23.07
4263493.0,333691.0,428.6877,8.02
4263496.0,332952.6,406.8097,5.18
4263498.0,340255.6,519.9697,716.57
4263501.0,332208.7,585.8297,4.75
4263504.0,338047.7,387.5891,1543.0
4263512.0,324136.8,533.4476,9.07
4263514.0,344597.5,452.4627,172.81
4263524.0,337260.6,570.3783,2186.31
4263525.0,328486.9,533.0248,2.62
4263533.0,327003.7,527.259,3.66
4263535.0,337961.8,381.2592,1796.57
4263538.0,338686.1,409.7339,631.48
4263538.0,339415.2,462.3445,503.2
4263538.0,342339.9,454.6638,340.79
4263546.0,345972.2,371.4613,212.41
4263550.0,340844.3,610.4523,705.28
4263553.0,331334.1,564.1565,1.18
4263558.0,337899.9,618.8956,1051.94
4263561.0,336428.7,523.1166,491.06
4263563.0,330576.7,554.1532,0.76
4263564.0,335690.2,493.2884,25.29
4263566.0,324719.0,522.7608,7.55
4263566.0,341531.2,367.9513,35.81
4263567.0,334951.8,468.4095,13.37
4263569.0,334213.3,445.8859,19.36
4263571.0,343711.3,537.3315,864.7
4263572.0,333474.9,422.7079,5.57
4263574.0,337855.2,616.7364,1137.0
4263575.0,332736.4,600.0492,6.76
4263578.0,337112.0,565.0256,2034.79
4263578.0,340035.9,498.4303,597.59
4263586.0,337822.9,614.815,1202.94
4263587.0,331970.4,578.0159,3.63
4263594.0,337799.7,612.841,1252.16
4263596.0,329754.6,544.4461,2.84
4263596.0,338526.4,399.2402,728.93
4263596.0,339255.4,451.4237,510.3
4263597.0,327557.3,526.8262,3.08
4263600.0,337783.3,611.3535,1287.84
4263603.0,345084.3,399.8954,31.8
4263605.0,337770.5,610.4085,1316.16
4263609.0,337758.7,609.7652,1342.78
4263613.0,337746.9,609.2669,1369.41
4263618.0,337735.2,608.7339,1396.27
4263620.0,325301.2,519.2547,4.52
4263622.0,337723.4,607.9708,1423.31
4263627.0,337708.4,606.4476,1458.24
4263627.0,342825.1,518.45,690.25
4263628.0,328934.7,536.6825,4.81
4263633.0,346464.5,636.7834,1053.52
4263635.0,337686.2,604.0087,1509.88
4263640.0,336212.6,516.3554,198.19
4263642.0,335474.1,489.6981,14.27
4263642.0,336937.0,557.8635,1621.97
4263644.0,340585.9,559.7326,822.89
4263645.0,334735.7,458.7596,17.87
4263647.0,337654.9,600.9034,1582.91
4263648.0,333997.2,436.2984,12.61
4263648.0,339843.8,482.6688,531.03
4263650.0,338377.0,391.7507,880.04
4263651.0,333258.8,415.4002,5.24
4263653.0,332520.3,592.9131,6.56
4263655.0,339095.7,443.3188,529.71
4263660.0,344198.1,515.5226,558.71
4263663.0,337611.1,597.9064,1683.07
4263669.0,331016.4,558.4734,1.11
4263675.0,325883.4,525.5103,2.74
4263675.0,341962.1,390.4295,47.13
4263679.0,328064.4,530.3731,2.77
4263681.0,341217.3,617.5797,129.16
4263682.0,331710.5,571.8399,2.4
4263685.0,337550.6,595.1905,1812.84
4263691.0,345572.8,634.0991,118.73
4263696.0,330209.9,549.5506,1.07
4263697.0,338247.6,387.4046,1081.35
4263709.0,323596.5,536.4729,7.47
4263712.0,339667.7,469.4974,501.82
4263713.0,338935.9,428.8733,557.52
4263715.0,337466.9,593.5584,1960.82
4263716.0,336734.9,550.7201,1045.72
4263716.0,343311.9,563.6869,948.17
4263718.0,335996.4,510.685,67.88
4263719.0,346958.8,545.0404,1662.93
4263721.0,335258.0,483.3414,11.71
4263724.0,334519.5,449.7316,19.64
4263727.0,333781.1,429.1893,8.73
4263729.0,326465.6,527.709,4.36
4263729.0,333042.6,407.6972,5.65
4263730.0,329387.2,540.606,4.66
4263733.0,340343.0,518.0569,692.41
4263734.0,332298.8,586.38,5.21
4263737.0,338137.8,383.3757,1320.19
4263749.0,344684.9,440.0841,112.82
4263758.0,337350.7,589.4445,2069.81
4263763.0,324178.7,530.2226,6.19
4263768.0,338051.9,379.1833,1558.93
4263771.0,338776.2,412.4509,601.64
4263772.0,328539.8,532.3748,2.2
4263772.0,339503.9,456.5747,497.44
4263772.0,342427.3,454.5814,332.22
4263778.0,346065.1,637.1257,313.96
4263784.0,327045.6,526.771,3.27
4263784.0,340931.7,573.2157,433.32
4263786.0,331424.2,564.8409,1.29
4263791.0,337990.0,617.3686,1019.26
4263794.0,336518.8,543.7533,527.73
4263796.0,330666.8,553.1232,1.66
4263797.0,335780.3,507.0913,23.57
4263800.0,335041.9,470.8488,12.96
4263800.0,341618.6,632.4587,10.56
4263803.0,334303.4,441.2545,16.86
4263805.0,333564.9,423.8279,7.34
4263805.0,343798.8,568.6958,830.75
4263807.0,337945.3,614.4143,1106.49
4263808.0,332826.5,400.6252,5.63
4263812.0,337202.1,581.4979,1991.83
4263813.0,340123.4,500.8135,562.44
4263817.0,324760.9,518.5079,3.66
4263819.0,337912.9,613.1474,1173.78
4263821.0,332060.5,578.9457,3.73
4263827.0,337889.8,612.1233,1223.89
4263829.0,338616.4,400.1411,681.04
4263830.0,329842.4,544.6611,2.75
4263830.0,339344.2,446.6206,508.85
4263833.0,337873.4,611.4079,1260.18
4263837.0,345173.5,372.8169,26.38
4263838.0,337860.6,610.8174,1288.97
4263842.0,337848.7,610.3279,1316.01
4263847.0,337837.0,609.9134,1343.05
4263848.0,327599.2,526.147,2.98
4263851.0,337825.2,609.2846,1370.3
4263855.0,337813.5,608.46,1397.73
4263861.0,337798.4,607.0671,1433.19
4263862.0,342912.6,542.5173,821.09
4263864.0,346559.5,583.7622,1383.05
4263867.0,329009.5,537.3401,3.22
4263869.0,337776.3,604.9926,1485.64
4263871.0,325343.1,519.61,2.92
4263873.0,336302.6,533.1657,208.2
4263875.0,337027.0,571.5027,1636.45
4263876.0,335564.2,499.4762,11.85
4263878.0,334825.7,459.0735,15.77
4263878.0,340673.3,544.7654,671.37
4263880.0,337745.0,602.4578,1560.02
4263881.0,334087.3,435.3239,13.55
4263883.0,338467.1,390.2118,812.88
4263883.0,339931.3,487.9333,493.77
4263884.0,333348.8,417.0427,7.02
4263887.0,332610.4,595.1725,6.06
4263888.0,339184.4,439.8218,530.03
4263894.0,344285.6,500.8505,401.47
4263896.0,337701.2,600.0615,1662.75
4263902.0,331106.4,559.1305,1.25
4263910.0,342049.5,389.9092,41.62
4263915.0,331800.6,571.2845,2.57
4263915.0,341304.7,594.6929,55.31
4263918.0,337640.7,599.1663,1797.98
4263924.0,345665.7,625.1385,161.41
4263925.0,325925.3,524.3751,2.29
4263926.0,328117.2,528.4728,2.07
4263929.0,330299.9,548.1061,1.81
4263930.0,338337.7,383.1041,993.81
4263946.0,339024.7,427.5342,557.9
4263947.0,339755.2,474.4773,467.07
4263948.0,347061.0,521.1238,1455.7
4263949.0,336825.0,560.8728,1079.4
4263949.0,337556.9,596.8357,1957.87
4263950.0,343399.4,600.4654,1039.84
4263952.0,336086.5,522.1214,63.66
4263954.0,335348.0,487.7492,9.66
4263957.0,334609.6,450.7276,17.37
4263960.0,323638.4,536.0257,4.64
4263960.0,333871.1,428.8192,12.04
4263963.0,333132.7,410.1044,6.38
4263964.0,329475.0,539.8839,3.12
4263967.0,332388.8,588.6376,4.53
4263967.0,340430.5,523.9205,655.02
4263970.0,338227.8,620.6151,762.14
4263980.0,326507.5,526.4893,3.31
4263982.0,344774.1,415.397,81.31
4263991.0,337440.8,590.8492,2090.39
4264002.0,338142.0,617.1617,882.67
4264005.0,338865.0,413.82,599.61
4264006.0,339591.4,461.0451,466.12
4264006.0,342514.8,465.6954,354.13
4264010.0,346160.1,594.2809,444.63
4264011.0,328614.5,532.1159,1.53
4264014.0,324220.6,526.7522,3.46
4264019.0,341019.2,567.6802,229.51
4264020.0,331514.2,566.5144,1.69
4264024.0,338080.1,613.8737,986.54
4264028.0,336608.8,549.5221,550.52
4264029.0,330756.9,553.3209,2.56
4264030.0,335870.4,511.7677,18.08
4264033.0,335131.9,476.1769,11.41
4264035.0,327087.5,524.642,2.46
4264035.0,341706.1,633.8831,14.22
4264036.0,334393.5,443.0772,16.97
4264039.0,333655.0,423.1886,11.23
4264039.0,343886.2,574.7261,765.22
4264040.0,338035.3,610.6451,1070.37
4264041.0,332916.6,403.9335,4.9
4264045.0,337292.2,583.0251,2045.01
4264047.0,340210.8,506.1324,550.08
4264052.0,338003.0,608.5631,1135.44
4264054.0,332150.6,580.0387,3.41
4264061.0,337979.8,606.6688,1184.22
4264063.0,329932.5,544.0094,2.55
4264063.0,338705.2,402.8759,673.12
4264064.0,339431.7,450.4882,482.19
4264067.0,337963.4,605.8355,1219.75
4264068.0,324802.8,517.1039,1.42
4264069.0,345266.4,363.1738,28.31
4264071.0,337950.7,605.1311,1248.06
4264076.0,337938.8,604.4777,1274.76
4264080.0,337927.1,603.8932,1301.57
4264084.0,337915.3,603.3609,1328.74
4264088.0,337903.6,602.8288,1356.22
4264093.0,346661.6,551.0486,1648.32
4264094.0,337888.5,601.9592,1391.93
4264095.0,327652.0,525.559,2.06
4264096.0,343000.0,589.8649,920.01
4264101.0,329097.3,536.527,1.76
4264102.0,337866.4,600.8368,1445.22
4264106.0,336392.7,536.2638,214.64
4264109.0,335654.2,500.671,8.17
4264109.0,337117.1,572.1705,1709.12
4264112.0,334915.8,465.4429,14.79
4264113.0,337835.0,598.8918,1521.79
4264113.0,340760.8,544.5811,460.97
4264114.0,334177.3,435.826,16.59
4264117.0,333438.9,417.752,9.51
4264117.0,338555.8,393.8502,795.52
4264117.0,340018.7,492.3434,480.95
4264120.0,332700.4,598.4832,3.22
4264122.0,325384.9,519.1512,2.06
4264122.0,339271.9,442.0913,510.57
4264128.0,344374.7,469.4003,253.27
4264129.0,337791.3,595.9612,1629.73
4264135.0,331196.5,562.2537,1.53
4264144.0,342137.0,398.6188,51.7
4264149.0,331890.7,570.0708,3.0
4264149.0,341392.2,597.982,40.22
4264150.0,347237.7,495.7766,964.25
4264151.0,337730.7,593.6525,1777.01
4264155.0,345760.7,611.6346,231.78
4264163.0,330390.0,547.7811,2.54
4264164.0,338426.4,386.4134,964.14
4264165.0,328192.0,527.5164,1.32
4264176.0,325967.1,522.0738,2.23
4264181.0,339112.2,433.1581,548.47
4264181.0,339842.6,481.7461,449.83
4264182.0,336915.0,559.2377,1145.9
4264182.0,337647.0,590.9906,1963.93
4264185.0,336176.6,523.7186,61.94
4264185.0,343486.8,630.8492,1060.12
4264188.0,335438.1,487.9607,7.38
4264190.0,334699.7,456.5879,17.38
4264193.0,333961.2,427.0504,16.96
4264196.0,333222.8,412.3103,6.49
4264197.0,329565.1,539.9176,2.22
4264201.0,332478.9,592.1588,2.16
4264201.0,340518.0,525.3605,556.37
4264204.0,338316.6,378.914,1169.27
4264210.0,323680.2,535.5385,3.41
4264214.0,344867.0,417.5256,57.62
4264224.0,337530.8,585.7421,2150.29
4264230.0,326549.3,522.8006,2.29
4264235.0,338230.8,615.8545,853.47
4264239.0,338952.4,423.3515,600.39
4264239.0,346262.3,579.3604,656.18
4264240.0,339678.9,469.5082,445.01
4264241.0,342602.2,498.1398,430.63
4264245.0,328702.3,532.9236,0.94
4264253.0,331604.3,566.3441,2.62
4264253.0,341106.6,576.6317,169.5
4264258.0,338168.9,612.2853,947.97
4264261.0,336698.9,546.289,593.78
4264262.0,330846.9,556.0196,2.41
4264264.0,335960.4,512.7421,15.67
4264265.0,324262.4,526.3335,1.76
4264266.0,335222.0,476.9762,10.55
4264269.0,334483.5,447.685,18.72
4264269.0,341793.5,642.8401,19.39
4264272.0,333745.1,420.0224,15.44
4264273.0,343975.4,562.7875,647.66
4264274.0,338124.1,609.6527,1024.73
4264275.0,333006.6,407.4658,3.8
4264278.0,337382.2,578.4967,2172.94
4264281.0,327140.3,524.3681,1.5
4264281.0,340298.3,509.5905,520.67
4264286.0,338091.8,606.7346,1084.67
4264287.0,332240.6,583.411,1.63
4264294.0,338068.6,604.116,1129.87
4264295.0,346838.3,522.2147,1635.29
4264296.0,330022.6,543.5405,2.41
4264297.0,338792.7,412.3935,681.84
4264299.0,339519.1,458.52,459.64
4264300.0,338052.2,603.0944,1162.96
4264301.0,345361.4,357.6161,40.77
4264305.0,338039.5,602.521,1189.44
4264309.0,338027.6,602.087,1214.52
4264314.0,338015.8,601.7264,1239.8
4264318.0,338004.1,601.549,1265.54
4264319.0,324844.6,517.7224,0.63
4264322.0,337992.4,601.4034,1291.69
4264328.0,337977.3,600.6928,1325.86
4264330.0,343087.5,624.8269,1055.12
4264334.0,327726.7,525.1111,1.2
4264334.0,329187.4,536.3362,1.08
4264336.0,337955.1,599.4387,1377.29
4264340.0,336482.8,534.8327,236.45
4264342.0,335744.3,501.7288,6.6
4264342.0,337207.2,568.6724,1864.62
4264345.0,335005.9,466.2888,15.12
4264347.0,337923.8,597.7598,1452.24
4264347.0,340848.2,562.084,362.66
4264348.0,334267.4,437.9658,20.5
4264350.0,333528.9,416.3671,10.7
4264351.0,338643.3,401.2892,808.5
4264351.0,340106.2,497.5753,473.69
4264353.0,332790.5,399.8839,2.39
4264357.0,339359.4,458.1726,491.62
4264360.0,344467.6,467.3064,151.95
4264363.0,337880.0,595.9208,1560.39
4264368.0,331286.6,563.6329,2.2
4264373.0,325426.8,518.5716,1.85
4264378.0,342224.4,411.7908,57.77
4264382.0,331980.7,572.7591,1.57
4264383.0,341479.6,617.7351,37.85
4264384.0,345862.9,605.7001,308.56
4264385.0,337819.5,592.1167,1713.77
4264396.0,330480.0,549.0039,2.55
4264398.0,338513.9,392.4124,977.62
4264399.0,328279.8,529.529,0.83
4264415.0,337005.1,556.9685,1265.2
4264415.0,339199.6,460.62,539.38
4264415.0,339930.1,492.0837,447.71
4264416.0,337735.8,586.3627,1923.21
4264418.0,336266.6,524.3329,71.21
4264418.0,343576.0,630.3213,1059.0
4264421.0,335528.2,489.767,6.51
4264424.0,334789.7,455.8717,17.93
4264426.0,334051.3,427.5225,21.56
4264427.0,326009.0,519.4598,2.31
4264429.0,333312.8,412.2229,5.76
4264430.0,329655.1,539.8872,1.81
4264434.0,332569.0,594.2928,1.22
4264435.0,340605.4,549.0006,451.88
4264438.0,338404.1,384.3936,1179.43
4264440.0,346438.9,556.6554,972.02
4264446.0,344962.0,416.4498,47.69
4264458.0,337619.6,580.9385,2170.13
4264461.0,323722.1,535.2412,3.26
4264470.0,338318.2,620.5704,866.89
4264472.0,347082.3,500.0408,1141.63
4264473.0,339039.9,455.7414,606.12
4264475.0,339766.3,491.5791,442.26
4264475.0,342689.7,536.9206,602.03
4264477.0,326602.2,521.0909,1.56
4264478.0,328792.4,532.5119,0.61
4264486.0,331694.4,567.1784,1.78
4264487.0,341194.1,619.1683,138.47
4264492.0,338256.3,616.9708,955.08
4264494.0,336789.0,545.9035,658.45
4264496.0,330937.0,557.9942,2.35
4264497.0,336050.5,512.5726,19.2
4264500.0,335312.0,478.426,10.75
4264502.0,334573.6,446.1342,19.45
4264503.0,341881.0,372.8991,16.11
4264505.0,333835.1,418.8126,16.96
4264505.0,344068.3,525.7297,433.46
4264508.0,333096.7,406.9997,3.2
4264508.0,338211.6,612.9831,1025.78
4264512.0,337471.0,573.6156,2292.92
4264515.0,324304.3,525.8383,1.21
4264515.0,340385.8,535.1401,434.48
4264520.0,327215.1,524.8348,0.88
4264520.0,338179.3,609.2109,1080.62
4264521.0,332330.7,587.2647,1.01
4264529.0,338156.1,606.3995,1121.86
4264529.0,345463.5,623.8137,289.0
4264530.0,330112.6,542.6558,2.21
4264531.0,338880.1,444.7691,705.03
4264533.0,339606.6,487.1629,453.81
4264535.0,338139.7,605.3729,1152.01
4264539.0,338126.9,605.0499,1176.11
4264544.0,338115.1,604.8121,1198.92
4264548.0,338103.3,604.6437,1221.93
4264552.0,338091.6,604.5696,1245.34
4264556.0,338079.8,604.3568,1269.15
4264562.0,338064.8,603.5765,1300.25
4264564.0,343176.6,626.1797,1422.69
4264568.0,327814.6,525.7061,0.76
4264568.0,329277.5,537.348,0.87
4264570.0,324886.5,517.6076,0.59
4264570.0,338042.6,602.3677,1347.17
4264573.0,336572.8,533.9338,266.14
4264576.0,335834.4,501.6965,7.97
4264576.0,337295.9,564.2235,2045.84
4264578.0,335095.9,467.2844,15.45
4264581.0,334357.5,436.8226,21.81
4264581.0,338011.3,600.577,1415.8
4264581.0,340935.7,605.2908,316.74
4264584.0,333619.0,414.4748,8.76
4264585.0,340193.7,519.9248,427.79
4264586.0,332880.6,399.9962,2.47
4264586.0,338730.8,428.6793,848.34
4264586.0,346039.6,588.4814,373.72
4264591.0,339446.8,478.2178,483.68
4264591.0,344562.6,460.5411,91.06
4264597.0,337967.5,598.2281,1515.7
4264602.0,331376.6,562.8482,2.16
4264612.0,342311.9,451.5472,81.78
4264615.0,332070.8,578.2096,0.97
4264617.0,341567.1,366.4341,26.62
4264618.0,346682.9,520.9856,1230.3
4264619.0,337907.0,593.4795,1660.15
4264624.0,325468.7,517.9382,2.26
4264629.0,330570.1,549.9566,2.06
4264632.0,328369.9,528.945,0.61
4264633.0,338601.4,412.8776,1030.4
4264649.0,337093.9,553.561,1402.19
4264649.0,339287.1,474.2212,534.74
4264649.0,340017.5,509.0061,423.63
4264649.0,347327.0,476.841,609.16
4264650.0,337823.3,587.5476,1866.16
4264650.0,343668.9,587.8819,1108.47
4264651.0,336356.7,522.0874,84.4
4264654.0,335618.2,491.2749,7.48
4264657.0,334879.8,456.4063,16.73
4264660.0,334141.3,428.2626,21.19
4264662.0,333402.9,409.8558,3.76
4264663.0,329745.2,538.8907,1.56
4264667.0,332659.0,594.8303,2.26
4264670.0,340692.9,576.8566,387.54
4264673.0,338491.6,396.5484,1240.1
4264674.0,326061.8,518.5851,2.39
4264675.0,345064.1,373.3922,46.38
4264692.0,337707.1,581.2585,2134.84
4264704.0,338405.7,384.2305,1446.8
4264707.0,339127.3,468.7527,612.55
4264708.0,342778.8,571.6484,930.08
4264709.0,339853.8,505.1361,429.35
4264711.0,328882.5,532.1642,0.49
4264712.0,323764.0,534.3199,4.25
4264716.0,326676.9,522.05,1.18
4264719.0,331784.4,570.5301,1.12
4264721.0,341281.5,365.5662,97.7
4264726.0,338343.8,620.9697,1035.03
4264728.0,336877.7,543.6265,720.59
4264729.0,331027.1,556.6849,2.51
4264730.0,336140.6,510.2335,24.89
4264731.0,345640.2,599.0246,269.44
4264733.0,335402.1,478.6729,11.41
4264736.0,334663.7,445.1086,16.95
4264737.0,341968.4,420.6213,15.74
4264737.0,344163.3,481.8918,291.82
4264738.0,333925.2,419.9197,12.82
4264741.0,333186.8,403.3143,2.27
4264743.0,338299.1,616.3375,1104.21
4264746.0,337558.5,572.1588,2333.76
4264749.0,340473.2,559.9484,350.1
4264754.0,327302.9,524.4035,0.65
4264754.0,332420.7,588.9569,2.03
4264754.0,338266.7,613.4103,1156.92
4264763.0,330202.7,542.0062,1.83
4264763.0,338243.6,611.3581,1196.03
4264763.0,346283.6,545.5961,477.9
4264765.0,338967.6,453.6586,729.79
4264766.0,324346.2,525.2932,1.68
4264767.0,339694.0,500.3908,445.51
4264769.0,338227.2,610.3013,1224.36
4264773.0,338214.4,609.4274,1246.87
4264778.0,338202.5,608.7178,1268.07
4264782.0,338190.8,608.303,1289.34
4264786.0,338179.0,608.0703,1310.9
4264791.0,338167.3,607.7642,1332.73
4264795.0,346927.6,490.3788,1171.64
4264796.0,338152.2,607.1813,1361.11
4264796.0,343269.5,607.6662,1892.96
4264801.0,327904.7,525.212,0.64
4264801.0,329367.5,536.2224,0.85
4264804.0,338130.1,606.3377,1403.67
4264807.0,336661.6,533.7854,290.32
4264809.0,335924.4,498.2856,10.1
4264810.0,337383.4,561.7328,2171.52
4264812.0,335186.0,466.1938,14.26
4264814.0,334447.5,435.2323,17.97
4264815.0,341023.1,354.1813,276.19
4264816.0,338098.7,604.2041,1465.41
4264817.0,333709.1,411.8291,4.71
4264819.0,340281.1,538.2878,333.62
4264820.0,324928.3,517.365,1.21
4264820.0,332970.6,599.0995,2.79
4264820.0,338818.2,436.5484,895.27
4264820.0,344664.8,426.4058,64.71
4264825.0,339534.3,481.495,475.18
4264831.0,338055.0,600.331,1554.53
4264835.0,331466.7,563.2609,1.7
4264846.0,342401.0,503.4404,172.6
4264848.0,332160.9,579.6489,1.58
4264852.0,341654.5,407.1956,21.67
4264854.0,337994.5,595.3116,1682.67
4264863.0,330660.2,548.9906,1.77
4264865.0,328459.9,527.6144,0.57
4264867.0,338688.8,420.8069,1097.89
4264871.0,325521.5,517.8708,3.28
4264876.0,345240.8,629.4573,245.29
4264882.0,343763.9,530.9801,1011.81
4264883.0,337181.4,551.2357,1514.85
4264883.0,339374.6,464.6686,526.42
4264883.0,340105.0,519.8068,348.28
4264884.0,337910.7,589.8358,1866.05
4264885.0,336445.5,521.037,94.44
4264887.0,335708.3,488.2363,8.18
4264890.0,334969.9,455.5394,13.73
4264893.0,334231.4,427.5609,14.68
4264896.0,333492.9,405.9112,1.7
4264897.0,329835.3,538.5657,1.38
4264900.0,332749.1,594.3669,3.87
4264904.0,340780.3,610.4857,339.03
4264907.0,338579.0,403.4669,1323.32
4264908.0,345884.2,573.175,211.87
4264913.0,326136.6,518.2359,2.43
4264926.0,337794.5,581.762,2113.14
4264938.0,338493.1,390.8851,1538.82
4264940.0,346528.2,509.5277,670.68
4264941.0,339214.8,453.3033,610.43
4264941.0,342871.8,580.422,1288.55
4264943.0,339941.2,502.7442,368.85
4264945.0,328972.5,532.2325,0.51
4264950.0,326764.7,521.9947,1.09
4264953.0,331874.5,572.9787,1.27
4264956.0,341369.0,395.4301,78.46
4264961.0,338431.2,383.9214,1716.92
4264962.0,331117.1,555.137,2.47
4264962.0,336965.2,540.8443,771.45
4264963.0,323805.8,533.426,7.3
4264964.0,336229.4,507.2001,29.04
4264965.0,344265.4,469.1169,191.87
4264966.0,335492.2,477.4253,10.66
4264969.0,334753.7,444.1645,12.97
4264971.0,342057.6,466.5045,22.04
4264971.0,347174.3,461.8733,748.07
4264972.0,334015.3,419.3796,6.81
4264974.0,333276.8,401.4095,1.19
4264977.0,338386.5,379.1499,1857.76
4264980.0,337646.0,571.5398,2325.37
4264984.0,340560.7,570.1212,275.48
4264987.0,332510.8,589.0561,3.91
4264988.0,327393.0,523.953,0.69
4264989.0,338354.2,619.5498,1283.94
4264996.0,330292.8,541.8029,1.52
4264997.0,338331.0,618.6296,1323.15
4265000.0,339055.1,437.0234,741.62
4265001.0,339781.5,488.2495,397.04
4265003.0,338314.6,617.8071,1351.2
4265008.0,338301.9,616.6889,1373.28
4265012.0,338290.0,615.6523,1393.9
4265016.0,338278.2,614.8188,1414.45
4265017.0,324388.0,526.4065,4.14
4265021.0,338266.5,614.1194,1435.1
4265022.0,344841.4,390.4014,57.04
4265025.0,338254.7,613.4453,1455.86
4265027.0,343364.5,583.1511,2241.02
4265030.0,338239.7,612.4043,1482.66
4265034.0,329457.6,535.4029,0.91
4265035.0,327994.7,524.9903,0.75
4265038.0,338217.5,610.9733,1522.38
4265041.0,336749.1,532.1894,312.93
4265043.0,336013.2,494.3223,11.09
4265044.0,337470.9,561.3923,2222.05
4265045.0,335276.0,465.5457,11.99
4265048.0,334537.6,434.2819,12.11
4265050.0,333799.1,409.3768,2.17
4265050.0,338186.2,608.6956,1579.11
4265050.0,341110.6,403.331,240.88
4265053.0,333060.7,597.9836,1.63
4265054.0,338905.7,423.0135,925.33
4265054.0,340368.6,547.9057,231.1
4265054.0,345484.8,624.769,191.38
4265059.0,339621.8,475.0215,436.51
4265066.0,338142.4,605.6544,1659.2
4265067.0,324981.2,517.3313,3.56
4265068.0,331556.8,567.9896,1.38
4265078.0,342494.0,532.7139,228.74
4265082.0,332250.9,580.6549,2.86
4265085.0,341743.7,439.3138,21.08
4265085.0,346128.9,547.5241,204.88
4265088.0,338081.9,600.9958,1771.07
4265096.0,330750.2,546.7278,1.88
4265098.0,328550.0,528.6564,0.65
4265101.0,338776.3,413.8235,1145.34
4265109.0,325596.2,517.4414,4.62
4265111.0,343866.0,530.7634,767.65
4265116.0,346774.9,485.3183,838.58
4265117.0,339462.0,463.7638,496.37
4265118.0,337268.8,551.6931,1585.04
4265118.0,337998.2,593.9481,1926.0
4265118.0,340192.4,527.9175,244.73
4265119.0,336533.0,520.8329,105.93
4265121.0,335797.1,484.7805,7.65
4265123.0,335059.9,454.7407,11.2
4265126.0,334321.5,425.9798,8.17
4265129.0,333583.0,400.9373,0.91
4265130.0,329925.3,538.0394,1.3
4265134.0,332839.2,593.2082,2.76
4265138.0,340867.8,372.7127,390.01
4265141.0,338666.5,404.3505,1383.85
4265147.0,326224.4,517.571,2.5
4265160.0,323265.5,532.519,19.87
4265160.0,337882.0,584.046,2128.9
4265167.0,344442.1,459.1473,136.58
4265172.0,338580.6,396.4745,1606.05
4265172.0,342966.7,585.2106,1387.76
4265176.0,339302.3,458.6599,590.52
4265177.0,340028.7,510.4313,271.05
4265178.0,329062.6,533.0889,0.65
4265183.0,326854.8,521.8452,1.3
4265186.0,331964.5,574.7592,1.82
4265189.0,341458.1,449.9901,68.34
4265195.0,338518.7,391.8033,1785.77
4265196.0,331207.2,556.881,2.14
4265196.0,337052.7,539.6456,809.88
4265198.0,336316.8,505.2228,34.32
4265199.0,345085.4,381.5524,54.36
4265200.0,335581.0,475.7255,9.06
4265202.0,334843.8,444.3035,10.19
4265203.0,342150.5,505.9564,51.15
4265205.0,334105.3,416.5405,3.63
4265208.0,333366.9,599.0325,0.69
4265211.0,338474.0,388.0524,1925.38
4265214.0,323847.7,534.1765,13.97
4265215.0,337733.4,573.5387,2302.68
4265218.0,340648.1,606.8946,189.77
4265220.0,332600.9,586.7917,3.44
4265221.0,327483.0,523.456,0.99
4265223.0,338441.6,385.2634,2031.18
4265230.0,330382.8,540.9073,1.41
4265231.0,338418.5,383.1272,2109.29
4265231.0,345729.5,608.6441,118.56
4265234.0,339142.5,454.7754,733.74
4265235.0,339869.0,497.6083,310.38
4265237.0,338402.1,381.6179,2165.64
4265242.0,338389.3,380.0984,2210.25
4265246.0,338377.4,378.9062,2252.14
4265250.0,338365.7,620.1286,1531.72
4265255.0,338354.0,618.9601,1551.78
4265256.0,343466.7,598.3294,1914.08
4265259.0,338342.2,617.9083,1571.78
4265262.0,346375.5,531.104,277.77
4265264.0,324440.9,526.3988,11.16
4265265.0,338327.1,616.5605,1597.37
4265267.0,329547.6,534.2849,1.06
4265268.0,328084.8,526.0282,1.0
4265273.0,338305.0,614.7637,1634.76
4265275.0,336836.5,527.2903,335.06
4265277.0,336100.7,493.7738,12.97
4265278.0,337558.3,563.5948,2210.56
4265279.0,335364.8,465.0702,10.41
4265281.0,334627.7,434.7044,8.47
4265283.0,341199.7,467.133,195.59
4265284.0,333889.2,406.9762,1.53
4265284.0,338273.7,612.2342,1687.13
4265286.0,333150.8,595.3783,1.26
4265288.0,338993.1,438.8438,925.35
4265288.0,340456.0,576.0845,159.8
4265292.0,347022.9,464.8603,832.82
4265294.0,339709.2,481.4591,364.17
4265300.0,338229.9,609.1391,1759.02
4265302.0,331646.8,571.9823,1.29
4265306.0,325055.9,517.1331,8.29
4265310.0,342588.9,558.5763,321.92
4265313.0,344042.7,561.963,487.61
4265315.0,332341.0,580.4271,3.08
4265317.0,341836.6,495.6173,31.04
4265322.0,338169.4,604.9474,1855.37
4265329.0,330840.3,545.1768,2.21
4265332.0,328640.1,530.8228,0.83
4265335.0,338863.8,417.5166,1146.54
4265343.0,325684.1,516.0403,5.3
4265344.0,344686.1,428.1831,108.01
4265352.0,337356.3,552.1015,1611.86
4265352.0,338085.6,597.5878,1980.83
4265352.0,339549.5,469.8195,439.12
4265352.0,340279.9,550.0918,164.06
4265354.0,336620.4,517.2743,119.67
4265355.0,335884.6,485.5207,8.13
4265357.0,335148.7,455.013,10.36
4265359.0,334411.5,425.5745,5.37
4265362.0,333673.1,399.3725,0.96
4265363.0,330015.4,537.5575,1.4
4265367.0,332929.2,589.403,2.04
4265372.0,340956.9,438.7789,372.68
4265375.0,338753.9,403.2215,1380.75
4265376.0,345330.1,365.3957,49.41
4265380.0,326314.5,517.3524,2.59
4265395.0,337969.5,586.7663,2132.41
4265401.0,343068.9,611.3432,1461.76
4265406.0,338668.1,395.7949,1594.22
4265407.0,345976.2,572.1462,104.47
4265410.0,323307.4,532.4109,28.09
4265410.0,339389.7,475.6433,546.36
4265411.0,329152.7,532.3799,0.93
4265411.0,340116.2,532.462,188.28
4265417.0,326944.9,522.2944,1.78
4265419.0,332054.6,575.4011,2.14
4265421.0,341551.0,510.4485,70.66
4265429.0,331297.2,560.4653,1.67
4265429.0,338606.2,391.7078,1763.72
4265430.0,337140.1,538.0325,839.53
4265432.0,336404.3,505.7161,42.12
4265434.0,335668.4,475.3789,8.97
4265435.0,342245.5,535.6044,97.56
4265436.0,334932.6,444.6908,9.55
4265437.0,346623.6,505.9961,432.16
4265438.0,334195.4,414.6891,2.88
4265441.0,333456.9,595.6985,1.25
4265445.0,338561.4,387.9308,1893.59
4265449.0,337820.9,575.5825,2246.53
4265451.0,340737.3,406.5189,440.74
4265454.0,327573.1,523.3815,1.5
4265454.0,332690.9,582.9294,2.69
4265457.0,338529.1,384.8898,1990.99
4265458.0,343643.3,635.6053,1219.86
4265461.0,323900.5,533.615,23.68
4265463.0,330472.9,539.5004,1.48
4265465.0,338505.9,382.4418,2062.35
4265468.0,339230.0,477.7665,695.92
4265468.0,347271.0,448.8941,725.0
4265470.0,339956.4,509.5217,231.59
4265471.0,338489.5,380.5261,2113.55
4265476.0,338476.8,621.0317,1509.27
4265480.0,338464.9,619.888,1527.76
4265485.0,338453.2,619.1947,1545.9
4265489.0,338441.4,618.2301,1563.88
4265490.0,344286.7,506.8104,299.13
4265493.0,338429.7,616.8417,1581.67
4265499.0,338414.6,614.8046,1604.29
4265501.0,328174.9,526.7001,1.25
4265501.0,329637.7,533.7371,1.33
4265503.0,324515.6,523.9762,21.09
4265507.0,338392.4,612.8178,1637.04
4265509.0,336924.0,524.3493,360.11
4265511.0,336188.2,494.7256,17.44
4265512.0,337645.8,564.3195,2142.73
4265513.0,335452.3,464.128,10.72
4265515.0,334716.4,434.1872,7.71
4265515.0,341292.7,514.4043,193.18
4265517.0,333979.3,405.4174,1.77
4265518.0,338361.1,610.8534,1682.2
4265520.0,333240.8,590.5308,1.88
4265521.0,340545.2,361.8523,416.31
4265521.0,344930.7,379.7413,87.78
4265522.0,339080.6,449.8264,879.96
4265528.0,339796.7,479.3217,294.12
4265534.0,338317.3,607.5998,1742.68
4265535.0,331736.9,570.9967,1.31
4265538.0,342691.1,566.237,610.16
4265540.0,325143.8,515.5847,11.29
4265548.0,332431.0,577.7195,2.63
4265549.0,341931.6,514.4171,45.48
4265552.0,345576.8,602.2483,109.82
4265556.0,338256.8,604.3943,1821.01
4265562.0,330930.4,546.0456,2.54
4265565.0,328730.1,531.0747,1.18
4265569.0,338951.2,412.2387,1080.85
4265577.0,325774.2,515.4099,4.7
4265583.0,346224.2,543.223,151.98
4265585.0,340369.1,606.7814,130.97
4265586.0,337443.7,552.0395,1600.73
4265586.0,339636.9,461.5727,377.57
4265587.0,338173.1,597.4624,1918.08
4265588.0,336707.9,514.6313,137.73
4265590.0,335972.0,484.5401,11.21
4265591.0,335236.2,454.5065,11.43
4265593.0,334500.3,424.1715,5.08
4265595.0,333763.1,399.3716,1.52
4265597.0,330105.5,536.5225,1.56
4265600.0,333019.3,584.4646,2.44
4265603.0,343245.6,633.1646,1405.62
4265604.0,341049.8,477.2753,409.68
4265609.0,338841.4,394.39,1287.07
4265613.0,326404.6,518.0872,2.63
4265613.0,346871.6,472.2924,602.08
4265629.0,338056.9,587.1265,2028.81
4265635.0,343887.3,571.6074,718.41
4265641.0,338755.5,388.936,1471.22
4265644.0,329242.7,531.8903,1.25
4265644.0,339477.2,458.3336,487.34
4265645.0,340205.3,568.8022,154.64
4265650.0,327034.9,522.6684,2.31
4265652.0,332144.7,573.689,1.97
4265653.0,341646.0,494.949,82.53
4265657.0,323360.2,532.5102,33.44
4265662.0,331387.3,558.7312,1.33
4265663.0,338693.6,384.7091,1615.31
4265663.0,342347.6,518.0243,202.52
4265665.0,337227.6,538.5764,862.91
4265666.0,336491.7,505.8966,53.54
4265667.0,344531.4,405.7661,188.56
4265668.0,335755.9,473.9495,11.6
4265670.0,335020.1,444.5384,10.9
4265672.0,334284.2,415.0871,3.12
4265674.0,333547.0,593.9346,2.58
4265679.0,338648.9,381.9655,1724.66
4265683.0,337908.3,575.6617,2107.93
4265684.0,340830.2,439.0044,461.85
4265687.0,327663.2,523.5857,1.82
4265687.0,332781.0,579.0961,2.72
4265691.0,338616.5,380.8729,1806.13
4265696.0,330562.9,538.9644,1.59
4265698.0,345177.4,610.6173,256.4
4265699.0,323975.3,532.1583,28.99
4265700.0,338593.4,379.0919,1865.56
4265702.0,339317.4,451.667,627.6
4265703.0,340045.6,518.1325,199.02
4265706.0,338577.0,619.2998,1333.47
4265710.0,338564.2,617.5012,1348.45
4265715.0,338552.4,616.0991,1362.21
4265719.0,338540.6,614.883,1375.7
4265723.0,338528.9,613.4992,1389.05
4265727.0,338517.1,611.7734,1402.26
4265728.0,345824.8,552.6472,102.61
4265733.0,338502.1,610.2888,1419.03
4265734.0,328264.9,527.4156,1.36
4265734.0,329727.8,533.7966,1.59
4265737.0,324603.5,522.2105,22.16
4265740.0,342867.8,575.0764,956.35
4265741.0,338479.9,609.5998,1443.28
4265743.0,337011.5,523.9814,389.64
4265745.0,336275.6,495.4277,25.46
4265747.0,335539.8,462.9619,13.51
4265747.0,337733.3,563.4529,2025.08
4265747.0,341387.6,468.5458,173.99
4265749.0,334803.9,433.8244,8.96
4265751.0,334068.1,407.0386,2.23
4265752.0,338448.6,609.0929,1476.75
4265753.0,333330.9,587.3354,3.25
4265754.0,340638.1,384.0237,363.67
4265757.0,339168.1,426.2025,788.28
4265759.0,346472.2,498.0957,246.69
4265761.0,339885.8,473.3566,261.12
4265768.0,331827.0,566.2392,1.2
4265768.0,338404.8,605.9337,1521.8
4265773.0,325233.8,514.4406,8.53
4265778.0,342033.7,470.445,75.96
4265780.0,343489.6,610.8696,1216.75
4265781.0,332521.1,574.2976,2.34
4265789.0,347119.6,450.0664,685.8
4265790.0,338344.3,601.7197,1581.14
4265796.0,331020.4,543.7674,2.71
4265798.0,328820.2,530.4587,1.48
4265804.0,339038.7,399.4174,955.3
4265810.0,325864.2,515.6308,3.47
4265812.0,344132.0,457.4375,431.94
4265818.0,340462.0,634.0,142.06
4265820.0,337531.2,552.8156,1568.81
4265820.0,339726.1,447.9848,340.11
4265821.0,338260.5,596.012,1658.52
4265822.0,336795.3,511.9534,161.9
4265824.0,336059.5,483.9375,17.79
4265826.0,335323.6,452.7138,14.43
4265827.0,334587.8,423.7531,6.06
4265829.0,333851.9,600.2,2.76
4265830.0,330195.5,535.5991,1.4
4265833.0,333109.3,582.3177,3.43
4265835.0,341144.8,417.8133,360.27
4265843.0,344778.1,632.5369,276.85
4265844.0,338928.8,386.8762,1121.13
4265847.0,326494.6,519.7475,2.47
4265863.0,338144.4,587.1045,1758.49
4265865.0,342524.3,500.1745,459.61
4265873.0,345425.5,557.1837,211.82
4265875.0,338843.0,381.942,1266.28
4265877.0,340298.2,595.8183,173.28
4265878.0,329332.8,532.1556,1.28
4265878.0,339566.3,430.9892,436.6
4265882.0,341748.2,410.4799,94.25
4265883.0,327125.0,522.5558,2.4
4265886.0,332234.7,568.3396,1.63
4265895.0,331477.4,553.4839,1.07
4265896.0,323435.0,533.0105,31.64
4265897.0,338781.1,620.2505,965.16
4265899.0,337315.0,540.9934,882.6
4265901.0,336579.2,502.4033,70.03
4265902.0,335843.4,473.3599,17.58
4265904.0,335107.5,443.175,13.66
4265904.0,346072.9,512.2509,156.72
4265906.0,334371.7,415.9861,3.75
4265908.0,333635.8,591.863,3.46
4265914.0,338736.3,616.9331,999.85
4265915.0,340925.2,364.4756,342.3
4265917.0,337995.8,575.364,1864.36
4265917.0,343111.8,604.7607,1253.07
4265920.0,332871.1,577.1899,2.96
4265921.0,327753.2,523.6967,1.61
4265925.0,338704.0,615.8261,1024.58
4265929.0,330653.0,538.4035,1.52
4265933.0,324063.1,531.5295,24.02
4265934.0,338680.8,614.6131,1042.08
4265934.0,346720.3,461.6994,342.14
4265935.0,340138.5,531.7811,222.69
4265936.0,339406.6,417.2319,553.3
4265940.0,338664.5,612.9299,1054.35
4265945.0,338651.7,611.4855,1063.89
4265949.0,338639.8,610.2845,1072.72
4265953.0,338628.1,609.0953,1081.43
4265957.0,338616.3,607.7549,1090.13
4265957.0,343734.2,542.411,954.28
4265962.0,338604.6,606.4168,1098.83
4265967.0,329817.8,532.6484,1.49
4265967.0,338589.5,605.7445,1110.0
4265968.0,328355.0,526.648,1.26
4265970.0,324693.5,522.0932,12.92
4265975.0,338567.4,605.0221,1126.47
4265976.0,341489.8,366.1729,151.63
4265978.0,337098.9,524.5955,420.48
4265979.0,336363.1,493.2559,37.87
4265979.0,342210.4,431.8544,168.07
4265981.0,335627.2,461.9737,18.95
4265981.0,337820.7,563.1774,1875.59
4265983.0,334891.4,433.9383,11.02
4265985.0,334155.5,407.45,2.58
4265985.0,340733.1,604.0602,157.84
4265987.0,333419.7,585.1372,4.1
4265987.0,338536.0,603.9002,1149.9
4265988.0,344378.7,394.1667,298.96
4265990.0,339257.2,404.5136,684.0
4265994.0,339978.7,480.0014,273.9
4266001.0,331917.0,558.7169,0.97
4266003.0,338492.3,601.2818,1183.04
4266007.0,325323.9,514.4518,4.65
4266015.0,332611.2,571.1757,2.04
4266019.0,345026.1,593.092,226.02
4266025.0,338431.7,596.5301,1230.37
4266029.0,331110.5,542.7564,2.52
4266032.0,328910.3,529.46,1.17
4266037.0,339127.8,392.9007,817.98
4266042.0,342768.3,523.3592,675.82
4266043.0,325954.3,516.195,2.45
4266049.0,340556.9,573.2503,132.89
4266049.0,345673.5,525.2306,219.83
4266052.0,339819.0,447.7538,336.27
4266054.0,337618.6,551.6969,1547.44
4266055.0,338348.0,591.2112,1301.03
4266056.0,336882.8,510.5013,188.48
4266058.0,336146.9,483.2375,28.46
4266060.0,335411.1,450.8836,18.93
4266062.0,334675.3,424.9459,7.33
4266063.0,330285.6,536.1193,0.94
4266063.0,333939.4,599.7163,2.76
4266064.0,341247.0,620.1257,413.05
4266067.0,333198.1,580.6278,3.94
4266077.0,339018.0,384.0405,949.24
4266080.0,326584.7,520.737,2.12
4266080.0,346320.9,475.1872,239.78
4266083.0,341924.9,364.1678,115.41
4266094.0,343356.4,606.9926,1171.95
4266097.0,338231.8,583.5466,1413.04
4266108.0,338932.1,378.9553,1063.86
4266109.0,340393.2,554.8601,156.47
4266110.0,339659.2,427.8995,410.97
4266111.0,329422.9,529.9399,0.94
4266111.0,346970.3,440.4334,408.42
4266116.0,327215.1,522.1818,1.98
4266119.0,332324.8,563.9272,1.21
4266129.0,331567.4,550.1866,0.91
4266130.0,323522.8,532.4141,24.78
4266131.0,338870.2,617.2159,752.91
4266133.0,337402.5,538.8912,917.53
4266133.0,343980.9,474.705,559.32
4266135.0,336666.7,500.046,88.42
4266137.0,335930.8,473.5449,26.9
4266138.0,335195.0,442.2166,16.73
4266140.0,334459.1,416.0711,4.41
4266142.0,333723.3,592.0817,3.19
4266144.0,341027.3,585.2492,308.71
4266147.0,338825.5,612.4443,776.09
4266151.0,338083.2,573.651,1573.98
4266154.0,327843.3,523.5742,1.19
4266154.0,332959.9,576.1704,2.88
4266157.0,342454.4,443.3467,344.4
4266159.0,338793.1,609.8881,793.17
4266163.0,330743.1,539.0511,1.18
4266164.0,344626.7,645.6147,279.9
4266167.0,324153.2,531.2236,14.48
4266167.0,340233.5,515.2259,223.83
4266168.0,338770.0,608.4672,805.63
4266168.0,339499.5,412.7294,502.35
4266173.0,338753.6,607.3705,814.58
4266177.0,341666.5,617.6379,277.39
4266178.0,338740.8,606.6434,821.66
4266182.0,338729.0,606.2057,828.31
4266187.0,338717.2,606.0439,834.97
4266191.0,338705.5,605.5196,841.71
4266195.0,338693.7,604.4823,848.55
4266195.0,345274.1,563.2583,247.8
4266201.0,328445.0,525.011,0.87
4266201.0,329907.9,532.6764,1.06
4266201.0,338678.7,602.9015,857.44
4266203.0,324783.6,521.2207,6.0
4266209.0,338656.5,600.6256,870.87
4266212.0,337186.4,525.1091,460.5
4266214.0,336450.5,489.5122,51.35
4266214.0,340835.2,551.3739,220.67
4266215.0,335714.7,462.0199,26.32
4266215.0,337908.2,562.0766,1699.7
4266217.0,334978.8,432.834,12.66
4266219.0,334243.0,405.8819,2.86
4266219.0,343013.0,568.8024,827.63
4266220.0,338625.2,599.1071,890.63
4266221.0,333507.2,584.0722,3.94
4266222.0,339350.1,401.912,608.66
4266225.0,340073.7,477.1742,311.89
4266225.0,345921.5,505.4223,282.79
4266235.0,332007.1,555.3905,0.72
4266236.0,338581.4,597.6492,919.97
4266240.0,325414.0,514.7291,2.61
4266248.0,332700.0,571.0434,1.68
4266257.0,346570.9,452.6201,307.04
4266258.0,338520.9,593.1226,964.51
4266261.0,342168.9,389.3816,193.64
4266262.0,331200.6,545.4259,2.09
4266265.0,329000.3,527.6508,0.62
4266266.0,341423.6,588.544,402.56
4266269.0,339220.7,393.2607,721.62
4266271.0,343603.1,549.9142,601.71
4266276.0,326044.4,517.1855,1.85
4266278.0,340659.1,520.3105,187.48
4266283.0,339914.0,448.5758,351.63
4266289.0,337706.1,549.2281,1512.54
4266289.0,338437.1,587.1058,1035.73
4266290.0,336970.2,512.7111,217.43
4266292.0,336234.4,480.8515,39.15
4266294.0,335498.6,450.0511,23.75
4266296.0,330375.7,536.4932,0.57
4266296.0,334762.7,422.7895,8.15
4266298.0,334026.9,598.378,2.59
4266299.0,347235.2,420.4601,375.01
4266301.0,333285.6,578.5178,3.92
4266309.0,339110.9,386.077,835.35
4266309.0,344229.0,433.5062,283.3
4266313.0,326674.7,520.7854,1.75
4266331.0,338321.0,580.5332,1156.07
4266334.0,342699.1,493.343,488.5
4266338.0,340495.4,501.7082,206.09
4266340.0,344874.8,613.1561,275.62
4266341.0,339025.0,379.0358,936.9
4266341.0,339754.2,430.5544,405.83
4266344.0,329512.9,528.0916,0.59
4266346.0,341204.0,560.1007,472.15
4266350.0,327305.1,522.4824,1.45
4266353.0,332413.6,565.4284,0.88
4266355.0,341910.5,635.1771,298.66
4266362.0,331657.5,549.7687,0.82
4266363.0,323612.9,530.0726,18.1
4266363.0,338963.1,615.619,652.52
4266367.0,337490.0,536.4215,959.43
4266369.0,336754.1,501.6106,104.46
4266370.0,345522.2,552.9677,322.1
4266371.0,336018.3,472.4116,34.82
4266373.0,335282.4,441.6934,19.12
4266374.0,334546.6,414.5206,4.91
4266376.0,333810.7,591.4172,2.71
4266380.0,338918.4,613.0764,676.4
4266385.0,338172.4,572.0514,1338.41
4266387.0,327933.4,522.7125,0.82
4266388.0,333047.3,574.2361,2.7
4266391.0,338886.1,612.1812,694.44
4266396.0,330833.1,540.8107,0.82
4266396.0,340335.6,485.8137,272.65
4266396.0,343259.7,564.2885,515.05
4266400.0,324243.3,530.0607,8.52
4266400.0,338862.9,611.3431,707.81
4266400.0,339594.5,417.0164,480.48
4266402.0,346171.5,481.3746,357.0
4266406.0,338846.5,610.4758,717.49
4266410.0,338833.7,609.4552,725.19
4266415.0,338821.9,608.7165,732.45
4266416.0,341011.9,539.3039,424.76
4266419.0,338810.1,608.1764,739.76
4266423.0,338798.4,607.4242,747.19
4266427.0,338786.6,606.5288,754.74
4266433.0,338771.6,605.0292,764.59
4266434.0,328535.1,525.2069,0.51
4266434.0,329998.0,533.0877,0.71
4266437.0,324873.6,517.9477,3.37
4266438.0,342413.5,439.4277,296.55
4266441.0,338749.4,602.3661,779.48
4266443.0,341667.6,598.6135,353.29
4266445.0,346835.8,428.7527,341.85
4266446.0,337273.8,525.1622,513.9
4266446.0,343851.1,478.8834,303.02
4266448.0,336538.0,490.4983,59.46
4266449.0,337997.3,561.374,1506.31
4266450.0,335802.1,461.1765,31.08
4266451.0,335066.3,432.5103,13.55
4266452.0,338718.1,599.6291,801.41
4266453.0,334330.5,405.779,3.2
4266454.0,339445.1,406.4393,576.72
4266454.0,340175.9,467.577,333.01
4266455.0,333594.6,583.2526,3.57
4266468.0,332095.9,558.6751,0.64
4266468.0,338674.3,597.2106,833.87
4266473.0,325504.0,514.7395,1.88
4266480.0,340835.8,521.6953,384.76
4266483.0,332787.4,570.653,1.46
4266485.0,344477.0,401.5809,157.15
4266490.0,338613.8,592.8103,882.47
4266495.0,331290.6,545.6659,1.43
4266498.0,329090.4,525.7892,0.4
4266501.0,339315.7,398.8759,686.01
4266510.0,326134.4,517.4229,1.56
4266510.0,342945.8,508.6625,485.56
4266512.0,340016.1,450.3558,359.2
4266516.0,345122.8,607.5763,315.32
4266521.0,338530.1,587.6856,957.46
4266522.0,337795.2,549.4537,1411.04
4266523.0,341448.0,573.086,389.0
4266525.0,337057.7,514.4173,253.32
4266526.0,336321.9,481.3267,42.37
4266528.0,335586.0,449.7217,25.87
4266530.0,330465.7,536.0154,0.43
4266530.0,334850.2,422.4891,8.62
4266532.0,334114.3,597.9537,2.63
4266532.0,342155.1,384.3323,205.84
4266536.0,333373.1,576.4013,4.01
4266539.0,340672.0,504.4965,343.26
4266541.0,339205.9,392.6619,800.8
4266546.0,326764.8,519.9417,1.48
4266548.0,345772.2,536.3393,394.13
4266563.0,338413.9,581.3966,1075.45
4266570.0,339856.4,437.9096,405.32
4266571.0,343507.7,492.8785,473.84
4266572.0,339120.0,384.8565,905.57
4266578.0,329603.0,528.7897,0.49
4266583.0,327395.2,521.9079,1.05
4266587.0,332501.1,565.7313,0.81
4266590.0,346436.4,445.031,397.94
4266593.0,341255.9,554.5345,396.84
4266595.0,339058.1,620.8394,678.38
4266596.0,331746.3,552.7329,0.81
4266597.0,323702.9,528.7208,14.08
4266598.0,340512.3,489.7986,320.02
4266601.0,337579.1,537.6905,975.69
4266603.0,336841.6,502.707,119.63
4266605.0,336105.7,471.443,34.31
4266607.0,335369.9,440.8181,19.75
4266609.0,334634.0,414.9474,5.38
4266610.0,333898.2,590.3149,2.42
4266611.0,339013.4,617.5471,710.58
4266614.0,342660.2,443.5673,381.44
4266617.0,338265.3,572.0304,1234.0
4266620.0,328023.4,522.1875,0.6
4266620.0,341912.3,626.4557,353.53
4266622.0,333134.8,571.6217,2.87
4266622.0,344099.2,439.1788,253.81
4266623.0,338981.0,614.4839,734.93
4266628.0,339696.6,424.8016,477.88
4266629.0,330923.2,539.8887,0.52
4266631.0,338957.9,613.3819,752.92
4266633.0,324333.3,525.742,6.25
4266633.0,347178.9,407.2951,295.04
4266637.0,338941.5,612.8839,765.9
4266642.0,338928.7,612.4516,776.18
4266646.0,338916.9,612.0185,785.83
4266650.0,338905.1,611.3077,795.5
4266655.0,338893.4,610.6263,805.27
4266656.0,340352.5,476.2577,323.62
4266657.0,341079.8,539.0316,382.29
4266659.0,338881.6,610.0351,815.14
4266660.0,344725.0,364.1772,105.02
4266664.0,338866.6,608.8973,827.94
4266667.0,328625.2,524.824,0.34
4266667.0,330088.0,532.4264,0.66
4266670.0,324963.7,516.1391,2.74
4266673.0,338844.4,606.7331,847.07
4266680.0,337363.0,525.1108,574.83
4266681.0,338090.2,562.3631,1359.12
4266682.0,336625.4,490.8975,62.28
4266683.0,339547.3,412.5325,578.88
4266684.0,335889.6,460.2176,28.42
4266684.0,338813.1,603.6015,874.69
4266686.0,335153.8,432.0916,13.82
4266686.0,343193.8,488.7551,499.29
4266687.0,334417.9,406.6694,3.69
4266689.0,333682.1,582.8497,3.1
4266693.0,345372.8,588.1952,330.28
4266700.0,338769.3,599.6245,914.31
4266700.0,341692.7,595.555,375.86
4266703.0,332183.4,559.8585,0.84
4266706.0,325594.1,514.3095,1.76
4266708.0,342401.8,400.3471,307.39
4266714.0,340192.8,463.6096,350.19
4266717.0,332874.9,568.5136,1.48
4266717.0,340916.0,521.1661,358.22
4266722.0,338708.8,595.6837,970.8
4266729.0,331379.4,547.2591,0.87
4266730.0,339417.9,402.4339,698.17
4266731.0,329180.5,525.2899,0.4
4266735.0,346037.1,482.1816,387.05
4266743.0,326224.5,516.3357,1.47
4266747.0,343755.7,426.6964,412.26
4266752.0,338625.0,590.423,1050.35
4266755.0,337888.1,552.0565,1288.96
4266758.0,337146.8,513.8253,301.0
4266761.0,336409.3,480.5531,38.74
4266762.0,335673.5,449.8726,23.04
4266763.0,330555.8,534.4039,0.49
4266764.0,334937.6,423.6732,9.1
4266766.0,334201.8,598.9526,2.96
4266770.0,333460.5,575.9177,4.01
4266770.0,339308.0,394.5518,845.64
4266770.0,341500.6,579.595,408.23
4266772.0,340033.0,450.6143,400.3
4266775.0,340756.3,506.7371,340.82
4266778.0,346779.5,413.7529,426.08
4266780.0,326854.9,519.3476,1.36
4266790.0,342908.2,441.3424,478.68
4266795.0,338508.9,582.5882,1157.71
4266796.0,342159.0,641.5177,379.98
4266798.0,344347.2,374.471,204.12
4266801.0,339222.2,389.1224,944.85
4266811.0,329693.1,529.9309,0.53
4266816.0,327485.3,520.0898,0.79
4266821.0,332588.5,563.5385,0.97
4266824.0,339160.3,384.269,1040.46
4266830.0,323793.0,527.3813,12.24
4266830.0,331833.8,554.7737,0.91
4266830.0,339873.3,436.5426,480.15
4266833.0,337672.0,539.2537,982.01
4266833.0,340596.5,500.2349,341.54
4266834.0,341324.4,565.7816,436.95
4266837.0,336930.7,502.5308,140.24
4266838.0,344975.0,596.4108,190.99
4266839.0,336193.2,470.5123,27.59
4266840.0,339115.5,379.914,1114.73
4266841.0,335457.3,440.5313,18.06
4266843.0,334721.5,415.2434,6.03
4266845.0,333985.6,591.3594,2.32
4266849.0,338360.3,573.7507,1267.14
4266852.0,339083.2,617.5964,885.95
4266854.0,328113.5,521.7417,0.48
4266856.0,333222.2,570.6382,3.34
4266860.0,339060.0,615.2114,910.84
4266861.0,343441.8,451.8753,453.94
4266863.0,331012.0,539.2333,0.36
4266866.0,324423.4,522.2239,5.92
4266866.0,339043.7,613.9993,928.63
4266871.0,339030.9,613.4038,942.64
4266875.0,339019.0,612.8845,955.71
4266876.0,341939.3,599.2254,406.94
4266879.0,339007.3,612.2196,968.7
4266881.0,345637.7,522.0586,304.17
4266884.0,338995.5,611.6195,981.73
4266884.0,339723.9,427.654,592.18
4266884.0,342649.8,392.8106,414.93
4266888.0,338983.8,610.8645,994.8
4266891.0,340436.8,486.1187,365.36
4266893.0,338968.7,609.8438,1011.61
4266894.0,341160.7,542.2828,447.0
4266900.0,330178.1,531.25,1.09
4266901.0,328715.2,523.6338,0.32
4266901.0,338946.6,608.9826,1036.34
4266903.0,325053.8,514.702,2.95
4266912.0,337455.9,525.7063,651.85
4266912.0,338185.2,563.0304,1312.39
4266913.0,338915.2,608.1869,1071.24
4266916.0,336714.6,490.5582,66.28
4266918.0,335977.0,460.4461,21.3
4266920.0,335241.2,432.2431,13.53
4266922.0,334505.4,405.921,4.36
4266923.0,333769.5,583.6721,2.5
4266923.0,344003.8,365.3511,331.12
4266923.0,346380.2,428.745,291.84
4266929.0,338871.5,604.9704,1119.22
4266932.0,339594.5,411.8364,725.2
4266937.0,332270.8,558.2376,1.27
4266940.0,325684.2,514.7974,1.89
4266944.0,347268.4,390.1295,241.45
4266946.0,341747.2,579.4892,438.38
4266949.0,340277.0,469.4354,415.53
4266951.0,332962.4,566.3854,1.64
4266951.0,338810.9,599.4562,1182.98
4266952.0,341001.0,515.2929,443.89
4266963.0,331466.9,550.9507,0.6
4266965.0,329270.5,525.8743,0.51
4266965.0,343156.3,463.1317,446.46
4266972.0,339484.7,393.7622,868.85
4266972.0,342407.0,636.0677,380.66
4266975.0,344597.2,586.3223,199.02
4266976.0,326314.6,516.7755,1.49
4266981.0,338727.2,592.9169,1263.12
4266986.0,337983.1,551.9994,1223.39
4266991.0,337239.8,514.3856,370.57
4266994.0,336498.5,480.1335,35.5
4266997.0,330644.6,532.2229,0.9
4266997.0,335760.9,450.3535,17.47
4266998.0,335025.1,424.2203,9.78
4267000.0,334289.2,598.7544,3.58
4267003.0,339398.8,388.1221,1002.1
4267004.0,333548.0,576.9541,3.5
4267007.0,340117.3,459.4853,498.82
4267010.0,340841.2,497.1349,441.77
4267010.0,341571.1,565.3037,486.89
4267013.0,326944.9,518.7592,1.35
4267023.0,338611.0,585.3813,1349.14
4267025.0,339336.9,385.128,1109.48
4267025.0,345239.9,527.6302,165.46
4267037.0,343689.9,404.3526,394.42
4267042.0,339292.2,382.987,1192.64
4267044.0,329783.1,528.7297,1.06
4267049.0,327575.3,519.4225,0.63
4267052.0,342187.4,598.1466,415.86
4267053.0,339259.9,381.0716,1255.5
4267055.0,332676.0,562.6382,0.96
4267059.0,342897.9,427.2471,433.26
4267062.0,339236.7,378.9127,1301.81
4267062.0,339967.9,451.0016,615.66
4267063.0,323883.1,525.8461,11.8
4267064.0,331921.2,554.6951,1.15
4267065.0,337767.0,539.5928,1008.56
4267068.0,339220.3,619.2438,1143.0
4267068.0,340681.5,476.4099,453.49
4267069.0,337023.6,503.4167,175.84
4267069.0,345980.8,453.7524,264.07
4267070.0,341407.4,544.4934,523.76
4267072.0,339207.5,617.7379,1160.66
4267073.0,336282.3,470.4056,22.06
4267075.0,335544.8,440.4086,14.72
4267077.0,334808.9,416.1112,7.06
4267077.0,339195.7,616.6337,1177.02
4267078.0,338462.4,575.8718,1397.12
4267079.0,334073.1,592.0328,2.49
4267081.0,339183.9,615.6455,1193.17
4267085.0,339172.2,614.5607,1209.26
4267087.0,328203.6,521.1039,0.44
4267090.0,339160.4,613.4256,1225.26
4267090.0,346869.0,395.0396,224.24
4267091.0,333309.7,571.6227,3.67
4267095.0,339145.4,612.352,1245.68
4267097.0,331099.5,542.7554,0.27
4267100.0,324513.5,520.0836,6.62
4267100.0,344253.8,621.26,261.21
4267103.0,339123.2,611.6496,1275.36
4267109.0,339838.5,428.5369,753.65
4267115.0,339091.9,611.0087,1316.38
4267122.0,341995.3,574.2648,470.16
4267126.0,340521.7,459.0796,491.63
4267128.0,341247.6,514.6708,544.02
4267130.0,339048.1,608.4061,1371.07
4267134.0,328805.3,522.8097,0.41
4267134.0,330266.9,529.949,2.14
4267136.0,325143.8,513.8335,3.47
4267141.0,338287.4,563.7362,1361.14
4267141.0,343404.3,459.4059,394.99
4267143.0,337550.9,526.3437,749.42
4267148.0,336807.5,492.3523,78.79
4267148.0,342655.1,385.9018,406.81
4267149.0,339728.7,400.4919,903.31
4267152.0,336066.2,460.5975,16.03
4267152.0,338987.6,603.1875,1439.89
4267154.0,335328.7,433.1578,12.26
4267156.0,334592.8,407.6739,5.35
4267158.0,333857.0,585.1563,2.11
4267163.0,344862.1,539.2174,163.54
4267171.0,332358.3,558.0819,1.27
4267173.0,325774.2,515.7707,2.09
4267180.0,339642.8,388.6453,1043.11
4267183.0,338903.9,596.6854,1517.45
4267184.0,340362.0,450.5531,562.46
4267185.0,333049.8,565.5086,1.83
4267186.0,341087.9,485.8414,554.05
4267186.0,341819.2,554.4263,535.6
4267198.0,329360.6,525.1073,0.79
4267198.0,331554.3,550.9591,0.53
4267203.0,339580.9,383.8065,1156.57
4267210.0,326404.6,518.6921,1.54
4267213.0,345583.0,471.2771,149.26
4267214.0,343939.9,380.4615,345.09
4267215.0,338085.3,551.8404,1237.39
4267219.0,339536.2,381.3891,1244.99
4267222.0,337334.7,515.1458,469.71
4267225.0,338787.7,590.4878,1582.78
4267226.0,336591.4,481.5815,37.98
4267228.0,342435.4,643.182,412.09
4267230.0,335850.1,450.3523,13.51
4267231.0,330732.1,532.5312,1.27
4267231.0,339503.9,379.5651,1312.13
4267233.0,335112.5,425.4931,9.94
4267234.0,334376.7,600.3224,4.7
4267235.0,343145.9,469.6456,393.88
4267235.0,346469.6,403.4963,210.74
4267238.0,333635.4,577.7458,2.74
4267239.0,339480.7,620.4163,1321.53
4267239.0,340212.6,439.1024,667.16
4267244.0,340928.1,464.8163,567.28
4267245.0,339464.3,619.583,1348.01
4267246.0,327035.0,518.8976,1.44
4267246.0,341655.4,540.8615,596.54
4267250.0,339451.5,619.0085,1368.67
4267254.0,339439.7,618.655,1387.79
4267258.0,339427.9,618.3062,1406.66
4267263.0,339416.2,617.7144,1425.42
4267267.0,339404.4,617.0321,1444.05
4267269.0,323317.9,524.8051,13.06
4267272.0,339389.4,616.2167,1467.8
4267278.0,329871.9,527.829,2.41
4267279.0,338639.1,581.5607,1581.72
4267280.0,339367.2,614.6094,1502.19
4267283.0,327665.4,518.2863,0.52
4267286.0,340083.2,421.3043,794.72
4267288.0,344518.7,588.8921,218.62
4267290.0,332763.4,560.3421,0.68
4267292.0,339335.9,612.4843,1549.56
4267294.0,337869.2,538.3703,1067.3
4267296.0,323973.1,524.4506,12.33
4267298.0,332008.7,552.8495,1.23
4267298.0,342243.3,603.0867,486.36
4267301.0,337118.6,504.154,237.95
4267302.0,340768.4,449.8986,596.31
4267304.0,341495.7,523.8256,643.5
4267305.0,336375.2,470.4161,21.31
4267308.0,339292.1,610.0215,1612.24
4267309.0,335633.9,441.1318,12.26
4267311.0,334896.4,416.81,7.92
4267313.0,334160.6,591.7829,3.14
4267318.0,343654.3,400.674,353.79
4267320.0,328293.6,521.0191,0.49
4267324.0,342903.1,455.0216,402.81
4267325.0,333397.2,570.971,3.45
4267326.0,339973.4,402.9955,936.36
4267330.0,339231.6,606.454,1690.07
4267331.0,331186.9,542.445,0.2
4267333.0,324603.5,518.746,7.83
4267343.0,338464.0,568.7686,1485.83
4267351.0,345205.2,495.5468,139.21
4267357.0,339887.5,391.9856,1071.09
4267360.0,339147.9,602.0207,1775.63
4267361.0,340608.6,437.757,651.37
4267362.0,341335.9,500.6686,675.17
4267362.0,342067.2,570.6108,574.05
4267367.0,328895.4,522.3587,0.76
4267368.0,330354.4,529.0071,2.41
4267370.0,325233.9,514.2382,3.96
4267372.0,337653.0,523.9955,865.39
4267379.0,336902.5,492.4947,108.72
4267380.0,339825.6,385.6414,1181.9
4267380.0,346071.8,417.443,128.44
4267384.0,336159.1,460.6078,15.01
4267388.0,335417.8,433.1768,11.09
4267390.0,334680.3,409.3996,6.35
4267392.0,333944.4,585.0099,2.23
4267396.0,339780.9,381.2414,1269.21
4267398.0,347067.5,616.5263,120.34
4267402.0,339031.7,595.7549,1840.16
4267402.0,344204.8,619.9665,230.31
4267404.0,342683.4,420.8092,381.98
4267405.0,332445.7,555.9633,0.5
4267406.0,325864.3,516.3062,2.19
4267408.0,339748.5,378.9042,1336.11
4267412.0,343395.9,432.5902,378.07
4267415.0,340459.3,426.047,735.14
4267416.0,339725.4,620.6651,1491.61
4267417.0,338262.0,556.3249,1326.02
4267420.0,333137.3,564.8468,2.1
4267420.0,341176.2,482.3421,698.61
4267421.0,341903.4,551.7549,661.91
4267422.0,339709.0,620.6311,1519.87
4267427.0,339696.2,620.5358,1542.02
4267431.0,339684.3,620.271,1562.62
4267432.0,329449.4,524.7747,1.83
4267432.0,331641.8,547.163,0.59
4267435.0,339672.6,619.6653,1583.03
4267440.0,339660.9,618.759,1603.42
4267443.0,326494.7,519.181,1.6
4267444.0,339649.1,617.9321,1623.77
4267449.0,339634.1,617.0263,1649.82
4267451.0,337436.9,513.3237,603.75
4267457.0,338883.1,586.6254,1820.31
4267457.0,339611.9,615.6515,1687.86
4267458.0,336686.4,481.0436,51.19
4267462.0,335943.0,450.2727,13.25
4267462.0,340329.9,415.6158,841.38
4267465.0,330819.5,532.9883,0.8
4267466.0,335201.7,424.3248,9.77
4267469.0,334464.1,401.7817,5.15
4267469.0,339580.6,614.1576,1740.79
4267472.0,333722.9,578.1785,2.21
4267473.0,342491.3,645.3386,485.72
4267476.0,344861.8,523.8224,175.09
4267478.0,341016.4,469.0573,723.2
4267479.0,327125.1,518.1879,1.62
4267480.0,341743.7,535.2184,737.63
4267485.0,339536.8,612.5984,1812.11
4267495.0,338045.8,541.826,1165.54
4267501.0,343153.1,461.2459,363.8
4267502.0,323408.0,523.6589,13.81
4267502.0,340220.1,408.101,963.16
4267506.0,343919.2,612.4573,207.55
4267507.0,339476.3,608.5482,1903.28
4267512.0,329959.4,527.089,3.37
4267516.0,327755.5,517.5274,0.48
4267517.0,345694.0,440.1727,126.13
4267520.0,338708.0,574.2026,1687.58
4267524.0,332850.9,559.0187,0.63
4267530.0,324063.2,524.6255,13.49
4267530.0,337220.8,504.2894,342.87
4267532.0,332096.1,550.4157,0.54
4267533.0,340134.2,402.4843,1082.86
4267536.0,340856.7,455.7671,758.15
4267537.0,336470.2,469.9542,27.68
4267537.0,339392.5,604.6757,2008.91
4267538.0,341584.0,515.9137,791.7
4267538.0,342315.2,588.174,583.56
4267541.0,335726.9,440.9909,12.81
4267543.0,346669.7,380.2597,89.93
4267545.0,334985.6,415.7112,8.4
4267547.0,334248.0,593.4012,4.3
4267553.0,328383.7,520.5838,0.75
4267556.0,340072.3,397.511,1183.73
4267559.0,333484.6,569.7061,2.75
4267565.0,331274.4,539.7735,0.18
4267566.0,324693.6,518.3222,9.14
4267572.0,340027.6,393.2276,1264.78
4267574.0,337829.7,527.1559,1007.77
4267579.0,339276.4,598.0638,2101.65
4267581.0,342933.5,449.3265,356.36
4267584.0,339995.2,390.8093,1327.8
4267590.0,344547.8,552.8012,177.51
4267591.0,340707.3,441.8615,812.61
4267592.0,339972.0,390.0956,1375.23
4267594.0,338506.0,561.8625,1488.74
4267596.0,341424.2,499.3433,822.77
4267597.0,342151.5,565.1074,686.38
4267598.0,339955.7,389.6426,1409.93
4267600.0,343660.8,630.0932,209.64
4267601.0,328984.2,521.8362,1.65
4267602.0,330441.8,529.6565,1.39
4267603.0,325324.0,513.0606,4.13
4267603.0,339942.9,389.042,1437.68
4267607.0,339931.0,388.1202,1463.97
4267608.0,337004.6,493.0187,171.62
4267612.0,339919.3,387.0133,1490.49
4267615.0,336254.1,460.6915,19.31
4267616.0,339907.5,385.8465,1517.52
4267620.0,335510.7,431.7953,12.05
4267620.0,339895.8,384.8314,1545.03
4267624.0,334769.4,408.9933,7.14
4267626.0,334031.9,583.7095,2.85
4267626.0,339880.7,383.6779,1581.03
4267634.0,339127.8,588.0321,2107.34
4267634.0,339858.6,382.6189,1635.42
4267638.0,340577.9,431.8388,888.5
4267639.0,325954.4,515.6433,2.06
4267639.0,332533.2,554.7284,0.22
4267642.0,345350.6,461.501,138.96
4267645.0,339827.2,381.3678,1715.24
4267651.0,342741.4,400.5902,375.04
4267653.0,337613.6,516.7046,792.83
4267654.0,333224.7,563.4439,2.26
4267654.0,341264.5,485.0219,836.35
4267655.0,341991.7,549.4997,782.35
4267661.0,339783.5,379.2102,1832.09
4267666.0,329536.9,524.2046,2.83
4267666.0,331729.3,544.4408,0.48
4267672.0,338289.8,549.5213,1316.16
4267676.0,326584.7,517.474,1.63
4267678.0,340468.1,424.5303,982.89
4267680.0,346291.9,392.1734,117.28
4267683.0,339723.0,616.7475,2071.36
4267687.0,336788.5,480.7084,85.23
4267689.0,343418.0,382.8338,311.66
4267694.0,336038.0,450.6095,17.54
4267694.0,344262.3,559.886,160.41
4267697.0,338952.7,577.9109,1978.65
4267698.0,335294.6,421.9071,10.8
4267699.0,330907.0,533.7739,0.25
4267702.0,334553.3,401.6084,5.94
4267707.0,333810.4,576.6065,2.02
4267709.0,340382.2,418.0379,1081.47
4267712.0,341104.7,471.3046,845.0
4267713.0,327215.1,516.6878,1.84
4267713.0,339639.2,611.4501,2214.22
4267713.0,341832.0,537.561,855.97
4267715.0,342565.2,631.6888,587.91
4267722.0,347310.5,598.8218,54.53
4267731.0,337397.4,507.3977,527.74
4267732.0,340320.3,413.0987,1168.25
4267735.0,323498.0,523.0947,14.95
4267746.0,330046.8,525.4905,1.57
4267748.0,340275.6,409.7388,1240.13
4267749.0,327845.5,518.1703,0.55
4267751.0,338073.7,536.7819,1196.67
4267756.0,339523.0,603.6958,2371.58
4267756.0,345036.7,492.5374,129.87
4267758.0,332938.3,558.6485,0.89
4267760.0,340243.2,407.5554,1297.28
4267763.0,324153.3,524.5363,14.5
4267766.0,336572.4,469.4967,46.89
4267766.0,340955.3,457.8935,866.36
4267767.0,332183.6,549.7914,0.15
4267768.0,340220.1,405.7295,1341.0
4267768.0,343198.4,426.4288,356.93
4267771.0,338750.6,566.8014,1750.31
4267772.0,341672.2,529.6989,894.85
4267773.0,335821.8,440.7064,17.51
4267774.0,340203.7,404.136,1373.34
4267774.0,342401.5,597.6325,687.4
4267777.0,335078.5,413.7524,9.43
4267779.0,340190.9,402.8376,1399.41
4267781.0,334337.2,594.363,5.48
4267783.0,340179.1,401.8269,1424.29
4267787.0,328472.5,520.2801,1.43
4267787.0,340167.3,401.1413,1449.58
4267788.0,344003.9,551.3758,222.41
4267792.0,340155.6,400.5251,1475.52
4267793.0,333572.1,569.4561,1.97
4267796.0,340143.8,399.8625,1502.13
4267800.0,324783.6,515.4168,9.76
4267800.0,331361.8,538.725,0.26
4267801.0,340128.8,399.0737,1537.18
4267805.0,345948.4,408.8871,115.73
4267809.0,340106.6,397.3447,1590.77
4267810.0,337181.3,496.485,305.32
4267810.0,339374.5,593.8338,2466.82
4267814.0,340825.9,447.138,910.22
4267821.0,340075.3,394.5956,1670.69
4267830.0,337857.6,525.6734,1056.18
4267830.0,341512.5,512.9629,896.61
4267833.0,342241.7,584.159,786.6
4267835.0,329071.6,521.5645,2.8
4267836.0,325414.0,512.3537,3.75
4267837.0,330529.3,530.7419,0.22
4267837.0,340031.5,392.5721,1790.48
4267838.0,343006.3,456.1193,439.88
4267844.0,336356.3,460.4656,32.1
4267849.0,338534.5,556.0345,1538.37
4267851.0,335605.7,431.2167,16.6
4267854.0,340716.1,438.9041,976.14
4267856.0,334862.3,407.0455,8.14
4267859.0,339971.0,388.8004,1971.82
4267860.0,334121.0,584.3655,3.53
4267860.0,344751.1,516.6291,165.64
4267860.0,346932.7,599.9849,56.41
4267873.0,326044.4,513.3674,1.71
4267874.0,332620.6,553.8711,0.3
4267874.0,339199.4,585.0063,2416.47
4267877.0,343761.1,584.3094,336.34
4267885.0,340630.3,431.1766,1052.72
4267888.0,333312.2,561.8735,2.16
4267888.0,341352.7,492.0843,878.27
4267889.0,336965.2,484.9765,167.26
4267889.0,339887.2,382.1691,2251.58
4267891.0,342082.0,583.1704,868.93
4267900.0,329624.3,522.5013,1.81
4267900.0,331816.7,542.4335,0.2
4267902.0,342830.1,431.7925,503.78
4267907.0,340568.4,425.7477,1124.07
4267908.0,337641.4,514.2013,828.29
4267909.0,326674.8,516.8013,1.66
4267919.0,345634.5,424.5293,103.68
4267923.0,336140.1,452.0198,28.17
4267924.0,340523.6,423.2553,1185.32
4267928.0,338318.4,544.0406,1413.95
4267930.0,335389.6,422.3003,14.54
4267931.0,339771.1,616.0981,2660.06
4267933.0,330994.4,533.9866,0.16
4267934.0,334646.2,400.3953,6.72
4267935.0,340491.3,421.4581,1235.15
4267940.0,333899.5,576.3502,1.84
4267942.0,341203.4,479.9834,867.44
4267944.0,340468.1,418.8907,1273.88
4267946.0,327305.2,516.6187,2.07
4267947.0,338997.3,574.3547,2204.99
4267949.0,341922.3,586.4035,914.45
4267950.0,340451.7,416.7907,1302.87
4267954.0,340439.0,415.7532,1326.43
4267954.0,344492.7,509.9999,266.4
4267956.0,343541.4,365.9793,401.81
4267959.0,340427.1,415.2213,1349.07
4267962.0,342666.4,397.4841,547.42
4267963.0,340415.3,414.8176,1372.24
4267967.0,336749.0,474.8318,95.4
4267967.0,340403.6,414.3338,1396.16
4267969.0,323588.1,522.1124,15.25
4267972.0,340391.9,413.8649,1420.86
4267977.0,340376.8,413.5492,1453.61
4267980.0,330134.3,525.6473,0.27
4267983.0,327934.3,519.2649,0.7
4267985.0,340354.6,412.733,1504.16
4267985.0,346589.3,607.6867,67.85
4267986.0,339622.5,606.6001,2921.2
4267987.0,337425.3,504.2447,563.53
4267989.0,341074.0,473.0222,879.25
4267992.0,333025.8,555.7662,1.57
4267996.0,324243.3,520.9797,13.37
4267997.0,340323.3,410.8343,1580.66
4268001.0,332271.0,548.3335,0.17
4268001.0,335924.0,443.5138,27.54
4268007.0,338102.2,533.0292,1327.19
4268007.0,341762.5,567.2538,912.23
4268009.0,335173.4,414.51,12.21
4268012.0,340279.5,408.7317,1697.65
4268013.0,334430.1,593.8674,5.96
4268020.0,342506.6,376.034,568.42
4268021.0,328560.0,520.6446,1.64
4268023.0,345349.0,448.2153,219.48
4268026.0,338781.2,563.7061,1935.93
4268026.0,343349.3,447.1276,518.95
4268027.0,333661.2,570.0301,1.24
4268029.0,340964.2,461.8313,913.98
4268033.0,324873.7,512.9081,8.45
4268034.0,331449.3,537.3917,0.29
4268034.0,340219.0,403.9518,1879.57
4268043.0,344249.9,515.9524,369.75
4268046.0,336532.9,466.1462,62.33
4268049.0,339447.4,597.8129,3044.91
4268061.0,340878.3,447.8905,963.52
4268065.0,340135.3,397.2791,2171.57
4268065.0,341602.8,534.7449,876.9
4268066.0,337209.2,495.7578,346.35
4268069.0,325504.1,511.8977,2.78
4268069.0,329159.1,521.8443,2.39
4268071.0,330616.7,530.6163,0.1
4268078.0,342346.9,360.7817,563.94
4268080.0,335707.9,433.706,25.94
4268083.0,340816.4,439.4874,1014.29
4268085.0,337886.1,521.2455,1178.6
4268087.0,334957.3,406.3358,10.09
4268090.0,343173.2,465.586,621.52
4268092.0,334214.0,585.8537,3.45
4268099.0,340771.7,435.0326,1060.1
4268099.0,346275.4,616.3875,106.78
4268104.0,338565.0,552.6695,1734.91
4268106.0,326134.5,513.1138,1.3
4268107.0,340019.1,389.4432,2653.69
4268108.0,332708.1,550.552,0.85
4268111.0,340739.3,431.8494,1098.52
4268117.0,345090.6,455.5037,326.74
4268119.0,341453.4,523.0843,841.8
4268120.0,340716.1,429.4503,1129.0
4268122.0,333401.3,560.7101,1.8
4268123.0,339245.3,587.8916,2927.71
4268123.0,344030.3,560.4092,471.87
4268125.0,336316.8,457.6806,49.15
4268126.0,340699.8,428.3248,1152.11
4268130.0,340687.0,427.7864,1171.05
4268134.0,329711.8,522.3015,0.47
4268134.0,331904.2,541.8955,0.15
4268135.0,340675.1,427.0031,1189.38
4268137.0,342187.2,364.6571,532.93
4268139.0,340663.4,426.2028,1208.27
4268143.0,326764.9,517.2364,1.76
4268143.0,340651.6,425.6236,1227.92
4268144.0,336993.1,485.7136,206.01
4268147.0,340639.9,425.4789,1248.35
4268150.0,343009.5,447.5108,702.03
4268153.0,340624.8,426.0645,1275.61
4268159.0,335491.7,424.4647,22.42
4268161.0,339870.5,380.4218,3376.12
4268161.0,340602.7,426.5236,1318.16
4268164.0,337670.0,510.4306,939.1
4268166.0,334741.2,399.8199,7.83
4268167.0,341324.0,524.9656,826.32
4268168.0,331081.9,533.6971,0.23
4268172.0,333992.4,578.1085,1.35
4268172.0,340571.3,425.7245,1383.38
4268180.0,327394.0,517.1137,2.12
4268183.0,338348.9,541.6194,1605.89
4268188.0,340527.6,422.9236,1484.99
4268193.0,343838.2,622.5953,573.21
4268195.0,342027.4,638.1785,915.86
4268202.0,323678.1,521.2302,13.35
4268202.0,339029.2,577.1515,2616.66
4268203.0,336100.7,449.3172,44.17
4268203.0,345989.8,380.8159,185.54
4268206.0,344847.8,452.3537,402.01
4268207.0,341214.2,505.4427,830.51
4268208.0,342849.7,448.6423,754.44
4268210.0,340467.1,417.7006,1647.27
4268215.0,330221.8,527.4356,0.1
4268217.0,328021.8,519.7076,0.74
4268223.0,336776.9,475.9478,128.32
4268225.0,339695.5,614.7407,3741.12
4268226.0,333115.0,552.925,2.62
4268229.0,324333.4,517.9491,8.89
4268235.0,332358.5,546.6973,0.39
4268237.0,335275.6,417.0727,18.07
4268238.0,341128.3,476.0373,852.5
4268240.0,347073.1,582.225,37.8
4268241.0,340383.3,412.5221,1917.84
4268243.0,337453.8,502.9648,667.66
4268245.0,334525.1,593.8166,6.18
4268253.0,341867.7,595.4052,874.98
4268256.0,328647.4,519.7794,1.39
4268257.0,343662.0,364.5757,739.97
4268259.0,333754.1,571.4486,0.62
4268260.0,341066.4,460.8,881.37
4268262.0,338132.8,530.1134,1485.58
4268266.0,324963.8,512.1948,5.4
4268266.0,342690.0,456.3856,767.24
4268268.0,331536.8,538.0828,0.22
4268277.0,341021.7,453.681,909.97
4268280.0,338813.1,566.2507,2279.16
4268282.0,335884.5,440.7265,40.49
4268283.0,340267.1,406.4188,2389.9
4268286.0,344628.1,470.7838,462.66
4268288.0,340989.3,448.9512,935.18
4268297.0,340966.2,446.5082,955.75
4268297.0,345731.4,389.6513,219.97
4268299.0,339493.4,605.9069,3839.24
4268302.0,336560.8,465.9408,89.79
4268303.0,325594.2,512.0474,1.64
4268303.0,340949.8,445.4345,971.62
4268304.0,329246.6,520.6857,0.94
4268305.0,330704.2,530.5543,0.11
4268307.0,340937.0,444.3413,984.76
4268307.0,341718.3,569.1001,824.2
4268312.0,340925.1,443.028,997.61
4268316.0,335059.5,408.7778,13.89
4268316.0,340913.4,441.8441,1010.98
4268316.0,343498.3,371.5238,803.47
4268320.0,340901.7,441.2936,1024.99
4268321.0,337237.7,493.9971,435.85
4268323.0,334308.9,585.5487,3.15
4268325.0,340889.9,441.5903,1039.68
4268325.0,342530.2,446.8485,737.66
4268330.0,340874.8,442.137,1059.44
4268337.0,340118.5,397.9532,3162.8
4268338.0,340852.7,441.9395,1090.6
4268339.0,326224.6,514.5133,1.03
4268340.0,337916.7,516.3792,1318.32
4268341.0,332797.2,548.7729,2.59
4268349.0,340821.4,440.6172,1139.09
4268354.0,333494.2,560.9215,1.14
4268354.0,341588.9,558.8712,785.68
4268354.0,346759.2,583.8688,49.57
4268356.0,344436.0,508.4542,516.95
4268359.0,338596.9,553.8574,1992.98
4268361.0,335668.4,430.8071,34.98
4268365.0,340777.6,438.7952,1216.17
4268368.0,329799.2,523.5615,0.16
4268369.0,331991.6,543.6135,0.24
4268375.0,343338.6,389.4201,861.52
4268376.0,326853.7,515.7317,1.95
4268377.0,339277.2,596.0495,3586.26
4268380.0,336344.7,456.6451,71.54
4268383.0,342370.5,397.6843,670.59
4268385.0,345488.6,399.0007,282.3
4268387.0,340717.1,435.419,1342.48
4268394.0,341479.1,536.2523,765.38
4268395.0,334843.3,400.0837,9.88
4268400.0,337021.6,483.5529,274.53
4268401.0,339943.5,389.8226,4269.87
4268402.0,331169.3,535.0987,0.38
4268404.0,334087.4,578.6308,1.04
4268414.0,327481.5,517.5048,1.82
4268418.0,340633.3,430.2549,1560.26
4268419.0,337700.5,506.6539,1093.44
4268420.0,344259.9,551.3124,572.17
4268425.0,341393.2,504.5617,764.8
4268433.0,343178.8,402.7008,906.15
4268435.0,323768.2,522.0327,9.55
4268438.0,338380.8,541.5325,1768.02
4268439.0,335452.3,421.0438,27.64
4268441.0,342210.7,632.2119,916.56
4268448.0,341331.3,486.9007,775.11
4268449.0,330309.2,527.6736,0.1
4268451.0,328109.2,518.0592,0.57
4268456.0,339061.1,584.7459,3125.58
4268458.0,333207.9,551.7765,3.07
4268458.0,346473.6,588.1945,66.96
4268459.0,336128.5,448.4959,61.03
4268460.0,340517.2,424.3879,1959.85
4268463.0,324423.5,515.3146,4.1
4268464.0,341286.6,479.386,788.49
4268465.0,345268.9,409.5192,345.7
4268469.0,332447.7,545.2454,1.44
4268473.0,334627.2,593.8512,7.32
4268474.0,339741.4,382.8638,5329.32
4268476.0,341254.2,473.2339,801.64
4268479.0,336805.5,472.7566,176.82
4268479.0,344096.1,578.8486,631.82
4268484.0,341231.1,470.5689,812.99
4268490.0,328734.9,517.8612,0.94
4268490.0,341214.7,469.1406,822.01
4268491.0,333849.1,572.3147,0.34
4268491.0,343019.1,399.9726,921.56
4268495.0,341201.9,467.603,829.64
4268495.0,342061.4,593.9464,861.32
4268498.0,337484.4,499.5452,833.66
4268499.0,325053.8,512.0958,2.47
4268499.0,341190.0,466.3454,837.2
4268502.0,331624.2,539.2899,0.21
4268504.0,341178.3,465.3318,845.17
4268508.0,341166.6,464.7551,853.63
4268512.0,341154.8,464.7482,862.61
4268514.0,340368.6,416.3162,2446.88
4268516.0,338164.7,527.0456,1599.22
4268518.0,335236.1,412.3203,20.0
4268518.0,341139.7,464.2099,874.79
4268526.0,341117.6,463.0443,894.31
4268535.0,338845.0,570.4356,2608.46
4268535.0,345076.9,432.0378,406.32
4268536.0,325684.2,512.0136,0.81
4268537.0,341086.3,462.2133,925.28
4268537.0,343936.4,591.6792,698.31
4268538.0,329334.0,519.6879,0.29
4268538.0,335912.4,438.1097,50.83
4268539.0,330791.6,530.6838,0.3
4268542.0,341932.0,567.2049,811.46
4268549.0,342859.3,375.3289,898.3
4268552.0,334411.1,586.4363,3.62
4268552.0,346215.3,595.5783,91.11
4268553.0,339525.3,620.0605,4669.54
4268553.0,341042.5,462.3474,975.7
4268557.0,336589.3,463.2844,121.74
4268573.0,326313.3,513.0318,0.96
4268574.0,332890.2,548.2373,5.3
4268575.0,340982.0,460.3706,1060.58
4268576.0,337268.3,490.4418,580.14
4268578.0,340193.5,408.9327,3145.0
4268582.0,341822.2,548.5991,776.54
4268585.0,333589.2,561.9209,0.57
4268595.0,337948.6,514.497,1471.98
4268596.0,343776.6,581.531,769.62
4268597.0,335020.0,402.2373,13.2
4268599.0,344900.7,462.8112,468.42
4268602.0,332080.8,542.1135,0.52
4268603.0,329886.7,522.769,0.1
4268606.0,340898.2,455.3854,1211.66
4268607.0,342699.6,361.7046,841.54
4268611.0,326941.1,514.9974,2.16
4268613.0,338628.9,554.5221,2147.78
4268613.0,341736.3,531.3397,758.8
4268616.0,335696.3,427.9443,38.62
4268632.0,339309.1,611.3238,4258.11
4268633.0,334189.6,578.1573,1.3
4268636.0,331256.8,535.0896,0.42
4268636.0,336373.2,453.9501,89.54
4268636.0,341674.4,519.095,752.94
4268640.0,345972.4,603.454,128.82
4268648.0,327568.9,516.6104,1.34
4268648.0,340782.1,448.2024,1387.23
4268652.0,339991.4,404.2796,4033.16
4268652.0,341629.7,512.5674,752.73
4268654.0,343616.9,576.0691,906.4
4268655.0,337052.1,480.5388,370.46
4268659.0,344737.0,478.2566,535.38
4268662.0,342550.2,358.4765,767.77
4268664.0,341597.3,506.6805,754.93
4268668.0,323858.3,519.6407,5.93
4268672.0,341574.1,503.1812,757.8
4268673.0,337732.4,505.2579,1336.5
4268675.0,334803.9,595.7101,9.79
4268678.0,341557.8,501.3453,760.49
4268683.0,330396.7,527.0017,0.1
4268683.0,341545.0,499.8707,762.98
4268686.0,328196.7,516.3532,0.41
4268687.0,341533.1,498.9612,765.61
4268689.0,333302.8,552.4198,2.12
4268692.0,338412.7,539.8306,1829.44
4268692.0,341521.4,498.2023,768.54
4268695.0,335480.1,418.084,26.2
4268696.0,324513.5,513.4127,1.56
4268696.0,341509.6,497.3779,771.8
4268700.0,341497.9,496.4678,775.39
4268701.0,332540.6,543.6974,4.09
4268702.0,340633.5,439.08,1675.77
4268706.0,341482.8,494.7957,780.43
4268709.0,342420.8,623.5485,977.79
4268710.0,339093.0,602.7857,3546.6
4268711.0,347035.9,569.2535,61.45
4268712.0,343457.2,584.6437,1059.86
4268714.0,341460.7,492.069,788.9
4268715.0,336157.1,444.0281,66.34
4268717.0,344577.2,488.2067,611.88
4268720.0,333951.3,570.5007,0.46
4268720.0,345752.8,610.9301,177.19
4268724.0,328822.3,517.3068,0.51
4268725.0,341429.3,489.7213,803.09
4268730.0,339775.3,405.3664,4848.66
4268733.0,325143.9,511.8139,0.8
4268734.0,336836.0,469.4896,222.49
4268736.0,331713.4,538.2535,0.29
4268741.0,341385.6,490.4515,827.59
4268749.0,342311.0,599.3255,925.0
4268752.0,337516.3,496.209,1067.51
4268754.0,334587.8,589.2042,5.27
4268763.0,341325.1,491.9736,871.4
4268766.0,340458.4,432.6847,2120.89
4268770.0,325773.0,511.3712,0.44
4268770.0,343297.4,596.6894,1197.56
4268771.0,338196.6,526.0789,1701.08
4268772.0,329421.5,518.9795,0.15
4268774.0,330879.1,531.5693,0.59
4268774.0,335264.0,407.3142,16.14
4268775.0,344417.5,495.9103,700.69
4268780.0,342225.1,584.3385,885.35
4268789.0,338876.9,584.0921,2759.75
4268790.0,345560.7,618.2846,217.52
4268793.0,335940.9,434.7464,45.74
4268794.0,341241.3,490.4112,953.78
4268802.0,342163.2,571.7217,859.54
4268805.0,332985.1,548.0586,4.93
4268807.0,326400.8,512.4378,1.13
4268809.0,339559.2,401.4597,5256.16
4268812.0,336619.9,459.2915,131.4
4268814.0,333691.4,561.6286,0.42
4268815.0,346750.3,567.7434,51.61
4268819.0,342118.5,564.2275,843.04
4268824.0,343148.0,606.5022,1288.89
4268830.0,342086.1,561.0332,832.41
4268831.0,337300.2,487.0771,776.56
4268833.0,344257.7,493.0973,800.47
4268834.0,332173.7,539.1672,1.45
4268835.0,334366.2,578.8374,2.51
4268836.0,341125.1,484.7238,1022.76
4268837.0,329974.1,523.2806,0.1
4268839.0,340256.3,427.3177,2742.76
4268839.0,342063.0,557.7214,825.57
4268845.0,327028.6,515.1411,2.24
4268845.0,342046.6,555.2774,821.14
4268849.0,337980.5,513.0822,1604.24
4268849.0,342033.8,552.7426,817.91
4268852.0,335047.9,399.3786,9.37
4268854.0,342022.0,549.8407,815.11
4268854.0,345384.6,383.1425,355.85
4268858.0,342010.2,547.3114,812.54
4268862.0,341998.5,545.5375,810.17
4268867.0,341986.7,544.2034,808.01
4268868.0,338660.8,558.9378,2140.99
4268870.0,331345.9,534.2438,0.41
4268871.0,343018.6,598.5307,1292.62
4268872.0,335724.8,424.8622,28.02
4268872.0,341971.7,542.3676,805.52
4268880.0,341949.5,538.9418,802.49
4268882.0,327656.4,514.9883,0.96
4268888.0,339343.0,398.6676,5095.98
4268890.0,340976.5,475.69,1147.18
4268891.0,336403.8,449.9415,78.57
4268891.0,344098.0,503.6854,905.58
4268892.0,341918.2,533.1382,799.57
4268902.0,323948.3,516.7373,3.71
4268907.0,341874.4,529.1932,798.36
4268909.0,337084.0,475.2758,448.36
4268909.0,346492.0,571.1701,44.99
4268911.0,342908.8,586.6786,1241.93
4268914.0,345220.8,385.4084,422.8
4268917.0,330484.1,527.8848,0.3
4268918.0,333405.0,553.1926,1.13
4268918.0,340040.2,430.7363,3426.3
4268920.0,328284.2,515.8732,0.34
4268921.0,334127.9,570.5498,1.19
4268928.0,337764.3,502.8157,1438.58
4268929.0,324603.6,513.8052,0.64
4268929.0,341813.9,528.516,802.44
4268931.0,334831.8,593.6863,6.61
4268932.0,332635.6,543.9039,5.65
4268943.0,342823.0,580.2774,1186.6
4268946.0,338444.6,542.4643,1840.06
4268950.0,343938.3,511.8246,1082.04
4268951.0,335508.7,414.0926,15.54
4268954.0,340801.5,473.6979,1356.47
4268958.0,328909.8,517.7728,0.42
4268960.0,341730.1,526.6237,820.34
4268965.0,342761.1,578.847,1141.01
4268966.0,325232.7,511.4698,0.29
4268966.0,339126.9,380.6333,4453.94
4268968.0,331806.3,536.3849,0.48
4268970.0,336187.6,440.9582,46.53
4268972.0,345061.1,383.902,491.73
4268981.0,342716.3,579.2684,1106.23
4268988.0,336867.9,464.6467,213.32
4268993.0,342684.0,580.2848,1080.49
4268997.0,339824.1,434.3533,3956.91
4268998.0,346249.1,577.5883,52.51
4269002.0,341614.0,523.9997,871.48
4269002.0,342660.8,581.6752,1061.91
4269004.0,325860.5,511.8216,0.36
4269004.0,343788.9,500.6899,1257.66
4269006.0,329508.9,518.7415,0.15
4269007.0,330968.3,532.0571,0.86
4269007.0,337548.2,492.4644,1194.39
4269008.0,342644.4,583.3079,1048.76
4269012.0,334610.2,583.9399,4.14
4269012.0,342631.7,583.6532,1038.52
4269016.0,333868.0,563.1651,0.82
4269017.0,342619.8,582.7412,1029.05
4269021.0,342608.0,582.521,1019.72
4269025.0,338228.5,527.5756,1663.49
4269025.0,342596.3,583.3328,1010.44
4269027.0,340599.4,465.6502,1678.63
4269029.0,335292.6,405.4006,8.47
4269029.0,342584.6,584.8034,1001.21
4269030.0,344901.3,390.102,580.93
4269034.0,333087.3,547.3978,2.98
4269035.0,342569.5,587.4516,989.49
4269041.0,326488.3,512.9637,1.52
4269043.0,342547.3,593.3661,972.49
4269045.0,338910.8,590.0202,2573.12
4269048.0,335971.5,432.4355,25.82
4269051.0,343659.5,493.8396,1394.87
4269054.0,342516.0,599.3565,949.08
4269056.0,341465.4,520.0602,882.85
4269066.0,332268.7,539.9668,3.27
4269067.0,336651.8,455.6159,95.67
4269070.0,342472.2,602.4941,917.91
4269071.0,330061.6,523.8961,0.16
4269075.0,339607.9,446.2255,4148.43
4269078.0,346029.5,581.5863,74.74
4269079.0,327116.1,514.5753,2.1
4269085.0,337332.1,481.1403,814.02
4269088.0,344741.6,403.1735,703.15
4269091.0,343549.7,494.9434,1486.24
4269092.0,342411.7,601.6015,878.17
4269098.0,334371.9,575.7178,2.84
4269102.0,331438.9,533.9838,0.44
4269104.0,338012.4,515.6334,1637.77
4269106.0,340383.3,455.7329,2086.23
4269108.0,335076.4,599.4686,4.72
4269117.0,327743.8,514.6364,0.7
4269120.0,333581.7,554.8373,0.95
4269120.0,341290.3,522.4405,934.11
4269122.0,343463.8,499.6228,1533.78
4269123.0,342328.0,588.2979,830.64
4269123.0,347288.9,559.7118,96.31
4269124.0,338694.6,567.3662,1876.34
4269127.0,323329.1,518.2208,5.93
4269127.0,335755.4,422.088,13.11
4269135.0,324038.4,517.4085,2.65
4269145.0,336435.7,446.8847,44.91
4269145.0,343401.9,507.889,1553.24
4269146.0,344581.8,424.9018,868.75
4269148.0,345837.4,585.5454,106.85
4269151.0,330573.3,529.1184,0.83
4269154.0,328371.6,516.4052,0.31
4269154.0,339391.8,437.869,3932.26
4269161.0,332737.7,543.0814,4.3
4269161.0,343357.2,513.7865,1558.9
4269163.0,324692.4,512.5861,0.4
4269164.0,337115.9,471.7188,424.33
4269165.0,342211.8,574.1092,781.91
4269173.0,343324.8,515.3295,1546.67
4269181.0,343301.7,517.0402,1526.24
4269182.0,337796.2,503.7767,1593.08
4269185.0,340167.1,456.1379,2499.42
4269187.0,343285.3,519.6768,1510.46
4269189.0,334854.9,591.3003,3.74
4269192.0,328997.2,516.326,0.47
4269192.0,343272.5,522.2679,1497.44
4269193.0,334112.0,567.4563,2.17
4269194.0,341088.2,519.5046,1042.44
4269196.0,343260.6,524.434,1484.8
4269200.0,331901.3,536.8533,0.99
4269201.0,325320.2,510.9983,0.22
4269201.0,343248.9,526.872,1471.75
4269202.0,338478.5,547.4112,1565.39
4269205.0,343237.1,529.4754,1458.2
4269205.0,344422.1,451.1084,1030.49
4269206.0,335539.2,412.182,6.56
4269209.0,343225.4,532.1164,1444.16
4269212.0,345661.3,589.5726,145.87
4269215.0,343210.3,535.7226,1425.59
4269219.0,342063.2,569.5735,756.21
4269223.0,343188.2,544.1244,1397.01
4269224.0,336219.5,438.3899,22.66
4269227.0,347003.4,556.0032,89.46
4269233.0,339175.7,396.3571,3395.61
4269234.0,343156.8,556.4067,1354.32
4269236.0,333264.0,548.1333,1.47
4269238.0,325948.0,510.931,0.47
4269239.0,331061.2,532.1284,1.02
4269240.0,329596.4,519.2249,0.22
4269243.0,336899.8,463.3682,152.09
4269250.0,343113.1,566.9319,1291.07
4269259.0,344272.7,456.716,1216.18
4269261.0,337580.1,492.1456,1263.59
4269263.0,339951.0,477.8798,2825.95
4269271.0,345497.5,591.2783,188.98
4269272.0,340872.1,504.1378,1216.15
4269272.0,343052.6,576.3408,1199.14
4269275.0,334616.6,582.0381,3.64
4269276.0,326575.7,512.6893,2.06
4269281.0,338262.4,534.1201,1596.66
4269283.0,341888.1,581.1447,790.28
4269284.0,335323.1,404.6185,3.89
4269295.0,332370.8,540.4361,3.77
4269297.0,333825.7,557.9277,1.67
4269302.0,342968.8,573.3583,1069.52
4269303.0,336003.4,428.7186,11.53
4269305.0,330150.7,523.5143,0.46
4269306.0,344143.3,447.2528,1445.01
4269311.0,338959.5,603.4455,1776.21
4269313.0,327203.5,514.1545,1.78
4269321.0,336683.7,453.4806,54.34
4269321.0,346745.0,556.1239,70.39
4269329.0,345337.8,589.8667,237.29
4269333.0,331533.8,534.3048,0.6
4269340.0,337364.0,481.938,758.48
4269342.0,339734.9,487.6595,2969.35
4269345.0,342852.6,569.0106,898.71
4269346.0,344033.5,439.9879,1638.9
4269351.0,327831.3,514.4328,0.52
4269351.0,340656.0,491.3091,1442.92
4269356.0,341686.1,582.426,815.38
4269360.0,323419.2,518.2161,5.6
4269360.0,338046.3,521.1623,1764.8
4269363.0,332914.4,542.4782,2.42
4269365.0,335101.6,598.2321,2.35
4269369.0,324127.2,516.1373,2.33
4269370.0,334356.7,572.418,3.75
4269377.0,343947.6,437.8287,1775.99
4269381.0,335787.3,419.4213,5.78
4269383.0,330666.2,528.4668,1.65
4269388.0,328459.1,515.1418,0.29
4269388.0,345178.0,591.7985,294.83
4269390.0,338743.4,576.1263,1397.07
4269397.0,324779.9,510.7519,0.54
4269399.0,342704.1,572.4439,715.66
4269400.0,336467.6,443.5927,22.71
4269400.0,343885.7,440.4233,1860.52
4269409.0,346502.2,557.5807,53.76
4269413.0,333508.0,551.3033,1.18
4269416.0,343841.0,442.131,1911.24
4269418.0,337147.9,471.1045,334.54
4269421.0,339518.8,451.098,2875.09
4269427.0,329084.7,515.8227,0.59
4269428.0,332003.4,537.0739,2.01
4269428.0,343808.7,442.238,1941.45
4269430.0,340439.8,491.0586,1700.18
4269435.0,325407.6,509.6431,0.22
4269435.0,341469.9,570.4541,868.52
4269436.0,343785.5,441.7014,1959.38
4269438.0,337830.1,507.1738,1668.63
4269442.0,343769.1,441.3752,1970.1
4269446.0,345018.3,597.4871,369.25
4269447.0,343756.3,441.8532,1977.35
4269451.0,343744.5,442.8029,1983.13
4269452.0,334863.3,588.4395,2.83
4269455.0,343732.7,444.0502,1987.92
4269460.0,335571.1,411.0066,3.68
4269460.0,343721.0,445.3088,1991.75
4269463.0,342529.0,604.1081,570.04
4269464.0,343709.2,446.594,1994.61
4269469.0,338527.3,556.3235,1356.88
4269469.0,343694.2,447.3535,1997.01
4269471.0,331156.1,533.265,1.1
4269472.0,326035.4,510.2932,0.79
4269474.0,329685.5,518.6877,0.49
4269474.0,334070.3,562.7442,3.14
4269478.0,343672.0,448.2172,1997.6
4269479.0,336251.4,434.4727,11.57
4269489.0,343640.7,451.1283,1992.46
4269489.0,346282.5,556.3513,55.82
4269496.0,332547.5,539.3959,3.06
4269497.0,336931.7,459.568,105.1
4269499.0,339302.6,403.325,2608.54
4269504.0,344858.5,603.799,474.04
4269505.0,343596.9,455.8022,1973.38
4269508.0,340223.7,498.9864,1940.15
4269510.0,326663.2,512.4602,2.56
4269514.0,341253.8,577.7195,985.18
4269517.0,337614.0,493.8066,1181.6
4269527.0,343536.4,465.705,1863.9
4269536.0,342326.9,359.5385,302.64
4269537.0,330243.7,522.6754,1.39
4269540.0,333158.4,545.2614,1.29
4269541.0,335349.6,402.7227,2.76
4269546.0,334603.4,577.9237,3.71
4269547.0,327291.0,513.1587,1.4
4269547.0,338311.2,539.4089,1558.73
4269557.0,336035.3,426.4784,6.5
4269557.0,343452.7,475.4237,1634.32
4269559.0,346090.4,557.3267,69.66
4269562.0,331636.0,534.1449,0.98
4269562.0,344698.8,618.0159,630.42
4269576.0,336715.6,448.836,35.57
4269578.0,339086.5,609.1718,1469.82
4269585.0,327918.7,514.2525,0.38
4269587.0,340007.6,498.6029,2106.79
4269590.0,333752.6,554.4405,1.7
4269592.0,341037.7,578.1168,1162.91
4269594.0,323508.0,517.3546,5.7
4269596.0,337397.9,481.0473,666.71
4269600.0,343336.5,490.4637,1279.01
4269603.0,324214.7,512.9545,2.5
4269615.0,330761.2,529.4804,2.19
4269615.0,342110.8,369.4795,305.39
4269616.0,344549.4,393.0785,1138.79
4269622.0,328546.5,513.9414,0.3
4269623.0,345914.3,558.536,94.03
4269626.0,338095.0,525.3234,1710.24
4269628.0,335111.3,595.3098,2.21
4269630.0,332180.1,537.5035,2.75
4269631.0,324867.3,509.8951,1.08
4269636.0,335819.2,418.2073,4.3
4269651.0,334317.0,568.6501,3.68
4269654.0,336499.5,439.8303,15.27
4269654.0,343187.9,515.2048,852.66
4269657.0,338870.4,585.7822,1218.8
4269660.0,329173.8,515.5877,0.83
4269660.0,347269.5,549.9259,114.26
4269663.0,344420.0,400.2386,1357.11
4269666.0,339791.5,462.7761,2181.64
4269669.0,325495.1,509.67,0.35
4269671.0,340821.5,569.6853,1378.5
4269674.0,332791.5,540.4664,2.0
4269674.0,337181.7,468.3692,269.22
4269683.0,345750.6,560.064,128.89
4269693.0,341894.7,377.6114,387.46
4269700.0,331258.3,533.8491,1.18
4269703.0,344310.2,398.841,1596.07
4269705.0,337878.9,509.2733,1498.45
4269706.0,329778.4,518.6635,1.28
4269707.0,326122.9,511.116,1.37
4269717.0,333403.0,548.0028,0.93
4269717.0,335597.6,408.8908,3.19
4269717.0,343012.8,556.886,495.67
4269722.0,334851.4,583.9619,3.05
4269733.0,336283.3,432.8311,8.67
4269735.0,338654.2,567.8617,1220.08
4269735.0,344224.3,398.9798,1788.95
4269741.0,345590.8,562.1562,176.37
4269744.0,326750.6,511.1665,2.77
4269744.0,339575.3,414.1722,2196.93
4269750.0,340605.4,575.5576,1595.98
4269753.0,336965.6,456.9,87.29
4269754.0,347011.2,550.9908,111.72
4269757.0,344162.4,401.8375,1924.36
4269764.0,331812.7,534.9215,1.63
4269766.0,333999.3,559.604,2.17
4269768.0,330338.6,522.256,2.74
4269772.0,341678.5,384.4633,552.0
4269773.0,344117.7,403.6577,2016.51
4269782.0,327378.4,513.5135,1.06
4269783.0,337662.8,494.5937,1044.3
4269785.0,344085.4,405.1188,2078.54
4269791.0,342810.7,614.443,283.31
4269794.0,344062.2,406.1845,2119.9
4269799.0,345431.1,563.8131,239.05
4269800.0,344045.8,406.5578,2147.37
4269803.0,335359.4,400.4229,2.99
4269804.0,344033.0,406.9843,2167.75
4269807.0,332424.1,537.9352,2.65
4269809.0,344021.2,407.6571,2185.73
4269812.0,336067.2,424.195,6.13
4269813.0,344009.4,408.7264,2202.56
4269814.0,338438.1,553.1849,1395.55
4269817.0,343997.7,409.8729,2218.37
4269819.0,328006.2,513.7553,0.31
4269821.0,343985.9,410.8008,2233.1
4269823.0,339359.2,389.3085,2223.83
4269826.0,334565.1,574.2566,3.04
4269827.0,343970.9,411.2661,2250.57
4269828.0,323595.5,514.579,6.15
4269828.0,340389.3,568.1496,1786.74
4269832.0,336749.5,446.4405,31.32
4269835.0,343948.7,411.3355,2272.77
4269837.0,324302.1,512.0995,3.03
4269843.0,330863.3,530.7424,1.98
4269843.0,346768.3,548.8465,104.25
4269846.0,343917.4,412.1234,2296.68
4269851.0,333036.2,542.2163,1.16
4269851.0,341462.4,401.9019,771.94
4269856.0,328635.7,514.0353,0.41
4269857.0,345271.3,566.7086,318.5
4269862.0,337446.6,480.6936,623.0
4269862.0,343873.6,414.9402,2314.04
4269866.0,324954.8,510.2364,1.98
4269870.0,342594.6,355.1221,159.73
4269884.0,343813.1,421.6304,2304.8
4269892.0,329266.8,514.5278,1.4
4269892.0,335845.7,414.0088,4.81
4269893.0,333649.7,550.7167,0.97
4269893.0,338222.0,534.7801,1506.58
4269898.0,335099.5,591.6433,2.86
4269901.0,331435.0,532.8173,1.32
4269902.0,339143.1,616.8711,1353.57
4269903.0,325582.5,510.9224,0.61
4269907.0,340173.2,555.8459,1586.23
4269910.0,336533.4,436.9275,14.66
4269915.0,343729.3,431.9554,2225.37
4269916.0,345111.6,572.5004,417.07
4269922.0,346548.7,546.3765,98.21
4269929.0,341246.3,413.1691,937.03
4269938.0,329873.4,518.0192,2.9
4269941.0,326210.3,509.9266,2.13
4269941.0,332056.7,534.5575,1.83
4269941.0,337230.5,467.1177,240.29
4269942.0,334247.3,566.0695,2.0
4269948.0,342378.5,375.728,176.16
4269957.0,343613.2,451.4673,1862.1
4269971.0,338005.8,516.1437,1388.82
4269974.0,344951.8,581.07,540.71
4269978.0,326838.1,510.7176,2.6
4269979.0,335607.4,405.3489,5.03
4269980.0,338926.9,602.5642,1228.71
4269984.0,332668.7,538.2525,1.65
4269986.0,339957.0,519.441,1003.17
4269989.0,336317.2,427.8443,10.11
4269992.0,346356.6,544.8843,100.35
4269997.0,330440.8,521.8671,3.02
4270002.0,334813.1,581.0402,2.7
4270008.0,341030.1,398.758,922.85
4270011.0,343464.6,486.2055,1198.46
4270016.0,327465.9,513.3776,0.82
4270019.0,337014.4,454.3619,84.01
4270027.0,333282.8,543.8066,0.91
4270027.0,342162.4,423.1802,302.87
4270028.0,344802.5,589.9426,690.88
4270045.0,331040.0,530.2412,1.44
4270050.0,337789.7,499.6033,1060.97
4270053.0,328095.4,513.2861,0.3
4270057.0,346180.5,543.637,112.96
4270059.0,338710.8,585.4952,1227.76
4270062.0,323682.9,513.3916,6.98
4270064.0,339740.9,465.875,747.68
4270069.0,333897.8,555.5738,1.24
4270069.0,336095.7,418.5009,9.99
4270071.0,324389.6,512.0021,3.87
4270074.0,335347.5,597.6674,3.96
4270075.0,343289.5,524.6255,595.22
4270075.0,344673.1,596.4223,862.79
4270079.0,331679.0,531.8115,1.28
4270087.0,340814.0,398.8065,749.58
4270088.0,328728.6,512.6743,0.67
4270098.0,336798.3,441.486,33.27
4270100.0,325042.2,510.3929,2.89
4270106.0,341946.2,505.9584,649.22
4270115.0,344563.3,602.0737,1050.9
4270116.0,346016.7,542.7224,136.71
4270118.0,332301.3,535.3136,1.45
4270118.0,334495.4,571.2995,1.69
4270124.0,329361.7,515.4657,2.31
4270129.0,337573.6,483.3277,535.02
4270137.0,325670.0,510.1516,1.1
4270138.0,338494.7,562.0677,1210.58
4270143.0,339524.8,437.2173,644.19
4270146.0,344477.4,607.3986,1229.82
4270148.0,343087.4,547.8087,256.03
4270156.0,335857.4,409.7475,13.35
4270161.0,332915.4,540.7531,1.21
4270165.0,340597.9,362.8995,529.99
4270167.0,329975.6,515.4658,3.86
4270169.0,344415.5,610.2352,1376.22
4270174.0,345857.0,543.8503,173.97
4270175.0,326297.8,508.9476,2.73
4270177.0,336582.1,431.0548,19.07
4270178.0,335061.1,586.7695,4.02
4270184.0,341730.1,527.5797,1165.09
4270185.0,344370.8,611.7827,1490.12
4270189.0,347278.4,544.5317,64.06
4270197.0,344338.4,613.6274,1575.94
4270199.0,330617.5,522.4517,1.99
4270203.0,333530.9,546.9865,1.14
4270205.0,344315.2,615.013,1638.71
4270207.0,337357.5,467.2936,195.01
4270211.0,344298.9,615.4799,1683.56
4270212.0,326925.6,511.1872,2.23
4270216.0,338278.5,537.2577,1032.67
4270216.0,344286.1,615.4546,1718.77
4270220.0,344274.2,615.2181,1751.53
4270222.0,331284.0,530.2063,1.01
4270222.0,339308.6,420.3463,636.04
4270225.0,344262.5,615.2623,1783.95
4270227.0,342871.3,566.7101,160.94
4270229.0,344250.7,615.5224,1816.3
4270232.0,345697.2,545.2295,227.06
4270233.0,344239.0,615.5829,1848.49
4270239.0,344223.9,615.8062,1889.56
4270244.0,340381.7,614.9867,435.81
4270245.0,334145.8,561.5881,1.21
4270247.0,344201.8,616.5505,1949.0
4270249.0,327555.0,512.0512,0.72
4270251.0,335597.5,399.9584,12.64
4270256.0,331923.6,532.5504,1.06
4270257.0,336360.6,422.1628,19.11
4270258.0,344170.4,618.0243,2030.16
4270263.0,341514.0,470.4435,1492.92
4270274.0,344126.7,620.3784,2134.47
4270277.0,347035.6,546.8563,94.5
4270285.0,328188.3,512.4695,0.36
4270286.0,337141.3,452.9742,71.05
4270291.0,345537.5,546.7182,293.45
4270294.0,332548.0,539.8213,1.22
4270294.0,334743.4,577.0806,2.7
4270295.0,338062.4,516.4528,681.52
4270296.0,344066.2,383.2297,2357.03
4270297.0,323770.4,512.123,8.14
4270300.0,339092.5,399.7341,646.84
4270306.0,324477.0,510.5285,4.97
4270306.0,342655.2,599.9896,163.22
4270320.0,328823.6,512.8562,0.95
4270323.0,340165.6,603.9561,383.2
4270327.0,343982.4,393.5617,2413.71
4270334.0,325129.7,509.5243,3.38
4270336.0,333163.5,542.9278,1.5
4270342.0,341297.8,412.1624,1304.23
4270344.0,336122.3,413.8084,18.1
4270349.0,345377.7,550.3839,363.79
4270353.0,329463.9,514.9986,2.69
4270355.0,335311.1,591.1186,10.24
4270357.0,346815.9,546.3061,115.92
4270365.0,336925.2,440.6266,31.61
4270368.0,330152.2,514.5065,3.4
4270369.0,343866.2,411.5567,2286.62
4270372.0,325757.5,508.8703,1.75
4270374.0,337846.3,495.5858,331.72
4270376.0,330861.5,524.698,1.07
4270379.0,333778.9,551.4593,1.39
4270379.0,338876.4,608.2491,440.36
4270384.0,342439.1,374.3015,296.08
4270399.0,331528.7,530.0644,0.91
4270401.0,339949.5,583.2339,423.76
4270407.0,345218.0,556.8415,425.99
4270409.0,326385.2,509.2087,2.79
4270420.0,341081.7,375.523,801.62
4270421.0,334393.8,567.1736,1.67
4270423.0,343717.6,436.6646,1785.0
4270427.0,346623.8,544.2799,115.25
4270432.0,332170.3,538.0589,1.22
4270439.0,335862.4,404.2013,12.33
4270445.0,336703.7,429.3767,20.61
4270446.0,327014.7,511.4957,1.88
4270452.0,337630.2,478.4099,123.82
4270458.0,338660.3,586.8902,463.19
4270461.0,345068.6,563.2688,473.07
4270463.0,342222.9,469.6361,840.57
4270470.0,332796.0,541.6989,1.56
4270471.0,334993.4,582.4138,5.1
4270480.0,339733.4,556.5086,421.93
4270482.0,327647.9,511.3108,0.75
4270487.0,343542.6,463.1072,1055.1
4270491.0,346447.7,541.5773,124.08
4270499.0,340865.6,364.2115,386.65
4270508.0,344939.2,567.619,512.75
4270512.0,333411.5,544.0856,2.17
4270516.0,328283.2,511.4202,0.46
4270531.0,323857.8,510.7771,9.34
4270531.0,337414.0,463.1911,46.16
4270532.0,336465.4,419.7312,13.46
4270536.0,338444.1,572.5953,451.02
4270540.0,324564.5,509.2722,5.89
4270542.0,342006.8,490.8098,2020.7
4270543.0,335576.0,596.1427,11.68
4270546.0,330396.2,516.5269,2.06
4270548.0,344829.4,571.3633,554.01
4270549.0,328925.7,513.8198,0.96
4270551.0,346283.9,537.9336,145.93
4270553.0,331106.1,525.7944,0.71
4270554.0,334026.9,555.1794,1.44
4270555.0,329640.6,513.8743,2.31
4270559.0,339517.2,509.123,449.73
4270560.0,343340.5,484.245,484.0
4270568.0,325217.1,508.8789,3.12
4270576.0,331775.3,534.8028,1.07
4270578.0,340649.5,636.5311,275.55
4270580.0,344743.5,574.3664,596.31
4270598.0,334643.8,571.3636,2.24
4270602.0,344681.6,576.1459,634.08
4270606.0,325844.9,508.5448,2.02
4270608.0,332418.4,543.1017,1.59
4270609.0,346124.2,535.8968,182.04
4270612.0,337192.5,448.1351,19.0
4270615.0,338228.0,537.9163,396.83
4270618.0,344636.9,577.014,665.83
4270620.0,341790.7,433.2966,2167.92
4270627.0,336205.5,409.6058,9.98
4270630.0,344604.6,578.1947,691.34
4270637.0,339301.1,465.755,509.79
4270639.0,343124.4,496.3438,246.73
4270639.0,344581.4,578.9238,710.98
4270643.0,326474.4,509.8893,2.47
4270644.0,344565.0,579.216,725.57
4270646.0,333044.1,540.9412,2.58
4270649.0,344552.2,579.0821,737.36
4270653.0,344540.4,578.6824,748.63
4270656.0,340433.3,603.8143,237.6
4270658.0,335258.3,585.8715,5.63
4270658.0,344528.6,578.3988,760.11
4270662.0,344516.9,578.1951,771.89
4270666.0,344505.1,578.266,783.99
4270667.0,345964.4,535.7077,228.55
4270672.0,344490.1,578.6537,799.93
4270678.0,327107.6,510.9216,1.64
4270680.0,344467.9,579.1072,824.29
4270688.0,333659.5,546.6763,1.92
4270691.0,344436.6,580.155,860.54
4270694.0,338011.9,498.0415,214.72
4270698.0,336954.2,434.3438,9.23
4270699.0,341574.5,400.3285,1952.46
4270707.0,344392.8,582.2554,914.39
4270713.0,327742.9,510.8522,0.91
4270713.0,347301.9,539.0726,76.41
4270716.0,339085.0,443.3011,593.3
4270718.0,342908.2,513.2451,229.7
4270723.0,330640.9,518.9292,1.18
4270725.0,345804.7,535.0193,286.88
4270729.0,331352.8,528.3147,0.77
4270729.0,344332.3,584.682,993.87
4270731.0,334277.0,559.2282,1.58
4270731.0,335919.1,399.6731,7.81
4270732.0,329884.6,512.3134,1.59
4270735.0,340217.2,569.7795,172.53
4270745.0,328385.4,511.5531,0.57
4270750.0,329102.4,514.1705,0.78
4270751.0,332023.4,541.4485,1.4
4270760.0,344248.6,587.8358,1108.27
4270765.0,323945.3,510.0875,9.77
4270774.0,324652.0,509.4459,5.76
4270774.0,337790.3,476.0785,85.85
4270778.0,341358.4,380.8261,1502.27
4270783.0,332666.4,542.9503,2.34
4270784.0,345645.0,533.8293,337.67
4270786.0,334908.7,574.6063,3.47
4270792.0,347082.3,536.6868,92.99
4270793.0,336694.3,421.6262,7.65
4270795.0,338868.8,384.9149,675.65
4270796.0,342692.1,549.7283,461.54
4270802.0,325304.6,509.8292,2.38
4270802.0,344132.4,596.6571,1252.96
4270814.0,340001.1,524.5952,161.5
4270822.0,333292.1,542.1425,3.02
4270839.0,325934.1,508.4084,1.86
4270842.0,345485.2,535.1272,356.45
4270846.0,335601.4,591.6112,3.99
4270856.0,341142.3,633.34,1048.08
4270856.0,343983.8,610.0947,1336.2
4270861.0,337552.1,460.1426,30.52
4270862.0,346890.2,538.5094,96.64
4270865.0,333909.5,551.2252,1.02
4270873.0,338652.7,559.174,546.02
4270875.0,326567.3,510.2824,2.09
4270875.0,342476.0,617.3539,1357.71
4270892.0,339784.9,475.4091,210.98
4270896.0,345335.8,538.661,339.3
4270897.0,336407.9,410.2045,7.15
4270899.0,330887.6,520.9419,0.79
4270905.0,331600.8,532.4431,1.13
4270909.0,330129.2,512.9797,0.97
4270910.0,327202.6,509.9308,1.51
4270919.0,334541.9,565.0259,2.89
4270920.0,343808.7,381.3285,1463.87
4270926.0,346714.0,539.0189,105.4
4270927.0,332271.4,543.9808,2.25
4270928.0,329346.4,512.7465,0.58
4270935.0,340926.2,614.3428,389.71
4270942.0,327845.1,510.5343,1.19
4270943.0,345206.4,541.2605,310.55
4270947.0,328562.1,511.9862,0.65
4270954.0,338431.2,524.5561,499.51
4270954.0,342259.9,378.1788,2504.9
4270956.0,337292.2,444.8884,13.14
4270959.0,332914.4,540.9209,3.62
4270971.0,339568.8,445.7562,375.63
4270974.0,335251.8,580.638,3.7
4270983.0,345096.6,543.6975,286.51
4270986.0,346550.3,537.4111,115.48
4270993.0,343606.6,394.1659,1090.05
4270999.0,324032.7,509.5414,8.77
4270999.0,333542.1,545.1154,1.58
4271008.0,324739.4,510.2861,4.74
4271013.0,323264.5,510.8588,8.18
4271013.0,336090.2,400.0915,3.58
4271014.0,340710.0,608.8238,191.68
4271014.0,345010.8,545.7686,272.47
4271032.0,342043.7,372.1109,3319.83
4271036.0,325393.7,509.5715,1.79
4271037.0,344948.9,546.8315,266.04
4271041.0,338192.9,500.8191,237.28
4271044.0,346390.6,535.1778,132.76
4271050.0,339352.7,404.0076,819.55
4271053.0,334174.4,556.3383,0.85
4271053.0,344904.1,547.1476,263.65
4271060.0,337005.8,432.3085,6.31
4271065.0,344871.8,547.5287,263.2
4271072.0,326027.0,508.6765,1.63
4271072.0,343390.5,413.5242,742.74
4271073.0,344848.6,547.857,263.59
4271075.0,331135.6,523.4098,0.68
4271079.0,344832.2,548.2278,264.23
4271081.0,331848.9,538.0258,1.87
4271084.0,344819.5,548.6595,264.93
4271085.0,330375.9,514.4226,0.58
4271088.0,344807.6,548.9248,265.76
4271092.0,340493.9,579.937,120.65
4271093.0,344795.8,549.2184,266.75
4271097.0,344784.1,549.6694,267.91
4271101.0,344772.4,550.4106,269.26
4271102.0,346230.8,533.1105,165.06
4271103.0,332519.4,542.9287,4.0
4271105.0,329591.1,511.7502,0.43
4271106.0,326662.3,509.2206,1.75
4271107.0,334884.9,570.1577,2.85
4271107.0,344757.3,551.1355,271.21
4271111.0,341827.6,364.0782,3237.31
4271115.0,344735.1,551.4846,274.64
4271124.0,328806.1,512.5629,0.61
4271126.0,344703.8,552.3182,280.63
4271128.0,339136.5,595.3458,1912.22
4271135.0,337933.0,481.3449,72.95
4271136.0,333164.4,540.2382,3.3
4271139.0,327304.8,509.8765,1.39
4271140.0,335740.6,590.3402,1.43
4271142.0,344660.0,554.3808,291.41
4271144.0,328021.7,510.4537,1.5
4271151.0,343174.4,440.5585,641.28
4271161.0,346071.1,531.2221,212.2
4271164.0,344599.5,556.2203,311.26
4271171.0,340277.8,536.2053,113.46
4271176.0,336688.1,418.5463,9.12
4271187.0,333807.0,548.5421,0.51
4271190.0,341611.5,632.8974,3859.91
4271194.0,344515.8,558.3105,349.36
4271209.0,338915.0,561.8138,2631.47
4271219.0,345911.3,527.507,260.59
4271229.0,342958.3,462.4297,862.84
4271234.0,324120.2,509.2851,6.83
4271237.0,344399.6,565.7096,425.56
4271240.0,337646.6,465.5662,20.96
4271241.0,334517.5,560.3337,1.78
4271242.0,324828.6,510.2515,3.79
4271247.0,323351.9,509.7184,6.34
4271250.0,331383.7,527.9188,0.78
4271250.0,340061.6,486.93,167.37
4271257.0,332096.9,542.5102,3.28
4271261.0,330623.9,516.3177,0.39
4271268.0,325486.6,507.702,1.59
4271268.0,341395.3,582.8652,2049.49
4271274.0,335373.8,579.3229,1.02
4271277.0,345751.6,525.4622,285.39
4271280.0,332769.5,539.7395,5.69
4271281.0,329837.7,511.034,0.34
4271291.0,344251.0,576.1714,565.46
4271296.0,338676.7,535.311,1703.21
4271298.0,347155.2,538.2299,59.84
4271301.0,329050.7,511.7888,0.5
4271303.0,326122.0,508.5815,1.54
4271303.0,336338.5,403.7137,9.17
4271308.0,342742.1,496.3719,1682.57
4271321.0,328265.7,510.5692,1.55
4271324.0,333429.3,542.7908,1.48
4271328.0,339845.5,447.5923,351.92
4271331.0,345602.2,526.0933,273.01
4271335.0,326764.4,509.1824,1.38
4271340.0,327481.4,510.246,1.24
4271347.0,341179.2,587.3021,714.44
4271355.0,337328.9,448.2946,10.04
4271355.0,344075.9,584.1358,764.5
4271362.0,346979.1,537.1362,59.63
4271375.0,334150.1,551.4208,0.53
4271378.0,345472.8,526.6612,242.08
4271387.0,342526.0,562.0128,3330.41
4271390.0,338416.8,513.1416,390.28
4271407.0,335006.3,568.1875,0.93
4271407.0,339629.4,411.4265,966.21
4271418.0,345363.0,526.2195,210.88
4271422.0,346815.4,533.8564,63.26
4271426.0,331631.7,532.8609,1.14
4271426.0,340963.1,600.1738,284.06
4271428.0,343873.9,591.2104,927.15
4271434.0,332346.9,541.897,5.67
4271436.0,335971.6,592.1691,1.43
4271437.0,330872.0,520.4057,0.34
4271449.0,345277.1,526.4764,188.08
4271457.0,330085.8,512.5559,0.31
4271465.0,342309.9,614.2959,5264.53
4271467.0,324209.3,509.5685,4.81
4271468.0,333034.4,538.8366,5.15
4271472.0,345215.2,527.2606,173.92
4271474.0,324921.5,508.6101,3.15
4271478.0,329297.4,511.1146,0.41
4271480.0,346655.6,528.9926,72.68
4271481.0,323439.4,509.9713,4.11
4271482.0,336979.3,429.8278,29.12
4271486.0,339413.2,612.4469,2183.97
4271488.0,345170.5,527.5954,165.15
4271494.0,338130.5,492.9588,68.51
4271498.0,328510.4,510.4072,1.34
4271500.0,325581.6,507.1983,1.73
4271500.0,345138.1,527.8015,159.63
4271504.0,340746.9,575.8536,161.76
4271507.0,343657.7,605.8589,945.95
4271508.0,345115.0,527.4158,156.12
4271512.0,333772.4,544.8128,0.46
4271514.0,345098.6,527.0098,153.86
4271518.0,327725.4,510.087,1.06
4271519.0,345085.8,527.1503,152.22
4271523.0,345073.9,527.3828,150.8
4271528.0,345062.2,527.8451,149.5
4271532.0,326224.1,508.3817,1.52
4271532.0,345050.5,528.6278,148.29
4271536.0,345038.7,529.4727,147.19
4271537.0,326941.1,509.557,0.92
4271538.0,346495.9,526.2241,90.49
4271541.0,334638.9,557.9111,1.43
4271542.0,345023.7,530.2186,145.91
4271544.0,342093.7,638.4186,6482.72
4271550.0,345001.5,530.6086,144.32
4271561.0,344970.2,531.2061,142.67
4271566.0,339191.7,572.7009,3482.74
4271570.0,335604.2,580.3055,1.16
4271577.0,344926.4,531.9363,141.58
4271583.0,340530.8,542.6783,135.99
4271585.0,343441.6,384.1336,1298.58
4271596.0,346336.1,527.5739,118.0
4271599.0,344865.9,532.2371,142.42
4271603.0,331881.7,536.4591,1.97
4271610.0,337812.8,472.7052,16.26
4271612.0,331120.0,522.9785,0.42
4271616.0,336612.5,412.0209,18.07
4271622.0,332611.8,538.0702,8.3
4271623.0,341877.6,625.673,5706.32
4271630.0,344782.1,533.5475,148.22
4271632.0,330333.8,517.4426,0.38
4271653.0,329545.5,511.3616,0.4
4271653.0,338953.4,544.5621,3335.73
4271654.0,346176.4,528.0815,151.85
4271656.0,333377.4,540.2005,2.47
4271662.0,340314.7,502.4256,164.83
4271664.0,343225.5,393.7039,1523.98
4271672.0,344666.0,536.6653,165.99
4271674.0,328757.1,510.9348,1.06
4271678.0,334261.2,550.0852,0.65
4271695.0,327970.1,510.2671,0.86
4271699.0,324302.3,509.8801,3.09
4271701.0,341661.5,563.4618,3620.08
4271704.0,335236.8,569.8736,1.11
4271705.0,325016.5,507.359,2.74
4271712.0,346016.6,526.6352,182.38
4271714.0,327185.1,510.4402,0.48
4271715.0,323528.5,510.029,2.3
4271726.0,344517.4,541.6427,208.8
4271729.0,325683.8,507.7344,2.08
4271734.0,326400.8,507.9258,1.35
4271737.0,337463.2,452.6793,18.68
4271740.0,340098.6,460.7748,282.18
4271743.0,343009.4,409.013,2169.87
4271748.0,338693.5,525.9344,1577.25
4271750.0,336245.0,596.4409,10.55
4271767.0,345867.3,525.3899,197.86
4271780.0,341445.4,511.3847,1791.67
4271789.0,331370.0,525.476,0.73
4271790.0,344342.3,547.79,292.82
4271791.0,332146.6,537.3014,4.07
4271798.0,347243.8,543.2757,30.68
4271808.0,330581.8,518.9758,0.59
4271810.0,332954.9,536.4684,7.07
4271814.0,345737.9,523.615,197.97
4271819.0,339882.4,417.191,634.74
4271821.0,342793.2,462.6308,3711.95
4271822.0,333866.3,543.882,1.08
4271829.0,329793.5,513.2149,0.54
4271841.0,334859.1,560.7085,3.43
4271850.0,329005.1,511.1008,0.85
4271852.0,338407.2,505.7964,198.23
4271854.0,345628.1,521.4224,189.92
4271857.0,347080.0,539.9734,32.13
4271859.0,341229.2,482.8597,787.87
4271863.0,344140.2,551.6584,432.04
4271871.0,328216.8,510.4197,0.76
4271871.0,337096.3,432.0523,60.26
4271883.0,335877.6,582.227,4.08
4271885.0,345542.2,520.222,180.78
4271891.0,327429.8,511.0698,0.21
4271898.0,339666.3,615.7209,1784.7
4271900.0,342577.1,546.2443,5935.6
4271908.0,345480.3,520.0786,173.68
4271911.0,326644.8,509.1871,1.03
4271916.0,346920.3,537.2683,36.83
4271924.0,345435.6,520.4424,168.63
4271930.0,325860.5,507.6537,2.35
4271931.0,324397.2,509.0207,1.84
4271934.0,325118.6,507.5522,2.56
4271936.0,345403.2,520.4537,165.14
4271937.0,341013.1,461.9162,350.59
4271942.0,343924.1,556.6641,597.51
4271944.0,345380.0,520.0109,162.74
4271947.0,323621.5,509.8219,1.23
4271950.0,345363.7,520.0344,161.12
4271955.0,345350.9,520.3219,159.89
4271959.0,345339.0,520.3976,158.78
4271963.0,345327.3,520.4967,157.72
4271968.0,338089.5,485.4371,29.1
4271968.0,345315.5,520.689,156.69
4271972.0,345303.8,520.8813,155.71
4271974.0,346760.5,533.3251,45.17
4271976.0,333443.7,539.1079,4.08
4271977.0,331634.9,528.2554,1.72
4271977.0,345288.7,520.9827,154.5
4271978.0,339444.8,573.8823,3484.34
4271979.0,332489.7,534.9086,7.87
4271979.0,342361.0,643.6488,7295.47
4271985.0,330831.9,517.8471,1.13
4271985.0,334464.1,552.512,1.43
4271985.0,345266.6,520.5418,152.83
4271997.0,345235.2,519.8637,150.73
4272005.0,330041.5,514.6304,0.89
4272005.0,336728.9,411.5275,87.48
4272013.0,345191.5,519.6094,148.33
4272016.0,340797.0,441.9847,200.41
4272021.0,335499.9,570.2972,12.01
4272021.0,343708.0,567.4964,766.27
4272026.0,329253.2,510.818,0.93
4272032.0,346600.8,530.2153,56.96
4272035.0,345131.0,519.7539,146.06
4272047.0,328464.8,511.119,0.81
4272057.0,342144.8,382.3492,6420.95
4272065.0,339206.5,544.3894,4470.77
4272065.0,345047.2,519.7002,145.03
4272068.0,327676.5,509.9338,0.11
4272088.0,326889.4,509.8193,0.71
4272090.0,346441.0,526.3345,70.94
4272095.0,337739.9,463.7686,17.0
4272095.0,340580.8,420.4861,127.54
4272099.0,343491.8,579.1693,988.23
4272108.0,326104.5,507.6494,2.38
4272108.0,344931.0,518.7535,147.72
4272136.0,325295.3,507.5582,2.77
4272136.0,341928.7,633.0552,6422.87
4272138.0,336361.4,594.5087,46.47
4272139.0,334041.6,544.4557,1.67
4272145.0,332978.5,535.3211,9.22
4272148.0,346281.3,522.161,85.44
4272159.0,338946.6,526.5553,2487.89
4272160.0,324499.4,507.7548,1.16
4272162.0,344782.4,518.9704,158.35
4272165.0,331978.0,529.7365,6.35
4272165.0,335105.0,561.6971,4.42
4272173.0,331096.8,518.8104,2.52
4272173.0,340364.7,399.5403,123.91
4272178.0,343275.7,595.6998,1375.52
4272179.0,323716.4,509.3154,0.82
4272182.0,330291.5,513.8709,1.56
4272202.0,329501.2,511.0086,1.3
4272203.0,346131.9,522.1466,98.0
4272215.0,341712.6,576.2323,4446.39
4272222.0,328712.8,510.5144,1.0
4272225.0,344607.4,521.7952,180.75
4272228.0,337373.0,441.2045,77.37
4272243.0,327924.5,509.6301,0.12
4272250.0,346002.5,522.5921,106.63
4272252.0,340148.6,616.9784,354.26
4272257.0,343059.6,388.6024,2848.6
4272264.0,327136.1,508.6357,0.54
4272264.0,338660.2,508.3248,608.28
4272276.0,335983.8,579.4048,38.03
4272285.0,326349.1,508.6048,2.18
4272290.0,345892.7,521.6275,111.62
4272293.0,341496.4,524.3073,2626.14
4272299.0,344405.3,524.0392,219.59
4272308.0,333576.4,538.5619,4.25
4272313.0,325539.3,506.9288,3.49
4272318.0,334682.4,551.5012,1.53
4272321.0,345806.8,520.3976,114.02
4272331.0,339932.5,592.1704,635.09
4272332.0,332466.8,531.609,19.52
4272335.0,342843.4,444.4545,4673.31
4272343.0,345744.9,518.8996,115.11
4272351.0,347184.9,554.8019,34.89
4272360.0,345700.2,519.0808,115.61
4272361.0,324676.1,507.0781,0.98
4272361.0,331439.8,522.1676,5.98
4272362.0,337005.6,422.0542,153.71
4272370.0,330556.4,516.0858,2.84
4272371.0,345667.9,519.4248,115.85
4272372.0,341280.3,500.9715,1420.91
4272378.0,344189.2,526.2353,276.83
4272379.0,329751.2,511.6903,2.02
4272379.0,338342.5,489.5389,101.14
4272380.0,345644.7,520.1123,115.97
4272386.0,345628.3,520.9769,116.02
4272390.0,345615.5,521.5545,116.05
4272395.0,345603.7,521.6517,116.06
4272398.0,328960.9,509.3051,1.34
4272399.0,345591.9,521.4594,116.06
4272403.0,345580.2,521.197,116.05
4272408.0,323818.6,508.2056,0.94
4272408.0,345568.4,520.8852,116.04
4272409.0,347025.2,549.0222,40.15
4272411.0,339710.9,569.4102,1281.27
4272413.0,345553.4,520.4603,116.0
4272414.0,342627.3,516.032,6236.37
4272419.0,328172.5,509.3544,0.23
4272420.0,335588.8,567.8552,19.15
4272421.0,345531.2,519.6472,115.92
4272433.0,345499.9,518.7759,115.77
4272440.0,327384.2,508.7306,0.57
4272449.0,345456.1,518.5179,115.46
4272451.0,341064.2,464.4861,791.16
4272456.0,343973.0,532.6577,356.32
4272461.0,326595.8,508.4918,1.88
4272468.0,346865.4,536.6021,45.8
4272471.0,345395.6,518.2503,114.88
4272488.0,334217.2,542.8562,0.94
4272490.0,325783.9,507.8383,4.39
4272493.0,342411.2,555.6304,7128.5
4272494.0,333064.7,536.0178,8.95
4272496.0,336638.1,405.1839,158.3
4272498.0,339472.6,549.5086,2371.91
4272501.0,345311.9,516.5702,113.81
4272507.0,337992.9,469.2902,21.67
4272526.0,346705.7,524.0651,50.44
4272527.0,331928.7,526.3526,16.78
4272529.0,340848.1,426.2229,365.13
4272535.0,343756.9,539.8803,477.07
4272539.0,324920.1,506.6636,1.19
4272543.0,345195.7,514.5182,111.93
4272558.0,330899.5,518.3299,4.63
4272566.0,330016.1,513.4416,3.19
4272571.0,342195.1,571.1597,7536.41
4272573.0,335166.3,556.0473,7.52
4272575.0,329210.9,510.4825,1.9
4272584.0,346545.9,518.9078,53.37
4272593.0,339212.7,530.6699,2943.0
4272595.0,328420.6,508.6601,0.54
4272597.0,345047.1,513.3476,109.43
4272608.0,340631.9,399.6254,135.64
4272609.0,323995.3,508.5804,1.46
4272614.0,343540.8,546.8753,676.6
4272616.0,327632.2,508.7385,0.85
4272633.0,336260.5,589.0832,115.04
4272637.0,326843.8,508.4362,1.65
4272638.0,346396.6,517.4361,54.55
4272640.0,337626.0,447.7319,92.01
4272650.0,341978.9,575.8459,7220.75
4272661.0,344872.0,512.5847,108.05
