Easting[m],Northing[m],Vp[km/s],ElevationReference[m],ElevationLidar[m]1,x[m],y[m],z[m],Vs[km/s],Vp/Vs
334050.507,4263440.918,3.397,499.930,1624.934,1250.000,2750.000,1125.000,2.018,1.683
333050.507,4260690.918,3.301,499.920,1624.921,250.000,0.000,1125.000,1.961,1.683
333800.507,4262690.918,3.405,499.850,1624.848,1000.000,2000.000,1125.000,2.023,1.683
336800.507,4263690.918,5.820,499.840,1749.841,4000.000,3000.000,1250.000,3.409,1.707
336800.507,4263815.918,5.820,500.230,1750.233,4000.000,3125.000,1250.000,3.409,1.707
333925.507,4262940.918,3.493,500.300,1625.302,1125.000,2250.000,1125.000,2.075,1.683
334425.507,4264440.918,3.390,499.690,1624.695,1625.000,3750.000,1125.000,2.014,1.683
336550.507,4262565.918,5.820,500.320,1750.318,3750.000,1875.000,1250.000,3.409,1.707
337175.507,4264440.918,5.820,499.650,1749.651,4375.000,3750.000,1250.000,3.409,1.707
336925.507,4264065.918,5.820,499.590,1749.590,4125.000,3375.000,1250.000,3.409,1.707
334300.507,4263815.918,3.398,499.530,1624.525,1500.000,3125.000,1125.000,2.019,1.683
337425.507,4264815.918,5.820,499.520,1749.523,4625.000,4125.000,1250.000,3.409,1.707
336425.507,4262065.918,5.820,499.500,1749.503,3625.000,1375.000,1250.000,3.409,1.707
334550.507,4263815.918,3.678,500.510,1625.505,1750.000,3125.000,1125.000,2.185,1.683
336300.507,4261315.918,5.820,500.540,1750.536,3500.000,625.000,1250.000,3.409,1.707
334925.507,4265565.918,3.403,499.420,1624.416,2125.000,4875.000,1125.000,2.022,1.683
334675.507,4264940.918,3.377,500.630,1625.635,1875.000,4250.000,1125.000,2.007,1.683
336550.507,4262690.918,5.820,499.360,1749.357,3750.000,2000.000,1250.000,3.409,1.707
334550.507,4264690.918,3.457,500.690,1625.693,1750.000,4000.000,1125.000,2.054,1.683
333300.507,4261315.918,3.309,500.690,1625.686,500.000,625.000,1125.000,1.966,1.683
333675.507,4262315.918,3.339,499.220,1624.216,875.000,1625.000,1125.000,1.984,1.683
337675.507,4265565.918,5.820,500.880,1750.880,4875.000,4875.000,1250.000,3.409,1.707
337425.507,4264940.918,5.820,499.070,1749.073,4625.000,4250.000,1250.000,3.409,1.707
336300.507,4261440.918,5.820,499.060,1749.058,3500.000,750.000,1250.000,3.409,1.707
333175.507,4261065.918,3.305,501.000,1626.000,375.000,375.000,1125.000,1.964,1.683
336675.507,4262940.918,5.820,501.140,1751.138,3875.000,2250.000,1250.000,3.409,1.707
333550.507,4261815.918,3.344,501.150,1626.148,750.000,1125.000,1125.000,1.987,1.683
333800.507,4262565.918,3.381,501.180,1626.184,1000.000,1875.000,1125.000,2.009,1.683
336300.507,4260690.918,5.820,501.180,1751.179,3500.000,0.000,1250.000,3.409,1.707
333425.507,4261690.918,3.310,498.800,1623.804,625.000,1000.000,1125.000,1.967,1.683
333175.507,4260940.918,3.305,501.220,1626.220,375.000,250.000,1125.000,1.964,1.683
334800.507,4265190.918,3.378,501.310,1626.308,2000.000,4500.000,1125.000,2.007,1.683
333425.507,4261815.918,3.327,498.680,1623.677,625.000,1125.000,1125.000,1.977,1.683
333050.507,4260815.918,3.301,498.660,1623.661,250.000,125.000,1125.000,1.961,1.683
333925.507,4263065.918,3.518,498.650,1623.649,1125.000,2375.000,1125.000,2.090,1.683
336425.507,4261940.918,5.820,501.360,1751.363,3625.000,1250.000,1250.000,3.409,1.707
334675.507,4265065.918,3.363,498.640,1623.642,1875.000,4375.000,1125.000,1.998,1.683
334300.507,4264190.918,3.466,501.360,1626.363,1500.000,3500.000,1125.000,2.059,1.683
336675.507,4263065.918,5.820,498.630,1748.627,3875.000,2375.000,1250.000,3.409,1.707
333675.507,4262190.918,3.336,501.380,1626.383,875.000,1500.000,1125.000,1.982,1.683
333550.507,4261940.918,3.373,498.600,1623.597,750.000,1250.000,1125.000,2.004,1.683
334800.507,4265315.918,3.378,498.500,1623.504,2000.000,4625.000,1125.000,2.007,1.683
333300.507,4261440.918,3.306,498.490,1623.487,500.000,750.000,1125.000,1.964,1.683
334425.507,4263815.918,3.547,498.480,1623.479,1625.000,3125.000,1125.000,2.108,1.683
334175.507,4263690.918,3.339,501.520,1626.516,1375.000,3000.000,1125.000,1.984,1.683
334300.507,4264065.918,3.511,498.440,1623.440,1500.000,3375.000,1125.000,2.086,1.683
333800.507,4262440.918,3.368,501.570,1626.569,1000.000,1750.000,1125.000,2.001,1.683
337175.507,4263190.918,5.820,501.580,1751.577,4375.000,2500.000,1250.000,3.409,1.707
337050.507,4264315.918,5.820,498.400,1748.397,4250.000,3625.000,1250.000,3.409,1.707
333925.507,4262815.918,3.464,501.650,1626.647,1125.000,2125.000,1125.000,2.058,1.683
334925.507,4265440.918,3.403,501.660,1626.661,2125.000,4750.000,1125.000,2.022,1.683
334050.507,4263315.918,3.450,501.670,1626.669,1250.000,2625.000,1125.000,2.050,1.683
334300.507,4264315.918,3.449,498.240,1623.240,1500.000,3625.000,1125.000,2.049,1.683
337300.507,4263440.918,5.820,498.230,1748.234,4500.000,2750.000,1250.000,3.409,1.707
334050.507,4263565.918,3.363,498.190,1623.189,1250.000,2875.000,1125.000,1.998,1.683
333425.507,4261565.918,3.307,501.840,1626.843,625.000,875.000,1125.000,1.965,1.683
337425.507,4265065.918,5.820,498.030,1748.029,4625.000,4375.000,1250.000,3.409,1.707
334425.507,4264315.918,3.395,501.980,1626.980,1625.000,3625.000,1125.000,2.017,1.683
334925.507,4265690.918,3.403,498.020,1623.019,2125.000,5000.000,1125.000,2.022,1.683
334050.507,4263190.918,3.486,502.020,1627.017,1250.000,2500.000,1125.000,2.071,1.683
333675.507,4262440.918,3.361,497.910,1622.906,875.000,1750.000,1125.000,1.997,1.683
337550.507,4265315.918,5.820,497.900,1747.899,4750.000,4625.000,1250.000,3.409,1.707
337300.507,4264690.918,5.820,497.880,1747.877,4500.000,4000.000,1250.000,3.409,1.707
334175.507,4263815.918,3.359,502.130,1627.132,1375.000,3125.000,1125.000,1.996,1.683
333800.507,4262815.918,3.471,497.830,1622.835,1000.000,2125.000,1125.000,2.062,1.683
333925.507,4263190.918,3.507,497.820,1622.818,1125.000,2500.000,1125.000,2.084,1.683
333175.507,4260815.918,3.304,502.200,1627.201,375.000,125.000,1125.000,1.963,1.683
336425.507,4262190.918,5.820,497.800,1747.798,3625.000,1500.000,1250.000,3.409,1.707
337550.507,4265190.918,5.820,497.720,1747.716,4750.000,4500.000,1250.000,3.409,1.707
333300.507,4261565.918,3.303,497.710,1622.706,500.000,875.000,1125.000,1.963,1.683
333550.507,4262065.918,3.369,497.650,1622.646,750.000,1375.000,1125.000,2.002,1.683
336425.507,4261815.918,5.820,502.370,1752.367,3625.000,1125.000,1250.000,3.409,1.707
334175.507,4263565.918,3.373,502.370,1627.375,1375.000,2875.000,1125.000,2.004,1.683
333300.507,4261190.918,3.311,497.610,1622.611,500.000,500.000,1125.000,1.967,1.683
333425.507,4261190.918,3.321,502.450,1627.447,625.000,500.000,1125.000,1.973,1.683
333675.507,4262065.918,3.354,502.490,1627.494,875.000,1375.000,1125.000,1.993,1.683
333050.507,4260940.918,3.302,497.470,1622.467,250.000,250.000,1125.000,1.962,1.683
334800.507,4265440.918,3.378,497.440,1622.438,2000.000,4750.000,1125.000,2.007,1.683
333925.507,4263315.918,3.454,497.410,1622.406,1125.000,2625.000,1125.000,2.052,1.683
336175.507,4260940.918,5.820,497.290,1747.294,3375.000,250.000,1250.000,3.409,1.707
333550.507,4261690.918,3.323,502.730,1627.732,750.000,1000.000,1125.000,1.974,1.683
337050.507,4264190.918,5.820,502.740,1752.737,4250.000,3500.000,1250.000,3.409,1.707
336925.507,4263940.918,5.820,502.750,1752.748,4125.000,3250.000,1250.000,3.409,1.707
334425.507,4264565.918,3.445,497.210,1622.212,1625.000,3875.000,1125.000,2.047,1.683
336300.507,4261065.918,5.820,502.820,1752.825,3500.000,375.000,1250.000,3.409,1.707
334050.507,4263815.918,3.385,497.150,1622.154,1250.000,3125.000,1125.000,2.011,1.683
337675.507,4265690.918,5.820,497.150,1747.146,4875.000,5000.000,1250.000,3.409,1.707
336300.507,4261190.918,5.820,502.880,1752.879,3500.000,500.000,1250.000,3.409,1.707
337425.507,4264690.918,5.820,502.940,1752.938,4625.000,4000.000,1250.000,3.409,1.707
334550.507,4264815.918,3.404,497.030,1622.029,1750.000,4125.000,1125.000,2.023,1.683
333425.507,4261440.918,3.312,502.970,1627.970,625.000,750.000,1125.000,1.968,1.683
333675.507,4261940.918,3.591,503.010,1628.011,875.000,1250.000,1125.000,2.134,1.683
336300.507,4260940.918,5.820,503.010,1753.011,3500.000,250.000,1250.000,3.409,1.707
336425.507,4262315.918,5.820,496.990,1746.985,3625.000,1625.000,1250.000,3.409,1.707
337550.507,4265065.918,5.820,503.040,1753.043,4750.000,4375.000,1250.000,3.409,1.707
334550.507,4264565.918,3.473,503.110,1628.113,1750.000,3875.000,1125.000,2.064,1.683
334425.507,4263940.918,3.573,496.880,1621.883,1625.000,3250.000,1125.000,2.123,1.683
336175.507,4260815.918,5.820,496.880,1746.883,3375.000,125.000,1250.000,3.409,1.707
336675.507,4262815.918,5.820,503.130,1753.134,3875.000,2125.000,1250.000,3.409,1.707
336300.507,4261565.918,5.820,496.860,1746.863,3500.000,875.000,1250.000,3.409,1.707
335050.507,4265690.918,3.612,503.140,1628.144,2250.000,5000.000,1125.000,2.146,1.683
337300.507,4263190.918,5.820,503.170,1753.167,4500.000,2500.000,1250.000,3.409,1.707
337300.507,4264565.918,5.820,496.780,1746.776,4500.000,3875.000,1250.000,3.409,1.707
334050.507,4263065.918,3.495,503.240,1628.239,1250.000,2375.000,1125.000,2.077,1.683
336550.507,4262440.918,5.820,503.340,1753.344,3750.000,1750.000,1250.000,3.409,1.707
337675.507,4265440.918,5.820,503.400,1753.397,4875.000,4750.000,1250.000,3.409,1.707
333050.507,4261065.918,3.302,496.530,1621.528,250.000,375.000,1125.000,1.962,1.683
337300.507,4264440.918,5.820,503.540,1753.540,4500.000,3750.000,1250.000,3.409,1.707
333425.507,4261065.918,3.322,503.540,1628.542,625.000,375.000,1125.000,1.974,1.683
337550.507,4263190.918,5.820,503.540,1753.540,4750.000,2500.000,1250.000,3.409,1.707
334050.507,4263690.918,3.359,496.440,1621.445,1250.000,3000.000,1125.000,1.996,1.683
334675.507,4264815.918,3.413,503.580,1628.582,1875.000,4125.000,1125.000,2.028,1.683
334925.507,4265315.918,3.403,503.610,1628.610,2125.000,4625.000,1125.000,2.022,1.683
336175.507,4261190.918,5.820,496.350,1746.351,3375.000,500.000,1250.000,3.409,1.707
336425.507,4261690.918,5.820,503.670,1753.672,3625.000,1000.000,1250.000,3.409,1.707
336175.507,4261065.918,5.820,496.330,1746.332,3375.000,375.000,1250.000,3.409,1.707
333550.507,4262190.918,3.375,496.320,1621.323,750.000,1500.000,1125.000,2.005,1.683
336300.507,4261690.918,5.820,496.220,1746.217,3500.000,1000.000,1250.000,3.409,1.707
333175.507,4260690.918,3.303,503.800,1628.800,375.000,0.000,1125.000,1.963,1.683
334800.507,4265065.918,3.378,503.810,1628.806,2000.000,4375.000,1125.000,2.007,1.683
336550.507,4262815.918,5.820,496.180,1746.181,3750.000,2125.000,1250.000,3.409,1.707
336425.507,4261565.918,5.820,503.820,1753.824,3625.000,875.000,1250.000,3.409,1.707
332925.507,4260690.918,3.301,496.150,1621.154,125.000,0.000,1125.000,1.961,1.683
336300.507,4260815.918,5.820,503.870,1753.874,3500.000,125.000,1250.000,3.409,1.707
336425.507,4262440.918,5.820,496.090,1746.086,3625.000,1750.000,1250.000,3.409,1.707
333800.507,4262315.918,3.354,503.910,1628.906,1000.000,1625.000,1125.000,1.993,1.683
334675.507,4265190.918,3.363,496.070,1621.071,1875.000,4500.000,1125.000,1.998,1.683
337175.507,4264315.918,5.820,504.040,1754.036,4375.000,3625.000,1250.000,3.409,1.707
336925.507,4264190.918,5.820,495.900,1745.901,4125.000,3500.000,1250.000,3.409,1.707
333675.507,4262565.918,3.371,495.890,1620.893,875.000,1875.000,1125.000,2.003,1.683
336800.507,4263940.918,5.820,495.710,1745.709,4000.000,3250.000,1250.000,3.409,1.707
336175.507,4260690.918,5.820,495.690,1745.688,3375.000,0.000,1250.000,3.409,1.707
334425.507,4264690.918,3.431,495.660,1620.664,1625.000,4000.000,1125.000,2.039,1.683
337425.507,4263315.918,5.820,495.590,1745.588,4625.000,2625.000,1250.000,3.409,1.707
336550.507,4262315.918,5.820,504.410,1754.408,3750.000,1625.000,1250.000,3.409,1.707
333300.507,4261690.918,3.303,495.520,1620.517,500.000,1000.000,1125.000,1.963,1.683
334175.507,4264190.918,3.461,495.510,1620.505,1375.000,3500.000,1125.000,2.056,1.683
333175.507,4261440.918,3.303,495.480,1620.477,375.000,750.000,1125.000,1.963,1.683
333425.507,4261940.918,3.364,495.470,1620.474,625.000,1250.000,1125.000,1.999,1.683
333300.507,4261065.918,3.312,504.600,1629.601,500.000,375.000,1125.000,1.968,1.683
334550.507,4264940.918,3.372,495.390,1620.393,1750.000,4250.000,1125.000,2.004,1.683
333925.507,4263440.918,3.400,495.380,1620.382,1125.000,2750.000,1125.000,2.020,1.683
334175.507,4264315.918,3.439,495.380,1620.384,1375.000,3625.000,1125.000,2.043,1.683
336800.507,4263065.918,5.820,504.660,1754.657,4000.000,2375.000,1250.000,3.409,1.707
334175.507,4263440.918,3.416,504.680,1629.679,1375.000,2750.000,1125.000,2.030,1.683
333925.507,4262690.918,3.448,504.810,1629.814,1125.000,2000.000,1125.000,2.049,1.683
333425.507,4261315.918,3.317,504.820,1629.820,625.000,625.000,1125.000,1.971,1.683
337050.507,4264440.918,5.820,495.170,1745.171,4250.000,3750.000,1250.000,3.409,1.707
336175.507,4261315.918,5.820,495.160,1745.162,3375.000,625.000,1250.000,3.409,1.707
337550.507,4265440.918,5.820,495.090,1745.089,4750.000,4750.000,1250.000,3.409,1.707
333175.507,4261190.918,3.305,494.980,1619.984,375.000,500.000,1125.000,1.964,1.683
333800.507,4262940.918,3.528,494.950,1619.946,1000.000,2250.000,1125.000,2.096,1.683
337800.507,4265690.918,5.820,505.050,1755.054,5000.000,5000.000,1250.000,3.409,1.707
334800.507,4265565.918,3.378,494.930,1619.931,2000.000,4875.000,1125.000,2.007,1.683
333925.507,4262565.918,3.407,505.100,1630.099,1125.000,1875.000,1125.000,2.024,1.683
334550.507,4264440.918,3.422,505.100,1630.096,1750.000,3750.000,1125.000,2.033,1.683
333050.507,4261190.918,3.302,494.880,1619.875,250.000,500.000,1125.000,1.962,1.683
336800.507,4263190.918,5.820,494.860,1744.861,4000.000,2500.000,1250.000,3.409,1.707
334675.507,4263815.918,3.694,505.220,1630.220,1875.000,3125.000,1125.000,2.195,1.683
333675.507,4261815.918,3.564,505.250,1630.253,875.000,1125.000,1125.000,2.118,1.683
334675.507,4263690.918,3.661,505.260,1630.255,1875.000,3000.000,1125.000,2.175,1.683
333675.507,4262690.918,3.386,494.720,1619.724,875.000,2000.000,1125.000,2.012,1.683
334675.507,4264690.918,3.478,505.330,1630.326,1875.000,4000.000,1125.000,2.067,1.683
336300.507,4261815.918,5.820,494.650,1744.652,3500.000,1125.000,1250.000,3.409,1.707
334425.507,4264190.918,3.426,505.360,1630.364,1625.000,3500.000,1125.000,2.036,1.683
333800.507,4262190.918,3.336,505.440,1630.445,1000.000,1500.000,1125.000,1.982,1.683
334300.507,4264440.918,3.422,494.560,1619.559,1500.000,3750.000,1125.000,2.033,1.683
337550.507,4264815.918,5.820,505.460,1755.462,4750.000,4125.000,1250.000,3.409,1.707
336550.507,4262940.918,5.820,494.540,1744.537,3750.000,2250.000,1250.000,3.409,1.707
334050.507,4262940.918,3.474,505.470,1630.470,1250.000,2250.000,1125.000,2.064,1.683
336175.507,4261440.918,5.820,494.510,1744.510,3375.000,750.000,1250.000,3.409,1.707
337050.507,4263565.918,5.820,505.520,1755.519,4250.000,2875.000,1250.000,3.409,1.707
336425.507,4261440.918,5.820,505.520,1755.523,3625.000,750.000,1250.000,3.409,1.707
335050.507,4265565.918,3.612,505.570,1630.572,2250.000,4875.000,1125.000,2.146,1.683
336925.507,4263190.918,5.820,494.420,1744.418,4125.000,2500.000,1250.000,3.409,1.707
337300.507,4264815.918,5.820,494.360,1744.363,4500.000,4125.000,1250.000,3.409,1.707
333550.507,4262315.918,3.368,494.350,1619.351,750.000,1625.000,1125.000,2.001,1.683
333925.507,4262440.918,3.389,505.670,1630.673,1125.000,1750.000,1125.000,2.014,1.683
333925.507,4263565.918,3.379,494.210,1619.213,1125.000,2875.000,1125.000,2.008,1.683
337675.507,4265315.918,5.820,505.810,1755.809,4875.000,4625.000,1250.000,3.409,1.707
336550.507,4262190.918,5.820,505.830,1755.832,3750.000,1500.000,1250.000,3.409,1.707
333800.507,4263065.918,3.557,494.170,1619.172,1000.000,2375.000,1125.000,2.113,1.683
333300.507,4260940.918,3.311,505.920,1630.924,500.000,250.000,1125.000,1.967,1.683
337675.507,4265065.918,5.820,505.920,1755.925,4875.000,4375.000,1250.000,3.409,1.707
333550.507,4261565.918,3.317,505.980,1630.977,750.000,875.000,1125.000,1.971,1.683
336925.507,4263815.918,5.820,506.020,1756.021,4125.000,3125.000,1250.000,3.409,1.707
334175.507,4263315.918,3.457,506.060,1631.060,1375.000,2625.000,1125.000,2.054,1.683
337050.507,4264065.918,5.820,506.110,1756.109,4250.000,3375.000,1250.000,3.409,1.707
332925.507,4260815.918,3.301,493.870,1618.871,125.000,125.000,1125.000,1.961,1.683
334175.507,4263190.918,3.482,506.160,1631.156,1375.000,2500.000,1125.000,2.069,1.683
334050.507,4262815.918,3.459,506.180,1631.178,1250.000,2125.000,1125.000,2.055,1.683
333300.507,4261815.918,3.307,493.810,1618.815,500.000,1125.000,1125.000,1.965,1.683
336925.507,4263565.918,5.820,493.790,1743.794,4125.000,2875.000,1250.000,3.409,1.707
334425.507,4264815.918,3.393,493.710,1618.707,1625.000,4125.000,1125.000,2.016,1.683
337425.507,4263440.918,5.820,506.300,1756.299,4625.000,2750.000,1250.000,3.409,1.707
334675.507,4265315.918,3.363,493.680,1618.683,1875.000,4625.000,1125.000,1.998,1.683
337425.507,4264565.918,5.820,506.330,1756.331,4625.000,3875.000,1250.000,3.409,1.707
333675.507,4262815.918,3.434,493.670,1618.674,875.000,2125.000,1125.000,2.040,1.683
334800.507,4264940.918,3.390,506.360,1631.358,2000.000,4250.000,1125.000,2.014,1.683
337550.507,4264940.918,5.820,506.430,1756.430,4750.000,4250.000,1250.000,3.409,1.707
336675.507,4262690.918,5.820,506.460,1756.455,3875.000,2000.000,1250.000,3.409,1.707
337175.507,4264565.918,5.820,493.540,1743.540,4375.000,3875.000,1250.000,3.409,1.707
333300.507,4260815.918,3.309,506.470,1631.471,500.000,125.000,1125.000,1.966,1.683
336300.507,4261940.918,5.820,493.460,1743.458,3500.000,1250.000,1250.000,3.409,1.707
333800.507,4263190.918,3.534,493.450,1618.453,1000.000,2500.000,1125.000,2.100,1.683
335050.507,4265440.918,3.612,506.580,1631.583,2250.000,4750.000,1125.000,2.146,1.683
337425.507,4264440.918,5.820,506.610,1756.612,4625.000,3750.000,1250.000,3.409,1.707
336925.507,4263690.918,5.820,506.670,1756.673,4125.000,3000.000,1250.000,3.409,1.707
336425.507,4262565.918,5.820,493.310,1743.309,3625.000,1875.000,1250.000,3.409,1.707
333550.507,4261065.918,3.337,506.700,1631.702,750.000,375.000,1125.000,1.983,1.683
336800.507,4264065.918,5.820,493.290,1743.293,4000.000,3375.000,1250.000,3.409,1.707
333175.507,4261565.918,3.302,493.290,1618.294,375.000,875.000,1125.000,1.962,1.683
334800.507,4265690.918,3.378,493.220,1618.221,2000.000,5000.000,1125.000,2.007,1.683
334550.507,4264315.918,3.396,506.840,1631.844,1750.000,3625.000,1125.000,2.018,1.683
333550.507,4261440.918,3.322,506.850,1631.854,750.000,750.000,1125.000,1.974,1.683
336675.507,4263815.918,5.820,493.130,1743.133,3875.000,3125.000,1250.000,3.409,1.707
333800.507,4263315.918,3.481,493.110,1618.110,1000.000,2625.000,1125.000,2.068,1.683
334925.507,4265190.918,3.403,506.910,1631.907,2125.000,4500.000,1125.000,2.022,1.683
334300.507,4263690.918,3.381,506.990,1631.995,1500.000,3000.000,1125.000,2.009,1.683
333675.507,4261690.918,3.532,507.010,1632.007,875.000,1000.000,1125.000,2.099,1.683
334550.507,4265065.918,3.357,492.880,1617.877,1750.000,4375.000,1125.000,1.995,1.683
333425.507,4262065.918,3.389,492.810,1617.811,625.000,1375.000,1125.000,2.014,1.683
336425.507,4261315.918,5.820,507.200,1757.199,3625.000,625.000,1250.000,3.409,1.707
337425.507,4265190.918,5.820,492.750,1742.751,4625.000,4500.000,1250.000,3.409,1.707
333550.507,4262440.918,3.376,492.720,1617.720,750.000,1750.000,1125.000,2.006,1.683
336425.507,4260690.918,5.820,507.290,1757.290,3625.000,0.000,1250.000,3.409,1.707
334300.507,4264565.918,3.425,492.620,1617.616,1500.000,3875.000,1125.000,2.035,1.683
334300.507,4263565.918,3.409,507.430,1632.433,1500.000,2875.000,1125.000,2.026,1.683
336425.507,4260815.918,5.820,507.470,1757.467,3625.000,125.000,1250.000,3.409,1.707
334675.507,4265440.918,3.363,492.470,1617.471,1875.000,4750.000,1125.000,1.998,1.683
336675.507,4262565.918,5.820,507.550,1757.549,3875.000,1875.000,1250.000,3.409,1.707
337550.507,4265565.918,5.820,492.440,1742.441,4750.000,4875.000,1250.000,3.409,1.707
333800.507,4262065.918,3.730,507.590,1632.594,1000.000,1375.000,1125.000,2.216,1.683
334300.507,4263940.918,3.494,492.400,1617.399,1500.000,3250.000,1125.000,2.076,1.683
332925.507,4260940.918,3.301,492.390,1617.387,125.000,250.000,1125.000,1.961,1.683
335175.507,4265690.918,4.357,507.650,1632.653,2375.000,5000.000,1125.000,2.589,1.683
336550.507,4262065.918,5.820,507.650,1757.651,3750.000,1375.000,1250.000,3.409,1.707
334175.507,4263065.918,3.488,507.690,1632.688,1375.000,2375.000,1125.000,2.072,1.683
336925.507,4264315.918,5.820,492.280,1742.283,4125.000,3625.000,1250.000,3.409,1.707
334550.507,4263940.918,3.593,507.760,1632.764,1750.000,3250.000,1125.000,2.135,1.683
332800.507,4260690.918,3.301,492.220,1617.221,0.000,0.000,1125.000,1.961,1.683
336550.507,4263065.918,5.820,492.210,1742.212,3750.000,2375.000,1250.000,3.409,1.707
336425.507,4262690.918,5.820,492.110,1742.111,3625.000,2000.000,1250.000,3.409,1.707
336925.507,4263065.918,5.820,507.910,1757.914,4125.000,2375.000,1250.000,3.409,1.707
336425.507,4261190.918,5.820,507.960,1757.965,3625.000,500.000,1250.000,3.409,1.707
336050.507,4260940.918,5.820,492.030,1742.033,3250.000,250.000,1250.000,3.409,1.707
333550.507,4262565.918,3.384,491.990,1616.985,750.000,1875.000,1125.000,2.011,1.683
336800.507,4262940.918,5.820,508.010,1758.015,4000.000,2250.000,1250.000,3.409,1.707
333925.507,4262315.918,3.376,508.050,1633.055,1125.000,1625.000,1125.000,2.006,1.683
333800.507,4263440.918,3.435,491.920,1616.920,1000.000,2750.000,1125.000,2.041,1.683
333925.507,4263815.918,3.409,491.910,1616.910,1125.000,3125.000,1125.000,2.026,1.683
334675.507,4264565.918,3.521,508.110,1633.111,1875.000,3875.000,1125.000,2.092,1.683
337675.507,4265190.918,5.820,508.180,1758.182,4875.000,4500.000,1250.000,3.409,1.707
334800.507,4263690.918,3.646,508.220,1633.225,2000.000,3000.000,1125.000,2.166,1.683
333300.507,4261940.918,3.317,491.760,1616.758,500.000,1250.000,1125.000,1.971,1.683
333300.507,4260690.918,3.307,508.290,1633.295,500.000,0.000,1125.000,1.965,1.683
336300.507,4262065.918,5.820,491.700,1741.698,3500.000,1375.000,1250.000,3.409,1.707
333175.507,4261315.918,3.304,491.690,1616.686,375.000,625.000,1125.000,1.963,1.683
337050.507,4263940.918,5.820,508.340,1758.343,4250.000,3250.000,1250.000,3.409,1.707
333675.507,4262940.918,3.526,491.660,1616.661,875.000,2250.000,1125.000,2.095,1.683
337550.507,4264690.918,5.820,508.450,1758.451,4750.000,4000.000,1250.000,3.409,1.707
337550.507,4263315.918,5.820,508.480,1758.475,4750.000,2625.000,1250.000,3.409,1.707
337300.507,4264940.918,5.820,491.510,1741.511,4500.000,4250.000,1250.000,3.409,1.707
337800.507,4265565.918,5.820,508.510,1758.514,5000.000,4875.000,1250.000,3.409,1.707
333925.507,4263690.918,3.383,491.460,1616.464,1125.000,3000.000,1125.000,2.010,1.683
334425.507,4264065.918,3.494,508.550,1633.550,1625.000,3375.000,1125.000,2.076,1.683
333175.507,4261690.918,3.301,491.430,1616.428,375.000,1000.000,1125.000,1.961,1.683
333425.507,4262190.918,3.391,491.390,1616.391,625.000,1500.000,1125.000,2.015,1.683
333800.507,4261815.918,4.138,508.620,1633.623,1000.000,1125.000,1125.000,2.459,1.683
332925.507,4261065.918,3.301,491.350,1616.353,125.000,375.000,1125.000,1.961,1.683
337300.507,4264315.918,5.820,508.690,1758.689,4500.000,3625.000,1250.000,3.409,1.707
336675.507,4263940.918,5.820,491.230,1741.225,3875.000,3250.000,1250.000,3.409,1.707
334175.507,4264440.918,3.440,491.210,1616.210,1375.000,3750.000,1125.000,2.044,1.683
333800.507,4261940.918,3.979,508.830,1633.832,1000.000,1250.000,1125.000,2.364,1.683
337425.507,4263190.918,5.820,508.840,1758.843,4625.000,2500.000,1250.000,3.409,1.707
337175.507,4264190.918,5.820,508.870,1758.873,4375.000,3500.000,1250.000,3.409,1.707
336425.507,4261065.918,5.820,508.960,1758.961,3625.000,375.000,1250.000,3.409,1.707
336050.507,4261190.918,5.820,491.020,1741.025,3250.000,500.000,1250.000,3.409,1.707
334800.507,4264815.918,3.426,509.050,1634.048,2000.000,4125.000,1125.000,2.036,1.683
333050.507,4261440.918,3.301,490.940,1615.942,250.000,750.000,1125.000,1.961,1.683
334300.507,4264690.918,3.403,490.930,1615.931,1500.000,4000.000,1125.000,2.022,1.683
336050.507,4260690.918,5.820,490.930,1740.928,3250.000,0.000,1250.000,3.409,1.707
337300.507,4265065.918,5.820,490.930,1740.926,4500.000,4375.000,1250.000,3.409,1.707
334550.507,4264190.918,3.399,509.170,1634.169,1750.000,3500.000,1125.000,2.020,1.683
334300.507,4263440.918,3.411,509.190,1634.194,1500.000,2750.000,1125.000,2.027,1.683
334925.507,4265065.918,3.403,509.200,1634.197,2125.000,4375.000,1125.000,2.022,1.683
334050.507,4262690.918,3.439,509.240,1634.236,1250.000,2000.000,1125.000,2.043,1.683
336550.507,4261940.918,5.820,509.240,1759.241,3750.000,1250.000,1250.000,3.409,1.707
334675.507,4265565.918,3.363,490.670,1615.667,1875.000,4875.000,1125.000,1.998,1.683
332800.507,4260815.918,3.301,490.650,1615.651,0.000,125.000,1125.000,1.961,1.683
334175.507,4262940.918,3.481,509.350,1634.350,1375.000,2250.000,1125.000,2.068,1.683
335050.507,4265315.918,3.612,509.360,1634.365,2250.000,4625.000,1125.000,2.146,1.683
332925.507,4261190.918,3.301,490.620,1615.621,125.000,500.000,1125.000,1.961,1.683
334550.507,4265190.918,3.357,490.610,1615.608,1750.000,4500.000,1125.000,1.995,1.683
336050.507,4261065.918,5.820,490.560,1740.560,3250.000,375.000,1250.000,3.409,1.707
337050.507,4263190.918,5.820,490.550,1740.547,4250.000,2500.000,1250.000,3.409,1.707
336175.507,4261565.918,5.820,490.490,1740.491,3375.000,875.000,1250.000,3.409,1.707
336050.507,4260815.918,5.820,490.420,1740.425,3250.000,125.000,1250.000,3.409,1.707
334050.507,4264315.918,3.441,490.330,1615.335,1250.000,3625.000,1125.000,2.045,1.683
336550.507,4263190.918,5.820,490.290,1740.286,3750.000,2500.000,1250.000,3.409,1.707
333550.507,4261315.918,3.330,509.710,1634.714,750.000,625.000,1125.000,1.979,1.683
336425.507,4260940.918,5.820,509.730,1759.725,3625.000,250.000,1250.000,3.409,1.707
337425.507,4265315.918,5.820,490.270,1740.268,4625.000,4625.000,1250.000,3.409,1.707
333925.507,4263940.918,3.516,490.120,1615.115,1125.000,3250.000,1125.000,2.089,1.683
337550.507,4264440.918,5.820,509.950,1759.952,4750.000,3750.000,1250.000,3.409,1.707
337175.507,4264690.918,5.820,490.030,1740.028,4375.000,4000.000,1250.000,3.409,1.707
334425.507,4264940.918,3.373,490.000,1615.001,1625.000,4250.000,1125.000,2.004,1.683
333550.507,4262690.918,3.383,489.990,1614.988,750.000,2000.000,1125.000,2.010,1.683
336800.507,4264190.918,5.820,489.960,1739.957,4000.000,3500.000,1250.000,3.409,1.707
334050.507,4262565.918,3.400,510.050,1635.052,1250.000,1875.000,1125.000,2.020,1.683
333425.507,4262315.918,3.387,489.930,1614.933,625.000,1625.000,1125.000,2.012,1.683
336550.507,4261815.918,5.820,510.080,1760.083,3750.000,1125.000,1250.000,3.409,1.707
334175.507,4263940.918,3.469,489.890,1614.888,1375.000,3250.000,1125.000,2.061,1.683
334050.507,4262440.918,3.376,510.130,1635.125,1250.000,1750.000,1125.000,2.006,1.683
333675.507,4261565.918,3.520,510.140,1635.145,875.000,875.000,1125.000,2.092,1.683
336925.507,4264440.918,5.820,489.850,1739.850,4125.000,3750.000,1250.000,3.409,1.707
336300.507,4262190.918,5.820,489.820,1739.815,3500.000,1500.000,1250.000,3.409,1.707
333925.507,4262190.918,3.915,510.180,1635.180,1125.000,1500.000,1125.000,2.326,1.683
336675.507,4262440.918,5.820,510.190,1760.186,3875.000,1750.000,1250.000,3.409,1.707
337550.507,4265690.918,5.820,489.750,1739.753,4750.000,5000.000,1250.000,3.409,1.707
337175.507,4263440.918,5.820,489.730,1739.734,4375.000,2750.000,1250.000,3.409,1.707
337175.507,4264815.918,5.820,489.690,1739.685,4375.000,4125.000,1250.000,3.409,1.707
336425.507,4262815.918,5.820,489.670,1739.671,3625.000,2125.000,1250.000,3.409,1.707
335175.507,4265565.918,4.357,510.350,1635.348,2375.000,4875.000,1125.000,2.589,1.683
334050.507,4263940.918,3.492,489.580,1614.583,1250.000,3250.000,1125.000,2.075,1.683
337050.507,4264565.918,5.820,489.550,1739.554,4250.000,3875.000,1250.000,3.409,1.707
336800.507,4262815.918,5.820,510.490,1760.486,4000.000,2125.000,1250.000,3.409,1.707
333675.507,4263065.918,3.588,489.460,1614.461,875.000,2375.000,1125.000,2.132,1.683
334675.507,4264440.918,3.502,510.640,1635.642,1875.000,3750.000,1125.000,2.081,1.683
336175.507,4261690.918,5.820,489.340,1739.339,3375.000,1000.000,1250.000,3.409,1.707
333300.507,4262065.918,3.331,489.160,1614.161,500.000,1375.000,1125.000,1.979,1.683
333550.507,4261190.918,3.335,510.850,1635.846,750.000,500.000,1125.000,1.982,1.683
334300.507,4264815.918,3.385,489.110,1614.112,1500.000,4125.000,1125.000,2.011,1.683
333550.507,4262815.918,3.405,489.100,1614.101,750.000,2125.000,1125.000,2.023,1.683
335050.507,4265190.918,3.612,510.940,1635.942,2250.000,4500.000,1125.000,2.146,1.683
333675.507,4261440.918,3.524,510.950,1635.945,875.000,750.000,1125.000,2.094,1.683
333675.507,4261065.918,3.355,510.960,1635.961,875.000,375.000,1125.000,1.993,1.683
333425.507,4260940.918,3.321,510.960,1635.959,625.000,250.000,1125.000,1.973,1.683
336050.507,4261315.918,5.820,489.030,1739.029,3250.000,625.000,1250.000,3.409,1.707
333050.507,4261565.918,3.301,489.020,1614.020,250.000,875.000,1125.000,1.961,1.683
334300.507,4263315.918,3.435,510.980,1635.976,1500.000,2625.000,1125.000,2.041,1.683
333675.507,4263190.918,3.580,488.980,1613.982,875.000,2500.000,1125.000,2.127,1.683
333050.507,4261315.918,3.301,488.960,1613.964,250.000,625.000,1125.000,1.961,1.683
336300.507,4262315.918,5.820,488.930,1738.934,3500.000,1625.000,1250.000,3.409,1.707
333175.507,4261815.918,3.301,488.910,1613.907,375.000,1125.000,1125.000,1.961,1.683
337050.507,4263690.918,5.820,511.090,1761.090,4250.000,3000.000,1250.000,3.409,1.707
334300.507,4263190.918,3.482,511.170,1636.173,1500.000,2500.000,1125.000,2.069,1.683
333800.507,4261690.918,4.110,511.190,1636.193,1000.000,1000.000,1125.000,2.442,1.683
336550.507,4261690.918,5.820,511.230,1761.229,3750.000,1000.000,1250.000,3.409,1.707
333675.507,4263315.918,3.541,488.700,1613.702,875.000,2625.000,1125.000,2.104,1.683
334175.507,4262815.918,3.464,511.380,1636.380,1375.000,2125.000,1125.000,2.058,1.683
333800.507,4263565.918,3.418,488.570,1613.572,1000.000,2875.000,1125.000,2.031,1.683
336550.507,4260690.918,5.820,511.480,1761.479,3750.000,0.000,1250.000,3.409,1.707
337800.507,4265440.918,5.820,511.510,1761.510,5000.000,4750.000,1250.000,3.409,1.707
337300.507,4263315.918,5.820,488.420,1738.425,4500.000,2625.000,1250.000,3.409,1.707
336800.507,4263565.918,5.820,488.330,1738.328,4000.000,2875.000,1250.000,3.409,1.707
337550.507,4264565.918,5.820,511.680,1761.684,4750.000,3875.000,1250.000,3.409,1.707
336550.507,4261565.918,5.820,511.700,1761.702,3750.000,875.000,1250.000,3.409,1.707
334550.507,4265315.918,3.357,488.280,1613.284,1750.000,4625.000,1125.000,1.995,1.683
334925.507,4264940.918,3.413,511.730,1636.731,2125.000,4250.000,1125.000,2.028,1.683
333175.507,4261940.918,3.303,488.260,1613.261,375.000,1250.000,1125.000,1.963,1.683
333425.507,4260815.918,3.318,511.790,1636.792,625.000,125.000,1125.000,1.971,1.683
336300.507,4262440.918,5.820,488.110,1738.110,3500.000,1750.000,1250.000,3.409,1.707
333050.507,4261690.918,3.300,488.110,1613.113,250.000,1000.000,1125.000,1.961,1.683
336175.507,4261815.918,5.820,488.100,1738.103,3375.000,1125.000,1250.000,3.409,1.707
336050.507,4261440.918,5.820,488.070,1738.068,3250.000,750.000,1250.000,3.409,1.707
333425.507,4262440.918,3.377,488.060,1613.058,625.000,1750.000,1125.000,2.007,1.683
332800.507,4260940.918,3.301,488.010,1613.012,0.000,250.000,1125.000,1.961,1.683
337300.507,4265190.918,5.820,488.000,1738.002,4500.000,4500.000,1250.000,3.409,1.707
334175.507,4264565.918,3.438,488.000,1613.005,1375.000,3875.000,1125.000,2.043,1.683
334800.507,4264690.918,3.494,512.030,1637.032,2000.000,4000.000,1125.000,2.076,1.683
337675.507,4264815.918,5.820,512.040,1762.041,4875.000,4125.000,1250.000,3.409,1.707
336675.507,4262315.918,5.820,512.060,1762.057,3875.000,1625.000,1250.000,3.409,1.707
333300.507,4262190.918,3.337,487.910,1612.910,500.000,1500.000,1125.000,1.983,1.683
334800.507,4264565.918,3.736,512.100,1637.097,2000.000,3875.000,1125.000,2.220,1.683
334175.507,4264065.918,3.506,487.850,1612.847,1375.000,3375.000,1125.000,2.083,1.683
333550.507,4262940.918,3.472,487.830,1612.830,750.000,2250.000,1125.000,2.063,1.683
334425.507,4263690.918,3.474,512.180,1637.182,1625.000,3000.000,1125.000,2.064,1.683
332800.507,4261065.918,3.301,487.800,1612.802,0.000,375.000,1125.000,1.961,1.683
337175.507,4264065.918,5.820,512.250,1762.255,4375.000,3375.000,1250.000,3.409,1.707
334550.507,4264065.918,3.447,512.310,1637.306,1750.000,3375.000,1125.000,2.048,1.683
333800.507,4263690.918,3.424,487.670,1612.671,1000.000,3000.000,1125.000,2.034,1.683
334550.507,4265440.918,3.357,487.670,1612.672,1750.000,4750.000,1125.000,1.995,1.683
334300.507,4263065.918,3.504,512.330,1637.331,1500.000,2375.000,1125.000,2.082,1.683
337425.507,4265440.918,5.820,487.630,1737.632,4625.000,4750.000,1250.000,3.409,1.707
335300.507,4265690.918,5.093,512.380,1637.385,2500.000,5000.000,1125.000,3.026,1.683
333800.507,4263940.918,3.494,487.470,1612.473,1000.000,3250.000,1125.000,2.076,1.683
333675.507,4263440.918,3.487,487.450,1612.447,875.000,2750.000,1125.000,2.072,1.683
335175.507,4265440.918,4.357,512.590,1637.592,2375.000,4750.000,1125.000,2.589,1.683
333925.507,4262065.918,4.291,512.600,1637.597,1125.000,1375.000,1125.000,2.550,1.683
336550.507,4261440.918,5.820,512.710,1762.710,3750.000,750.000,1250.000,3.409,1.707
334425.507,4265065.918,3.362,487.280,1612.282,1625.000,4375.000,1125.000,1.998,1.683
334675.507,4265690.918,3.363,487.220,1612.219,1875.000,5000.000,1125.000,1.998,1.683
334675.507,4264315.918,3.427,512.820,1637.819,1875.000,3625.000,1125.000,2.036,1.683
333425.507,4260690.918,3.315,512.820,1637.821,625.000,0.000,1125.000,1.970,1.683
333425.507,4262565.918,3.372,487.130,1612.130,625.000,1875.000,1125.000,2.004,1.683
334050.507,4264440.918,3.415,487.100,1612.098,1250.000,3750.000,1125.000,2.029,1.683
334800.507,4263565.918,3.585,512.920,1637.918,2000.000,2875.000,1125.000,2.130,1.683
337050.507,4263815.918,5.820,513.030,1763.029,4250.000,3125.000,1250.000,3.409,1.707
333800.507,4261565.918,4.100,513.050,1638.054,1000.000,875.000,1125.000,2.436,1.683
333800.507,4263815.918,3.421,486.930,1611.933,1000.000,3125.000,1125.000,2.033,1.683
336800.507,4262690.918,5.820,513.100,1763.104,4000.000,2000.000,1250.000,3.409,1.707
336675.507,4263690.918,5.820,486.870,1736.873,3875.000,3000.000,1250.000,3.409,1.707
332800.507,4261190.918,3.301,486.750,1611.750,0.000,500.000,1125.000,1.961,1.683
336675.507,4264065.918,5.820,486.720,1736.721,3875.000,3375.000,1250.000,3.409,1.707
333925.507,4261940.918,4.715,513.380,1638.380,1125.000,1250.000,1125.000,2.802,1.683
332925.507,4261315.918,3.301,486.620,1611.623,125.000,625.000,1125.000,1.961,1.683
334425.507,4263565.918,3.429,513.450,1638.449,1625.000,2875.000,1125.000,2.037,1.683
333675.507,4261315.918,3.346,513.460,1638.464,875.000,625.000,1125.000,1.988,1.683
335175.507,4265315.918,4.357,513.470,1638.469,2375.000,4625.000,1125.000,2.589,1.683
334175.507,4262690.918,3.419,513.490,1638.492,1375.000,2000.000,1125.000,2.031,1.683
336675.507,4260690.918,5.820,513.500,1763.499,3875.000,0.000,1250.000,3.409,1.707
335925.507,4260940.918,5.820,486.490,1736.495,3125.000,250.000,1250.000,3.409,1.707
334050.507,4262315.918,3.934,513.520,1638.520,1250.000,1625.000,1125.000,2.337,1.683
334925.507,4263565.918,3.791,513.580,1638.579,2125.000,2875.000,1125.000,2.253,1.683
337425.507,4264315.918,5.820,513.600,1763.600,4625.000,3625.000,1250.000,3.409,1.707
336175.507,4261940.918,5.820,486.310,1736.311,3375.000,1250.000,1250.000,3.409,1.707
334300.507,4264940.918,3.379,486.300,1611.298,1500.000,4250.000,1125.000,2.008,1.683
336800.507,4264315.918,5.820,486.260,1736.257,4000.000,3625.000,1250.000,3.409,1.707
336425.507,4262940.918,5.820,486.230,1736.234,3625.000,2250.000,1250.000,3.409,1.707
336675.507,4262190.918,5.820,513.820,1763.820,3875.000,1500.000,1250.000,3.409,1.707
337300.507,4264190.918,5.820,513.840,1763.841,4500.000,3500.000,1250.000,3.409,1.707
337675.507,4264940.918,5.820,513.850,1763.854,4875.000,4250.000,1250.000,3.409,1.707
336550.507,4261315.918,5.820,513.880,1763.880,3750.000,625.000,1250.000,3.409,1.707
336300.507,4262565.918,5.820,486.120,1736.120,3500.000,1875.000,1250.000,3.409,1.707
333300.507,4262315.918,3.341,486.100,1611.102,500.000,1625.000,1125.000,1.985,1.683
333550.507,4260940.918,3.335,513.930,1638.934,750.000,250.000,1125.000,1.982,1.683
333175.507,4262065.918,3.306,486.050,1611.054,375.000,1375.000,1125.000,1.964,1.683
333425.507,4262690.918,3.379,486.030,1611.029,625.000,2000.000,1125.000,2.008,1.683
334675.507,4264190.918,3.580,514.070,1639.072,1875.000,3500.000,1125.000,2.127,1.683
335925.507,4260690.918,5.820,485.880,1735.875,3125.000,0.000,1250.000,3.409,1.707
336925.507,4262940.918,5.820,514.130,1764.132,4125.000,2250.000,1250.000,3.409,1.707
337675.507,4263190.918,5.820,514.190,1764.190,4875.000,2500.000,1250.000,3.409,1.707
337175.507,4264940.918,5.820,485.800,1735.799,4375.000,4250.000,1250.000,3.409,1.707
333050.507,4261815.918,3.300,485.740,1610.741,250.000,1125.000,1125.000,1.961,1.683
336550.507,4261065.918,5.820,514.270,1764.272,3750.000,375.000,1250.000,3.409,1.707
333675.507,4263565.918,3.447,485.720,1610.723,875.000,2875.000,1125.000,2.048,1.683
334800.507,4263815.918,3.824,514.280,1639.284,2000.000,3125.000,1125.000,2.272,1.683
333925.507,4261815.918,4.888,514.290,1639.286,1125.000,1125.000,1125.000,2.904,1.683
334175.507,4262565.918,3.388,514.300,1639.305,1375.000,1875.000,1125.000,2.013,1.683
337175.507,4263940.918,5.820,514.460,1764.456,4375.000,3250.000,1250.000,3.409,1.707
336425.507,4263065.918,5.820,485.510,1735.507,3625.000,2375.000,1250.000,3.409,1.707
336550.507,4260815.918,5.820,514.530,1764.529,3750.000,125.000,1250.000,3.409,1.707
335050.507,4265065.918,3.612,514.530,1639.534,2250.000,4375.000,1125.000,2.146,1.683
335925.507,4261065.918,5.820,485.460,1735.460,3125.000,375.000,1250.000,3.409,1.707
334550.507,4265565.918,3.357,485.450,1610.454,1750.000,4875.000,1125.000,1.995,1.683
336050.507,4261565.918,5.820,485.420,1735.422,3250.000,875.000,1250.000,3.409,1.707
336800.507,4262565.918,5.820,514.580,1764.585,4000.000,1875.000,1250.000,3.409,1.707
334050.507,4264190.918,3.501,485.410,1610.415,1250.000,3500.000,1125.000,2.080,1.683
337675.507,4264690.918,5.820,514.600,1764.596,4875.000,4000.000,1250.000,3.409,1.707
332925.507,4261565.918,3.301,485.400,1610.398,125.000,875.000,1125.000,1.961,1.683
334175.507,4262440.918,3.746,514.630,1639.633,1375.000,1750.000,1125.000,2.226,1.683
337800.507,4265315.918,5.820,514.660,1764.664,5000.000,4625.000,1250.000,3.409,1.707
334175.507,4264690.918,3.412,485.270,1610.274,1375.000,4000.000,1125.000,2.027,1.683
334050.507,4264065.918,3.527,485.150,1610.146,1250.000,3375.000,1125.000,2.096,1.683
333550.507,4263065.918,3.539,485.100,1610.100,750.000,2375.000,1125.000,2.103,1.683
333550.507,4263190.918,3.551,485.090,1610.089,750.000,2500.000,1125.000,2.110,1.683
335300.507,4265565.918,5.093,514.920,1639.916,2500.000,4875.000,1125.000,3.026,1.683
334300.507,4262940.918,3.507,514.930,1639.927,1500.000,2250.000,1125.000,2.084,1.683
334800.507,4264440.918,3.745,514.960,1639.961,2000.000,3750.000,1125.000,2.225,1.683
334425.507,4265190.918,3.362,484.970,1609.971,1625.000,4500.000,1125.000,1.998,1.683
336925.507,4264565.918,5.820,484.910,1734.910,4125.000,3875.000,1250.000,3.409,1.707
337425.507,4265565.918,5.820,484.890,1734.887,4625.000,4875.000,1250.000,3.409,1.707
334425.507,4263440.918,3.420,515.110,1640.106,1625.000,2750.000,1125.000,2.032,1.683
334050.507,4262190.918,4.309,515.160,1640.159,1250.000,1500.000,1125.000,2.560,1.683
335925.507,4261315.918,5.820,484.800,1734.799,3125.000,625.000,1250.000,3.409,1.707
336175.507,4262065.918,5.820,484.800,1734.804,3375.000,1375.000,1250.000,3.409,1.707
334425.507,4263190.918,3.443,515.400,1640.401,1625.000,2500.000,1125.000,2.046,1.683
333425.507,4262815.918,3.405,484.570,1609.571,625.000,2125.000,1125.000,2.023,1.683
334925.507,4264815.918,3.625,515.470,1640.471,2125.000,4125.000,1125.000,2.154,1.683
333925.507,4261690.918,5.058,515.480,1640.476,1125.000,1000.000,1125.000,3.005,1.683
334175.507,4264815.918,3.393,484.520,1609.517,1375.000,4125.000,1125.000,2.016,1.683
336550.507,4261190.918,5.820,515.530,1765.532,3750.000,500.000,1250.000,3.409,1.707
333550.507,4263315.918,3.539,484.430,1609.433,750.000,2625.000,1125.000,2.103,1.683
336300.507,4262690.918,5.820,484.420,1734.418,3500.000,2000.000,1250.000,3.409,1.707
334425.507,4263315.918,3.415,515.590,1640.594,1625.000,2625.000,1125.000,2.029,1.683
337175.507,4263690.918,5.820,515.600,1765.602,4375.000,3000.000,1250.000,3.409,1.707
333675.507,4261190.918,3.352,515.620,1640.621,875.000,500.000,1125.000,1.992,1.683
333300.507,4262440.918,3.342,484.370,1609.366,500.000,1750.000,1125.000,1.986,1.683
337175.507,4265065.918,5.820,484.280,1734.278,4375.000,4375.000,1250.000,3.409,1.707
337800.507,4264940.918,5.820,515.760,1765.756,5000.000,4250.000,1250.000,3.409,1.707
336675.507,4262065.918,5.820,515.820,1765.824,3875.000,1375.000,1250.000,3.409,1.707
337800.507,4265065.918,5.820,515.850,1765.847,5000.000,4375.000,1250.000,3.409,1.707
335925.507,4260815.918,5.820,484.130,1734.130,3125.000,125.000,1250.000,3.409,1.707
332925.507,4261440.918,3.301,484.100,1609.101,125.000,750.000,1125.000,1.961,1.683
336675.507,4264190.918,5.820,484.080,1734.078,3875.000,3500.000,1250.000,3.409,1.707
336550.507,4263815.918,5.820,484.070,1734.067,3750.000,3125.000,1250.000,3.409,1.707
333675.507,4263940.918,3.460,483.990,1608.990,875.000,3250.000,1125.000,2.056,1.683
336550.507,4263940.918,5.820,483.970,1733.973,3750.000,3250.000,1250.000,3.409,1.707
336550.507,4260940.918,5.820,516.050,1766.052,3750.000,250.000,1250.000,3.409,1.707
336675.507,4263190.918,5.820,483.910,1733.912,3875.000,2500.000,1250.000,3.409,1.707
334550.507,4265690.918,3.357,483.890,1608.889,1750.000,5000.000,1125.000,1.995,1.683
334050.507,4264565.918,3.423,483.870,1608.867,1250.000,3875.000,1125.000,2.034,1.683
334300.507,4262815.918,3.485,516.130,1641.129,1500.000,2125.000,1125.000,2.071,1.683
333675.507,4260940.918,3.353,516.150,1641.146,875.000,250.000,1125.000,1.992,1.683
333800.507,4260940.918,3.373,516.200,1641.201,1000.000,250.000,1125.000,2.004,1.683
334550.507,4263690.918,3.596,516.210,1641.209,1750.000,3000.000,1125.000,2.137,1.683
333800.507,4261440.918,3.916,516.230,1641.225,1000.000,750.000,1125.000,2.327,1.683
333675.507,4263690.918,3.439,483.650,1608.647,875.000,3000.000,1125.000,2.043,1.683
337050.507,4264815.918,5.820,483.620,1733.623,4250.000,4125.000,1250.000,3.409,1.707
332925.507,4261690.918,3.300,483.570,1608.572,125.000,1000.000,1125.000,1.961,1.683
335925.507,4261190.918,5.820,483.530,1733.530,3125.000,500.000,1250.000,3.409,1.707
334175.507,4262315.918,4.284,516.480,1641.480,1375.000,1625.000,1125.000,2.545,1.683
332800.507,4261315.918,3.301,483.420,1608.416,0.000,625.000,1125.000,1.961,1.683
337050.507,4264690.918,5.820,483.410,1733.409,4250.000,4000.000,1250.000,3.409,1.707
333550.507,4263440.918,3.506,483.380,1608.378,750.000,2750.000,1125.000,2.083,1.683
333425.507,4262940.918,3.444,483.290,1608.291,625.000,2250.000,1125.000,2.046,1.683
333800.507,4264065.918,3.528,483.280,1608.284,1000.000,3375.000,1125.000,2.096,1.683
333550.507,4260690.918,3.328,516.770,1641.769,750.000,0.000,1125.000,1.977,1.683
334675.507,4264065.918,3.616,516.780,1641.785,1875.000,3375.000,1125.000,2.149,1.683
333175.507,4262190.918,3.309,483.150,1608.146,375.000,1500.000,1125.000,1.966,1.683
335175.507,4265190.918,4.357,516.880,1641.883,2375.000,4500.000,1125.000,2.589,1.683
333925.507,4264065.918,3.537,483.070,1608.066,1125.000,3375.000,1125.000,2.102,1.683
337675.507,4263065.918,5.820,516.970,1766.970,4875.000,2375.000,1250.000,3.409,1.707
336050.507,4261690.918,5.820,483.000,1732.997,3250.000,1000.000,1250.000,3.409,1.707
333050.507,4261940.918,3.299,482.990,1607.995,250.000,1250.000,1125.000,1.960,1.683
334425.507,4265315.918,3.362,482.960,1607.955,1625.000,4625.000,1125.000,1.998,1.683
333300.507,4262565.918,3.346,482.960,1607.963,500.000,1875.000,1125.000,1.988,1.683
333800.507,4261065.918,3.375,517.050,1642.047,1000.000,375.000,1125.000,2.005,1.683
337300.507,4265315.918,5.820,482.880,1732.877,4500.000,4625.000,1250.000,3.409,1.707
334925.507,4264690.918,3.871,517.130,1642.125,2125.000,4000.000,1125.000,2.300,1.683
337800.507,4265190.918,5.820,517.150,1767.153,5000.000,4500.000,1250.000,3.409,1.707
337675.507,4264440.918,5.820,517.170,1767.167,4875.000,3750.000,1250.000,3.409,1.707
337425.507,4265690.918,5.820,482.800,1732.802,4625.000,5000.000,1250.000,3.409,1.707
333800.507,4261315.918,3.738,517.200,1642.195,1000.000,625.000,1125.000,2.221,1.683
334425.507,4263065.918,3.484,517.210,1642.208,1625.000,2375.000,1125.000,2.070,1.683
336675.507,4261940.918,5.820,517.280,1767.285,3875.000,1250.000,1250.000,3.409,1.707
333550.507,4260815.918,3.331,517.280,1642.279,750.000,125.000,1125.000,1.979,1.683
332925.507,4261815.918,3.299,482.700,1607.703,125.000,1125.000,1125.000,1.960,1.683
335050.507,4264940.918,3.802,517.320,1642.321,2250.000,4250.000,1125.000,2.259,1.683
333675.507,4264065.918,3.497,482.670,1607.670,875.000,3375.000,1125.000,2.078,1.683
336300.507,4262815.918,5.820,482.660,1732.660,3500.000,2125.000,1250.000,3.409,1.707
334300.507,4265065.918,3.374,482.660,1607.661,1500.000,4375.000,1125.000,2.005,1.683
334800.507,4264315.918,3.846,517.350,1642.352,2000.000,3625.000,1125.000,2.285,1.683
336800.507,4264440.918,5.820,482.520,1732.521,4000.000,3750.000,1250.000,3.409,1.707
333675.507,4263815.918,3.426,482.510,1607.511,875.000,3125.000,1125.000,2.036,1.683
337675.507,4264565.918,5.820,517.550,1767.546,4875.000,3875.000,1250.000,3.409,1.707
336175.507,4262190.918,5.820,482.420,1732.424,3375.000,1500.000,1250.000,3.409,1.707
336800.507,4262440.918,5.820,517.590,1767.586,4000.000,1750.000,1250.000,3.409,1.707
336925.507,4262815.918,5.820,517.640,1767.644,4125.000,2125.000,1250.000,3.409,1.707
337175.507,4263815.918,5.820,517.670,1767.669,4375.000,3125.000,1250.000,3.409,1.707
334050.507,4262065.918,4.919,517.710,1642.709,1250.000,1375.000,1125.000,2.923,1.683
333925.507,4264440.918,3.438,482.220,1607.215,1125.000,3750.000,1125.000,2.043,1.683
333050.507,4262065.918,3.300,482.210,1607.211,250.000,1375.000,1125.000,1.961,1.683
334425.507,4265440.918,3.362,482.190,1607.188,1625.000,4750.000,1125.000,1.998,1.683
334050.507,4264690.918,3.415,482.070,1607.069,1250.000,4000.000,1125.000,2.029,1.683
334925.507,4264565.918,4.128,517.990,1642.986,2125.000,3875.000,1125.000,2.453,1.683
333925.507,4261565.918,4.864,518.050,1643.046,1125.000,875.000,1125.000,2.890,1.683
336050.507,4261815.918,5.820,481.860,1731.862,3250.000,1125.000,1250.000,3.409,1.707
336675.507,4261815.918,5.820,518.150,1768.147,3875.000,1125.000,1250.000,3.409,1.707
335425.507,4265690.918,5.639,518.170,1643.174,2625.000,5000.000,1125.000,3.351,1.683
337175.507,4263315.918,5.820,481.830,1731.828,4375.000,2625.000,1250.000,3.409,1.707
334175.507,4264940.918,3.389,481.830,1606.833,1375.000,4250.000,1125.000,2.014,1.683
335925.507,4261565.918,5.820,481.810,1731.813,3125.000,875.000,1250.000,3.409,1.707
334300.507,4262565.918,3.580,518.240,1643.240,1500.000,1875.000,1125.000,2.127,1.683
334300.507,4262690.918,3.421,518.290,1643.289,1500.000,2000.000,1125.000,2.033,1.683
334675.507,4263940.918,3.555,518.340,1643.338,1875.000,3250.000,1125.000,2.112,1.683
333175.507,4262315.918,3.315,481.640,1606.641,375.000,1625.000,1125.000,1.970,1.683
336425.507,4263190.918,5.820,481.610,1731.610,3625.000,2500.000,1250.000,3.409,1.707
333300.507,4262690.918,3.358,481.560,1606.557,500.000,2000.000,1125.000,1.995,1.683
336800.507,4260690.918,5.820,518.470,1768.474,4000.000,0.000,1250.000,3.409,1.707
337675.507,4264315.918,5.820,518.510,1768.513,4875.000,3625.000,1250.000,3.409,1.707
336175.507,4262315.918,5.820,481.490,1731.486,3375.000,1625.000,1250.000,3.409,1.707
337175.507,4263565.918,5.820,518.510,1768.512,4375.000,2875.000,1250.000,3.409,1.707
337050.507,4263440.918,5.820,481.440,1731.440,4250.000,2750.000,1250.000,3.409,1.707
334050.507,4261940.918,5.321,518.580,1643.577,1250.000,1250.000,1125.000,3.162,1.683
335300.507,4265440.918,5.093,518.620,1643.619,2500.000,4750.000,1125.000,3.026,1.683
333425.507,4263190.918,3.441,481.350,1606.348,625.000,2500.000,1125.000,2.045,1.683
335300.507,4265315.918,5.093,518.660,1643.656,2500.000,4625.000,1125.000,3.026,1.683
333425.507,4263065.918,3.454,481.290,1606.290,625.000,2375.000,1125.000,2.052,1.683
337300.507,4264065.918,5.820,518.760,1768.758,4500.000,3375.000,1250.000,3.409,1.707
336925.507,4262690.918,5.820,518.780,1768.775,4125.000,2000.000,1250.000,3.409,1.707
334425.507,4262940.918,3.507,518.870,1643.874,1625.000,2250.000,1125.000,2.084,1.683
336675.507,4261690.918,5.820,518.970,1768.969,3875.000,1000.000,1250.000,3.409,1.707
332800.507,4261440.918,3.301,481.030,1606.033,0.000,750.000,1125.000,1.961,1.683
336800.507,4262315.918,5.820,518.990,1768.987,4000.000,1625.000,1250.000,3.409,1.707
337550.507,4264315.918,5.820,519.040,1769.044,4750.000,3625.000,1250.000,3.409,1.707
336550.507,4264065.918,5.820,480.960,1730.964,3750.000,3375.000,1250.000,3.409,1.707
337175.507,4265190.918,5.820,480.960,1730.959,4375.000,4500.000,1250.000,3.409,1.707
333425.507,4263315.918,3.437,480.880,1605.876,625.000,2625.000,1125.000,2.042,1.683
337425.507,4264190.918,5.820,519.130,1769.131,4625.000,3500.000,1250.000,3.409,1.707
334175.507,4262190.918,4.898,519.200,1644.197,1375.000,1500.000,1125.000,2.910,1.683
336175.507,4262440.918,5.820,480.740,1730.739,3375.000,1750.000,1250.000,3.409,1.707
335925.507,4261440.918,5.820,480.680,1730.683,3125.000,750.000,1250.000,3.409,1.707
333550.507,4263565.918,3.455,480.670,1605.670,750.000,2875.000,1125.000,2.053,1.683
335050.507,4263440.918,3.964,519.350,1644.354,2250.000,2750.000,1125.000,2.355,1.683
334300.507,4262440.918,4.136,519.410,1644.406,1500.000,1750.000,1125.000,2.458,1.683
333550.507,4263940.918,3.451,480.580,1605.576,750.000,3250.000,1125.000,2.051,1.683
333300.507,4262815.918,3.376,480.520,1605.519,500.000,2125.000,1125.000,2.006,1.683
333800.507,4261190.918,3.372,519.550,1644.548,1000.000,500.000,1125.000,2.004,1.683
333925.507,4261440.918,4.682,519.560,1644.558,1125.000,750.000,1125.000,2.782,1.683
336675.507,4261565.918,5.820,519.560,1769.558,3875.000,875.000,1250.000,3.409,1.707
333925.507,4264190.918,3.505,480.360,1605.358,1125.000,3500.000,1125.000,2.083,1.683
335050.507,4264815.918,4.184,519.650,1644.646,2250.000,4125.000,1125.000,2.486,1.683
335175.507,4265065.918,4.357,519.660,1644.659,2375.000,4375.000,1125.000,2.589,1.683
334800.507,4264190.918,3.997,519.670,1644.675,2000.000,3500.000,1125.000,2.375,1.683
335800.507,4260690.918,5.820,480.290,1730.294,3000.000,0.000,1250.000,3.409,1.707
335425.507,4265565.918,5.639,519.840,1644.843,2625.000,4875.000,1125.000,3.351,1.683
334550.507,4263565.918,3.468,519.870,1644.872,1750.000,2875.000,1125.000,2.061,1.683
336675.507,4264315.918,5.820,480.100,1730.103,3875.000,3625.000,1250.000,3.409,1.707
336675.507,4261440.918,5.820,519.950,1769.945,3875.000,750.000,1250.000,3.409,1.707
333550.507,4264065.918,3.490,480.040,1605.042,750.000,3375.000,1125.000,2.074,1.683
334425.507,4265565.918,3.362,480.000,1605.004,1625.000,4875.000,1125.000,1.998,1.683
334925.507,4264440.918,4.526,520.010,1645.008,2125.000,3750.000,1125.000,2.689,1.683
336800.507,4264565.918,5.820,479.970,1729.971,4000.000,3875.000,1250.000,3.409,1.707
333175.507,4262440.918,3.325,479.970,1604.975,375.000,1750.000,1125.000,1.976,1.683
334300.507,4265190.918,3.374,479.920,1604.917,1500.000,4500.000,1125.000,2.005,1.683
333925.507,4264315.918,3.459,479.920,1604.922,1125.000,3625.000,1125.000,2.055,1.683
334925.507,4263440.918,3.717,520.100,1645.105,2125.000,2750.000,1125.000,2.209,1.683
334925.507,4263690.918,3.930,520.130,1645.132,2125.000,3000.000,1125.000,2.335,1.683
333550.507,4263690.918,3.402,479.850,1604.854,750.000,3000.000,1125.000,2.021,1.683
332800.507,4261565.918,3.301,479.850,1604.852,0.000,875.000,1125.000,1.961,1.683
335800.507,4260940.918,5.820,479.790,1729.786,3000.000,250.000,1250.000,3.409,1.707
336300.507,4262940.918,5.820,479.740,1729.740,3500.000,2250.000,1250.000,3.409,1.707
334550.507,4263315.918,3.405,520.300,1645.298,1750.000,2625.000,1125.000,2.023,1.683
332925.507,4261940.918,3.299,479.630,1604.631,125.000,1250.000,1125.000,1.960,1.683
334550.507,4263190.918,3.401,520.370,1645.367,1750.000,2500.000,1125.000,2.021,1.683
333675.507,4264190.918,3.483,479.610,1604.612,875.000,3500.000,1125.000,2.070,1.683
336050.507,4261940.918,5.820,479.600,1729.595,3250.000,1250.000,1250.000,3.409,1.707
333925.507,4264565.918,3.437,479.600,1604.604,1125.000,3875.000,1125.000,2.042,1.683
337800.507,4264815.918,5.820,520.430,1770.429,5000.000,4125.000,1250.000,3.409,1.707
337300.507,4263940.918,5.820,520.450,1770.454,4500.000,3250.000,1250.000,3.409,1.707
333925.507,4260940.918,3.395,520.500,1645.504,1125.000,250.000,1125.000,2.017,1.683
337300.507,4265440.918,5.820,479.500,1729.500,4500.000,4750.000,1250.000,3.409,1.707
333925.507,4261315.918,4.317,520.540,1645.536,1125.000,625.000,1125.000,2.565,1.683
337425.507,4263565.918,5.820,520.580,1770.579,4625.000,2875.000,1250.000,3.409,1.707
332800.507,4261690.918,3.300,479.410,1604.414,0.000,1000.000,1125.000,1.961,1.683
336675.507,4261065.918,5.820,520.590,1770.588,3875.000,375.000,1250.000,3.409,1.707
334425.507,4262815.918,3.518,520.690,1645.695,1625.000,2125.000,1125.000,2.090,1.683
334050.507,4264815.918,3.405,479.300,1604.297,1250.000,4125.000,1125.000,2.023,1.683
336675.507,4261315.918,5.820,520.710,1770.711,3875.000,625.000,1250.000,3.409,1.707
337050.507,4263065.918,5.820,520.710,1770.711,4250.000,2375.000,1250.000,3.409,1.707
333675.507,4260815.918,3.348,520.710,1645.711,875.000,125.000,1125.000,1.989,1.683
333425.507,4263440.918,3.441,479.240,1604.241,625.000,2750.000,1125.000,2.045,1.683
335300.507,4265190.918,5.093,520.770,1645.771,2500.000,4500.000,1125.000,3.026,1.683
337300.507,4263565.918,5.820,520.790,1770.788,4500.000,2875.000,1250.000,3.409,1.707
333050.507,4262190.918,3.303,479.170,1604.170,250.000,1500.000,1125.000,1.963,1.683
334425.507,4265690.918,3.362,479.130,1604.132,1625.000,5000.000,1125.000,1.998,1.683
336175.507,4262565.918,5.820,479.100,1729.102,3375.000,1875.000,1250.000,3.409,1.707
334175.507,4265065.918,3.389,479.090,1604.090,1375.000,4375.000,1125.000,2.014,1.683
334050.507,4261815.918,5.658,520.920,1645.916,1250.000,1125.000,1125.000,3.362,1.683
336675.507,4260815.918,5.820,520.940,1770.940,3875.000,125.000,1250.000,3.409,1.707
333175.507,4262565.918,3.338,479.040,1604.038,375.000,1875.000,1125.000,1.983,1.683
337800.507,4264690.918,5.820,520.970,1770.973,5000.000,4000.000,1250.000,3.409,1.707
336300.507,4263065.918,5.820,479.010,1729.007,3500.000,2375.000,1250.000,3.409,1.707
335800.507,4261315.918,5.820,479.010,1729.010,3000.000,625.000,1250.000,3.409,1.707
337050.507,4262940.918,5.820,521.000,1771.000,4250.000,2250.000,1250.000,3.409,1.707
335050.507,4263565.918,4.296,521.050,1646.051,2250.000,2875.000,1125.000,2.553,1.683
337050.507,4264940.918,5.820,478.910,1728.907,4250.000,4250.000,1250.000,3.409,1.707
334550.507,4263440.918,3.440,521.180,1646.183,1750.000,2750.000,1125.000,2.044,1.683
335800.507,4261065.918,5.820,478.820,1728.822,3000.000,375.000,1250.000,3.409,1.707
334800.507,4264065.918,3.984,521.190,1646.189,2000.000,3375.000,1125.000,2.367,1.683
333300.507,4262940.918,3.394,478.680,1603.678,500.000,2250.000,1125.000,2.017,1.683
333050.507,4262315.918,3.310,478.630,1603.630,250.000,1625.000,1125.000,1.967,1.683
335800.507,4260815.918,5.820,478.630,1728.630,3000.000,125.000,1250.000,3.409,1.707
336675.507,4260940.918,5.820,521.500,1771.502,3875.000,250.000,1250.000,3.409,1.707
336675.507,4261190.918,5.820,521.590,1771.594,3875.000,500.000,1250.000,3.409,1.707
332800.507,4261815.918,3.299,478.370,1603.370,0.000,1125.000,1125.000,1.960,1.683
333675.507,4260690.918,3.344,521.650,1646.649,875.000,0.000,1125.000,1.987,1.683
334050.507,4264940.918,3.404,478.320,1603.320,1250.000,4250.000,1125.000,2.023,1.683
337550.507,4264190.918,5.820,521.700,1771.697,4750.000,3500.000,1250.000,3.409,1.707
337300.507,4265565.918,5.820,478.260,1728.261,4500.000,4875.000,1250.000,3.409,1.707
334050.507,4261690.918,5.621,521.870,1646.871,1250.000,1000.000,1125.000,3.340,1.683
337175.507,4265315.918,5.820,478.110,1728.114,4375.000,4625.000,1250.000,3.409,1.707
336550.507,4264190.918,5.820,478.100,1728.096,3750.000,3500.000,1250.000,3.409,1.707
336925.507,4262565.918,5.820,521.910,1771.913,4125.000,1875.000,1250.000,3.409,1.707
336925.507,4264815.918,5.820,478.090,1728.086,4125.000,4125.000,1250.000,3.409,1.707
333800.507,4264190.918,3.507,478.040,1603.040,1000.000,3500.000,1125.000,2.084,1.683
334300.507,4265315.918,3.374,478.000,1602.997,1500.000,4625.000,1125.000,2.005,1.683
334175.507,4262065.918,5.378,522.020,1647.019,1375.000,1375.000,1125.000,3.195,1.683
336800.507,4262190.918,5.820,522.090,1772.089,4000.000,1500.000,1250.000,3.409,1.707
336925.507,4260690.918,5.820,522.100,1772.097,4125.000,0.000,1250.000,3.409,1.707
333175.507,4262690.918,3.353,477.830,1602.826,375.000,2000.000,1125.000,1.992,1.683
334550.507,4263065.918,3.439,522.240,1647.240,1750.000,2375.000,1125.000,2.043,1.683
334300.507,4262315.918,4.695,522.270,1647.271,1500.000,1625.000,1125.000,2.790,1.683
333550.507,4263815.918,3.412,477.730,1602.733,750.000,3125.000,1125.000,2.027,1.683
336050.507,4262065.918,5.820,477.620,1727.622,3250.000,1375.000,1250.000,3.409,1.707
337050.507,4265065.918,5.820,477.600,1727.598,4250.000,4375.000,1250.000,3.409,1.707
333925.507,4264690.918,3.417,477.600,1602.595,1125.000,4000.000,1125.000,2.030,1.683
336425.507,4263940.918,5.820,477.560,1727.555,3625.000,3250.000,1250.000,3.409,1.707
335800.507,4261190.918,5.820,477.490,1727.485,3000.000,500.000,1250.000,3.409,1.707
335050.507,4264690.918,4.583,522.530,1647.531,2250.000,4000.000,1125.000,2.723,1.683
332925.507,4262065.918,3.299,477.340,1602.337,125.000,1375.000,1125.000,1.960,1.683
334425.507,4262690.918,3.483,522.680,1647.677,1625.000,2000.000,1125.000,2.070,1.683
333550.507,4264190.918,3.496,477.320,1602.316,750.000,3500.000,1125.000,2.077,1.683
334050.507,4261565.918,5.614,522.690,1647.694,1250.000,875.000,1125.000,3.336,1.683
333300.507,4263190.918,3.381,477.290,1602.290,500.000,2500.000,1125.000,2.009,1.683
334925.507,4264315.918,4.641,522.760,1647.757,2125.000,3625.000,1125.000,2.758,1.683
333300.507,4263065.918,3.398,477.230,1602.229,500.000,2375.000,1125.000,2.019,1.683
333425.507,4264065.918,3.485,477.110,1602.106,625.000,3375.000,1125.000,2.071,1.683
334300.507,4265440.918,3.374,477.100,1602.099,1500.000,4750.000,1125.000,2.005,1.683
337425.507,4264065.918,5.820,522.910,1772.905,4625.000,3375.000,1250.000,3.409,1.707
335925.507,4261690.918,5.820,477.030,1727.031,3125.000,1000.000,1250.000,3.409,1.707
336925.507,4264690.918,5.820,477.030,1727.029,4125.000,4000.000,1250.000,3.409,1.707
335425.507,4265440.918,5.639,523.050,1648.049,2625.000,4750.000,1125.000,3.351,1.683
337300.507,4263690.918,5.820,523.060,1773.056,4500.000,3000.000,1250.000,3.409,1.707
334925.507,4263815.918,4.223,523.140,1648.136,2125.000,3125.000,1125.000,2.509,1.683
335175.507,4264940.918,4.548,523.140,1648.142,2375.000,4250.000,1125.000,2.702,1.683
336300.507,4263190.918,5.820,476.780,1726.782,3500.000,2500.000,1250.000,3.409,1.707
333425.507,4263940.918,3.425,476.780,1601.785,625.000,3250.000,1125.000,2.035,1.683
337550.507,4263440.918,5.820,523.260,1773.255,4750.000,2750.000,1250.000,3.409,1.707
337800.507,4264565.918,5.820,523.340,1773.343,5000.000,3875.000,1250.000,3.409,1.707
335550.507,4265690.918,5.820,523.360,1648.355,2750.000,5000.000,1125.000,3.409,1.707
333300.507,4263315.918,3.354,476.620,1601.617,500.000,2625.000,1125.000,1.993,1.683
336175.507,4262690.918,5.820,476.510,1726.506,3375.000,2000.000,1250.000,3.409,1.707
336800.507,4262065.918,5.820,523.570,1773.574,4000.000,1375.000,1250.000,3.409,1.707
334550.507,4262940.918,3.496,523.690,1648.691,1750.000,2250.000,1125.000,2.077,1.683
333925.507,4261190.918,3.950,523.690,1648.691,1125.000,500.000,1125.000,2.347,1.683
333425.507,4263565.918,3.417,476.260,1601.264,625.000,2875.000,1125.000,2.030,1.683
336425.507,4263815.918,5.820,476.200,1726.201,3625.000,3125.000,1250.000,3.409,1.707
334300.507,4262190.918,5.330,523.830,1648.832,1500.000,1500.000,1125.000,3.167,1.683
332800.507,4261940.918,3.299,476.160,1601.161,0.000,1250.000,1125.000,1.960,1.683
336675.507,4264440.918,5.820,476.150,1726.150,3875.000,3750.000,1250.000,3.409,1.707
334800.507,4263940.918,3.870,523.900,1648.902,2000.000,3250.000,1125.000,2.299,1.683
336550.507,4263690.918,5.820,476.090,1726.093,3750.000,3000.000,1250.000,3.409,1.707
333800.507,4264315.918,3.449,476.050,1601.045,1000.000,3625.000,1125.000,2.049,1.683
335175.507,4263440.918,4.264,524.000,1648.998,2375.000,2750.000,1125.000,2.534,1.683
334175.507,4261940.918,5.974,524.040,1649.042,1375.000,1250.000,1125.000,3.410,1.752
336175.507,4262815.918,5.820,475.890,1725.892,3375.000,2125.000,1250.000,3.409,1.707
336925.507,4264940.918,5.820,475.890,1725.885,4125.000,4250.000,1250.000,3.409,1.707
333175.507,4262815.918,3.366,475.850,1600.850,375.000,2125.000,1125.000,2.000,1.683
332925.507,4262190.918,3.302,475.780,1600.781,125.000,1500.000,1125.000,1.962,1.683
336050.507,4262190.918,5.820,475.760,1725.763,3250.000,1500.000,1250.000,3.409,1.707
334175.507,4265190.918,3.389,475.760,1600.757,1375.000,4500.000,1125.000,2.014,1.683
335425.507,4265315.918,5.639,524.260,1649.256,2625.000,4625.000,1125.000,3.351,1.683
335050.507,4264565.918,4.807,524.270,1649.273,2250.000,3875.000,1125.000,2.856,1.683
333050.507,4262440.918,3.322,475.720,1600.720,250.000,1750.000,1125.000,1.974,1.683
333425.507,4263690.918,3.387,475.660,1600.658,625.000,3000.000,1125.000,2.012,1.683
334675.507,4263565.918,3.560,524.430,1649.433,1875.000,2875.000,1125.000,2.115,1.683
336925.507,4262440.918,5.820,524.480,1774.484,4125.000,1750.000,1250.000,3.409,1.707
334050.507,4260940.918,3.417,524.510,1649.511,1250.000,250.000,1125.000,2.030,1.683
334425.507,4262565.918,4.013,524.540,1649.540,1625.000,1875.000,1125.000,2.384,1.683
333175.507,4262940.918,3.376,475.440,1600.438,375.000,2250.000,1125.000,2.006,1.683
334050.507,4261440.918,5.249,524.650,1649.653,1250.000,750.000,1125.000,3.119,1.683
333675.507,4264315.918,3.429,475.340,1600.338,875.000,3625.000,1125.000,2.037,1.683
335300.507,4265065.918,5.093,524.680,1649.679,2500.000,4375.000,1125.000,3.026,1.683
337800.507,4264315.918,5.820,524.680,1774.684,5000.000,3625.000,1250.000,3.409,1.707
333925.507,4264815.918,3.406,475.320,1600.319,1125.000,4125.000,1125.000,2.024,1.683
334300.507,4265565.918,3.374,475.300,1600.296,1500.000,4875.000,1125.000,2.005,1.683
337050.507,4262815.918,5.820,524.700,1774.700,4250.000,2125.000,1250.000,3.409,1.707
333425.507,4263815.918,3.401,475.240,1600.237,625.000,3125.000,1125.000,2.021,1.683
337300.507,4263815.918,5.820,524.770,1774.774,4500.000,3125.000,1250.000,3.409,1.707
337675.507,4263315.918,5.820,524.870,1774.869,4875.000,2625.000,1250.000,3.409,1.707
333425.507,4264190.918,3.528,475.120,1600.124,625.000,3500.000,1125.000,2.096,1.683
333800.507,4264565.918,3.468,475.090,1600.088,1000.000,3875.000,1125.000,2.061,1.683
333800.507,4260815.918,3.368,524.940,1649.938,1000.000,125.000,1125.000,2.001,1.683
334925.507,4264190.918,4.605,525.030,1650.028,2125.000,3500.000,1125.000,2.736,1.683
335175.507,4264815.918,4.739,525.060,1650.056,2375.000,4125.000,1125.000,2.816,1.683
335925.507,4261815.918,5.820,474.930,1724.928,3125.000,1125.000,1250.000,3.409,1.707
333550.507,4264315.918,3.478,474.930,1599.926,750.000,3625.000,1125.000,2.067,1.683
333300.507,4263440.918,3.345,474.910,1599.912,500.000,2750.000,1125.000,1.988,1.683
336800.507,4264690.918,5.820,474.860,1724.860,4000.000,4000.000,1250.000,3.409,1.707
337300.507,4265690.918,5.820,474.770,1724.772,4500.000,5000.000,1250.000,3.409,1.707
337425.507,4263940.918,5.820,525.240,1775.240,4625.000,3250.000,1250.000,3.409,1.707
335675.507,4260690.918,5.820,474.730,1724.727,2875.000,0.000,1250.000,3.409,1.707
337050.507,4263315.918,5.820,474.730,1724.733,4250.000,2625.000,1250.000,3.409,1.707
334175.507,4261815.918,5.887,525.310,1650.314,1375.000,1125.000,1125.000,3.411,1.726
333550.507,4264440.918,3.481,474.600,1599.600,750.000,3750.000,1125.000,2.068,1.683
334175.507,4261690.918,5.813,525.420,1650.423,1375.000,1000.000,1125.000,3.409,1.705
334050.507,4265065.918,3.405,474.580,1599.583,1250.000,4375.000,1125.000,2.023,1.683
336050.507,4262315.918,5.820,474.580,1724.581,3250.000,1625.000,1250.000,3.409,1.707
335050.507,4264440.918,5.028,525.470,1650.473,2250.000,3750.000,1125.000,2.988,1.683
335800.507,4261440.918,5.820,474.510,1724.507,3000.000,750.000,1250.000,3.409,1.707
334675.507,4263315.918,3.405,525.530,1650.528,1875.000,2625.000,1125.000,2.023,1.683
334300.507,4265690.918,3.374,474.410,1599.409,1500.000,5000.000,1125.000,2.005,1.683
334675.507,4263190.918,3.375,525.590,1650.586,1875.000,2500.000,1125.000,2.005,1.683
334050.507,4261190.918,4.336,525.610,1650.613,1250.000,500.000,1125.000,2.576,1.683
333925.507,4261065.918,3.397,525.690,1650.687,1125.000,375.000,1125.000,2.018,1.683
334050.507,4261315.918,4.886,525.730,1650.728,1250.000,625.000,1125.000,2.903,1.683
337175.507,4263065.918,5.820,525.730,1775.731,4375.000,2375.000,1250.000,3.409,1.707
336800.507,4261940.918,5.820,525.750,1775.750,4000.000,1250.000,1250.000,3.409,1.707
335550.507,4265565.918,5.820,525.750,1650.746,2750.000,4875.000,1125.000,3.409,1.707
333800.507,4264440.918,3.462,474.220,1599.218,1000.000,3750.000,1125.000,2.057,1.683
332800.507,4262065.918,3.299,474.170,1599.171,0.000,1375.000,1125.000,1.960,1.683
333300.507,4264065.918,3.438,474.120,1599.124,500.000,3375.000,1125.000,2.043,1.683
337050.507,4265190.918,5.820,474.110,1724.113,4250.000,4500.000,1250.000,3.409,1.707
336925.507,4262315.918,5.820,525.910,1775.912,4125.000,1625.000,1250.000,3.409,1.707
333050.507,4262565.918,3.338,474.090,1599.087,250.000,1875.000,1125.000,1.983,1.683
334550.507,4262815.918,3.536,525.950,1650.954,1750.000,2125.000,1125.000,2.101,1.683
335425.507,4265190.918,5.639,526.040,1651.041,2625.000,4500.000,1125.000,3.351,1.683
336550.507,4264315.918,5.820,473.930,1723.928,3750.000,3625.000,1250.000,3.409,1.707
332925.507,4262315.918,3.310,473.810,1598.809,125.000,1625.000,1125.000,1.967,1.683
337800.507,4263065.918,5.820,526.280,1776.283,5000.000,2375.000,1250.000,3.409,1.707
334425.507,4262440.918,4.546,526.300,1651.298,1625.000,1750.000,1125.000,2.701,1.683
336425.507,4264065.918,5.820,473.700,1723.696,3625.000,3375.000,1250.000,3.409,1.707
337550.507,4263065.918,5.820,526.350,1776.355,4750.000,2375.000,1250.000,3.409,1.707
337800.507,4264440.918,5.820,526.360,1776.356,5000.000,3750.000,1250.000,3.409,1.707
336800.507,4261065.918,5.820,526.400,1776.404,4000.000,375.000,1250.000,3.409,1.707
336800.507,4261815.918,5.820,526.520,1776.520,4000.000,1125.000,1250.000,3.409,1.707
337175.507,4265440.918,5.820,473.420,1723.417,4375.000,4750.000,1250.000,3.409,1.707
334925.507,4264065.918,4.559,526.600,1651.597,2125.000,3375.000,1125.000,2.709,1.683
336800.507,4261690.918,5.820,526.630,1776.625,4000.000,1000.000,1250.000,3.409,1.707
335800.507,4261690.918,5.820,473.340,1723.344,3000.000,1000.000,1250.000,3.409,1.707
332925.507,4262440.918,3.322,473.340,1598.344,125.000,1750.000,1125.000,1.974,1.683
334175.507,4261565.918,5.798,526.680,1651.678,1375.000,875.000,1125.000,3.445,1.683
334425.507,4262315.918,5.114,526.750,1651.749,1625.000,1625.000,1125.000,3.039,1.683
335925.507,4261940.918,5.820,473.230,1723.225,3125.000,1250.000,1250.000,3.409,1.707
337050.507,4262690.918,5.820,526.780,1776.776,4250.000,2000.000,1250.000,3.409,1.707
334675.507,4263440.918,3.491,526.830,1651.826,1875.000,2750.000,1125.000,2.074,1.683
336050.507,4262440.918,5.820,473.090,1723.090,3250.000,1750.000,1250.000,3.409,1.707
333175.507,4263065.918,3.376,473.090,1598.086,375.000,2375.000,1125.000,2.006,1.683
335675.507,4261065.918,5.820,473.070,1723.073,2875.000,375.000,1250.000,3.409,1.707
334175.507,4265315.918,3.389,473.060,1598.061,1375.000,4625.000,1125.000,2.014,1.683
333425.507,4264315.918,3.530,473.050,1598.046,625.000,3625.000,1125.000,2.097,1.683
334675.507,4263065.918,3.414,526.960,1651.957,1875.000,2375.000,1125.000,2.029,1.683
337550.507,4264065.918,5.820,527.030,1777.032,4750.000,3375.000,1250.000,3.409,1.707
334300.507,4262065.918,5.985,527.080,1652.080,1500.000,1375.000,1125.000,3.410,1.755
333050.507,4262690.918,3.353,472.910,1597.913,250.000,2000.000,1125.000,1.992,1.683
333925.507,4264940.918,3.415,472.900,1597.905,1125.000,4250.000,1125.000,2.029,1.683
333300.507,4263940.918,3.399,472.900,1597.897,500.000,3250.000,1125.000,2.020,1.683
335800.507,4261565.918,5.820,472.880,1722.885,3000.000,875.000,1250.000,3.409,1.707
336800.507,4261315.918,5.820,527.120,1777.118,4000.000,625.000,1250.000,3.409,1.707
336675.507,4264565.918,5.820,472.820,1722.823,3875.000,3875.000,1250.000,3.409,1.707
335050.507,4264315.918,5.406,527.270,1652.268,2250.000,3625.000,1125.000,3.212,1.683
336800.507,4260940.918,5.820,527.290,1777.285,4000.000,250.000,1250.000,3.409,1.707
333050.507,4262815.918,3.366,472.700,1597.705,250.000,2125.000,1125.000,2.000,1.683
335675.507,4260815.918,5.820,472.690,1722.690,2875.000,125.000,1250.000,3.409,1.707
336800.507,4260815.918,5.820,527.340,1777.335,4000.000,125.000,1250.000,3.409,1.707
337675.507,4264190.918,5.820,527.360,1777.363,4875.000,3500.000,1250.000,3.409,1.707
333800.507,4260690.918,3.364,527.390,1652.386,1000.000,0.000,1125.000,1.999,1.683
333175.507,4263315.918,3.355,472.600,1597.599,375.000,2625.000,1125.000,1.993,1.683
333175.507,4263190.918,3.367,472.520,1597.521,375.000,2500.000,1125.000,2.001,1.683
335675.507,4260940.918,5.820,472.470,1722.465,2875.000,250.000,1250.000,3.409,1.707
335550.507,4265440.918,5.820,527.540,1652.544,2750.000,4750.000,1125.000,3.409,1.707
333300.507,4264190.918,3.495,472.440,1597.437,500.000,3500.000,1125.000,2.077,1.683
335175.507,4264690.918,5.101,527.620,1652.615,2375.000,4000.000,1125.000,3.031,1.683
333300.507,4263565.918,3.360,472.350,1597.349,500.000,2875.000,1125.000,1.996,1.683
337550.507,4263565.918,5.820,527.670,1777.667,4750.000,2875.000,1250.000,3.409,1.707
336175.507,4262940.918,5.820,472.270,1722.269,3375.000,2250.000,1250.000,3.409,1.707
336800.507,4261565.918,5.820,527.750,1777.753,4000.000,875.000,1250.000,3.409,1.707
336050.507,4262565.918,5.820,472.250,1722.248,3250.000,1875.000,1250.000,3.409,1.707
334175.507,4265440.918,3.389,472.250,1597.250,1375.000,4750.000,1125.000,2.014,1.683
336800.507,4261440.918,5.820,527.750,1777.750,4000.000,750.000,1250.000,3.409,1.707
336175.507,4263065.918,5.820,472.180,1722.184,3375.000,2375.000,1250.000,3.409,1.707
334550.507,4262690.918,4.122,527.850,1652.846,1750.000,2000.000,1125.000,2.449,1.683
333800.507,4264690.918,3.374,472.110,1597.109,1000.000,4000.000,1125.000,2.005,1.683
335675.507,4261315.918,5.820,472.080,1722.083,2875.000,625.000,1250.000,3.409,1.707
334925.507,4263940.918,4.541,528.020,1653.022,2125.000,3250.000,1125.000,2.698,1.683
335300.507,4264940.918,5.282,528.040,1653.036,2500.000,4250.000,1125.000,3.138,1.683
333300.507,4263690.918,3.373,471.750,1596.751,500.000,3000.000,1125.000,2.004,1.683
336425.507,4264190.918,5.820,471.650,1721.648,3625.000,3500.000,1250.000,3.409,1.707
335675.507,4261190.918,5.820,471.560,1721.556,2875.000,500.000,1250.000,3.409,1.707
334300.507,4261940.918,5.981,528.470,1653.473,1500.000,1250.000,1125.000,3.410,1.754
332800.507,4262190.918,3.302,471.530,1596.531,0.000,1500.000,1125.000,1.962,1.683
334675.507,4262940.918,3.499,528.510,1653.511,1875.000,2250.000,1125.000,2.079,1.683
333300.507,4263815.918,3.379,471.480,1596.476,500.000,3125.000,1125.000,2.008,1.683
334050.507,4265190.918,3.405,471.460,1596.462,1250.000,4500.000,1125.000,2.023,1.683
337050.507,4262565.918,5.820,528.600,1778.601,4250.000,1875.000,1250.000,3.409,1.707
336800.507,4261190.918,5.820,528.640,1778.644,4000.000,500.000,1250.000,3.409,1.707
333675.507,4264440.918,3.462,471.350,1596.353,875.000,3750.000,1125.000,2.057,1.683
335300.507,4263440.918,4.580,528.650,1653.646,2500.000,2750.000,1125.000,2.721,1.683
333800.507,4264815.918,3.371,471.200,1596.196,1000.000,4125.000,1125.000,2.003,1.683
336800.507,4264815.918,5.820,471.190,1721.187,4000.000,4125.000,1250.000,3.409,1.707
335925.507,4262065.918,5.820,471.180,1721.183,3125.000,1375.000,1250.000,3.409,1.707
336925.507,4265065.918,5.820,471.150,1721.150,4125.000,4375.000,1250.000,3.409,1.707
337050.507,4265315.918,5.820,471.140,1721.143,4250.000,4625.000,1250.000,3.409,1.707
337175.507,4262940.918,5.820,528.900,1778.904,4375.000,2250.000,1250.000,3.409,1.707
337175.507,4265565.918,5.820,470.980,1720.980,4375.000,4875.000,1250.000,3.409,1.707
336925.507,4262190.918,5.820,529.060,1779.057,4125.000,1500.000,1250.000,3.409,1.707
333175.507,4263440.918,3.347,470.930,1595.928,375.000,2750.000,1125.000,1.989,1.683
335550.507,4265315.918,5.820,529.110,1654.110,2750.000,4625.000,1125.000,3.409,1.707
333050.507,4262940.918,3.372,470.880,1595.885,250.000,2250.000,1125.000,2.004,1.683
336925.507,4260815.918,5.820,529.150,1779.145,4125.000,125.000,1250.000,3.409,1.707
335675.507,4265690.918,5.820,529.190,1654.194,2875.000,5000.000,1125.000,3.409,1.707
334175.507,4261440.918,5.806,529.210,1654.207,1375.000,750.000,1125.000,3.409,1.703
333175.507,4264065.918,3.418,470.780,1595.781,375.000,3375.000,1125.000,2.031,1.683
333300.507,4264315.918,3.522,470.770,1595.775,500.000,3625.000,1125.000,2.093,1.683
334425.507,4262190.918,5.753,529.250,1654.252,1625.000,1500.000,1125.000,3.418,1.683
333925.507,4260815.918,3.389,529.300,1654.302,1125.000,125.000,1125.000,2.014,1.683
336175.507,4263190.918,5.820,470.670,1720.667,3375.000,2500.000,1250.000,3.409,1.707
334175.507,4265565.918,3.389,470.650,1595.654,1375.000,4875.000,1125.000,2.014,1.683
334175.507,4260815.918,3.432,529.490,1654.491,1375.000,125.000,1125.000,2.039,1.683
333425.507,4264440.918,3.491,470.480,1595.481,625.000,3750.000,1125.000,2.074,1.683
335425.507,4265065.918,5.639,529.560,1654.563,2625.000,4375.000,1125.000,3.351,1.683
332925.507,4262565.918,3.338,470.410,1595.410,125.000,1875.000,1125.000,1.983,1.683
332800.507,4262440.918,3.322,470.410,1595.411,0.000,1750.000,1125.000,1.974,1.683
334050.507,4261065.918,3.787,529.590,1654.587,1250.000,375.000,1125.000,2.250,1.683
336550.507,4264440.918,5.820,470.360,1720.355,3750.000,3750.000,1250.000,3.409,1.707
333925.507,4265065.918,3.424,470.340,1595.344,1125.000,4375.000,1125.000,2.034,1.683
336050.507,4262690.918,5.820,470.270,1720.268,3250.000,2000.000,1250.000,3.409,1.707
336800.507,4264940.918,5.820,470.240,1720.238,4000.000,4250.000,1250.000,3.409,1.707
336300.507,4263815.918,5.820,470.200,1720.195,3500.000,3125.000,1250.000,3.409,1.707
334550.507,4262565.918,4.405,529.810,1654.807,1750.000,1875.000,1125.000,2.617,1.683
336675.507,4263565.918,5.820,470.160,1720.165,3875.000,2875.000,1250.000,3.409,1.707
334175.507,4261315.918,5.262,529.850,1654.850,1375.000,625.000,1125.000,3.127,1.683
337425.507,4263815.918,5.820,529.930,1779.926,4625.000,3125.000,1250.000,3.409,1.707
337050.507,4260690.918,5.820,529.950,1779.952,4250.000,0.000,1250.000,3.409,1.707
335675.507,4261440.918,5.820,470.040,1720.043,2875.000,750.000,1250.000,3.409,1.707
332800.507,4262315.918,3.309,470.030,1595.032,0.000,1625.000,1125.000,1.966,1.683
336675.507,4264690.918,5.820,470.020,1720.017,3875.000,4000.000,1250.000,3.409,1.707
335800.507,4261815.918,5.820,469.930,1719.927,3000.000,1125.000,1250.000,3.409,1.707
334800.507,4263440.918,3.519,530.110,1655.114,2000.000,2750.000,1125.000,2.091,1.683
335050.507,4264190.918,5.581,530.120,1655.118,2250.000,3500.000,1125.000,3.316,1.683
333175.507,4263940.918,3.387,469.870,1594.872,375.000,3250.000,1125.000,2.012,1.683
336300.507,4263940.918,5.820,469.810,1719.806,3500.000,3250.000,1250.000,3.409,1.707
334050.507,4260815.918,3.411,530.230,1655.233,1250.000,125.000,1125.000,2.027,1.683
334675.507,4262815.918,4.119,530.260,1655.261,1875.000,2125.000,1125.000,2.447,1.683
337050.507,4265440.918,5.820,469.660,1719.658,4250.000,4750.000,1250.000,3.409,1.707
335050.507,4263690.918,4.374,530.340,1655.344,2250.000,3000.000,1125.000,2.599,1.683
335925.507,4262190.918,5.820,469.630,1719.628,3125.000,1500.000,1250.000,3.409,1.707
335300.507,4264815.918,5.466,530.420,1655.423,2500.000,4125.000,1125.000,3.248,1.683
334175.507,4265690.918,3.389,469.560,1594.556,1375.000,5000.000,1125.000,2.014,1.683
333175.507,4264190.918,3.451,469.540,1594.541,375.000,3500.000,1125.000,2.051,1.683
335175.507,4263565.918,4.416,530.530,1655.530,2375.000,2875.000,1125.000,2.624,1.683
336925.507,4265190.918,5.820,469.440,1719.440,4125.000,4500.000,1250.000,3.409,1.707
332925.507,4262690.918,3.354,469.430,1594.434,125.000,2000.000,1125.000,1.993,1.683
333425.507,4264565.918,3.452,469.430,1594.429,625.000,3875.000,1125.000,2.051,1.683
334800.507,4263315.918,3.413,530.570,1655.570,2000.000,2625.000,1125.000,2.028,1.683
334800.507,4263190.918,3.379,530.650,1655.652,2000.000,2500.000,1125.000,2.008,1.683
334175.507,4261190.918,4.718,530.680,1655.684,1375.000,500.000,1125.000,2.803,1.683
335175.507,4264565.918,5.438,530.800,1655.803,2375.000,3875.000,1125.000,3.231,1.683
337800.507,4262940.918,5.820,530.820,1780.821,5000.000,2250.000,1250.000,3.409,1.707
335675.507,4265565.918,5.820,530.840,1655.839,2875.000,4875.000,1125.000,3.409,1.707
335550.507,4260690.918,5.820,469.140,1719.138,2750.000,0.000,1250.000,3.409,1.707
336925.507,4263440.918,5.820,469.130,1719.129,4125.000,2750.000,1250.000,3.409,1.707
333050.507,4263065.918,3.372,469.120,1594.123,250.000,2375.000,1125.000,2.004,1.683
334550.507,4262315.918,5.500,530.910,1655.910,1750.000,1625.000,1125.000,3.268,1.683
336425.507,4264315.918,5.820,469.060,1719.062,3625.000,3625.000,1250.000,3.409,1.707
333925.507,4260690.918,3.385,530.940,1655.939,1125.000,0.000,1125.000,2.011,1.683
334550.507,4262440.918,4.902,530.990,1655.994,1750.000,1750.000,1125.000,2.913,1.683
333675.507,4264565.918,3.453,469.010,1594.014,875.000,3875.000,1125.000,2.052,1.683
334050.507,4265315.918,3.405,468.990,1593.989,1250.000,4625.000,1125.000,2.023,1.683
335175.507,4264440.918,5.567,531.030,1656.029,2375.000,3750.000,1125.000,3.308,1.683
336050.507,4262815.918,5.820,468.900,1718.899,3250.000,2125.000,1250.000,3.409,1.707
333800.507,4264940.918,3.411,468.890,1593.888,1000.000,4250.000,1125.000,2.027,1.683
333175.507,4263565.918,3.345,468.840,1593.845,375.000,2875.000,1125.000,1.988,1.683
336300.507,4264065.918,5.820,468.790,1718.794,3500.000,3375.000,1250.000,3.409,1.707
333050.507,4263190.918,3.366,468.770,1593.770,250.000,2500.000,1125.000,2.000,1.683
337675.507,4264065.918,5.820,531.350,1781.346,4875.000,3375.000,1250.000,3.409,1.707
334800.507,4263065.918,3.428,531.480,1656.478,2000.000,2375.000,1125.000,2.037,1.683
334300.507,4261815.918,5.891,531.530,1656.527,1500.000,1125.000,1125.000,3.411,1.727
335675.507,4261565.918,5.820,468.470,1718.467,2875.000,875.000,1250.000,3.409,1.707
337175.507,4265690.918,5.820,468.440,1718.442,4375.000,5000.000,1250.000,3.409,1.707
337425.507,4260690.918,5.820,531.570,1781.573,4625.000,0.000,1250.000,3.409,1.707
336925.507,4262065.918,5.820,531.640,1781.643,4125.000,1375.000,1250.000,3.409,1.707
334300.507,4261565.918,5.800,531.680,1656.678,1500.000,875.000,1125.000,3.410,1.701
333050.507,4263315.918,3.358,468.290,1593.288,250.000,2625.000,1125.000,1.995,1.683
333175.507,4264315.918,3.467,468.290,1593.291,375.000,3625.000,1125.000,2.060,1.683
337800.507,4264190.918,5.820,531.760,1781.764,5000.000,3500.000,1250.000,3.409,1.707
335050.507,4264065.918,5.520,531.870,1656.873,2250.000,3375.000,1125.000,3.280,1.683
332925.507,4262940.918,3.372,468.100,1593.096,125.000,2250.000,1125.000,2.004,1.683
332925.507,4262815.918,3.366,468.080,1593.079,125.000,2125.000,1125.000,2.000,1.683
334300.507,4261690.918,5.817,531.930,1656.934,1500.000,1000.000,1125.000,3.410,1.706
333300.507,4264440.918,3.489,468.060,1593.059,500.000,3750.000,1125.000,2.073,1.683
336925.507,4263315.918,5.820,468.030,1718.028,4125.000,2625.000,1250.000,3.409,1.707
337550.507,4263940.918,5.820,532.010,1782.010,4750.000,3250.000,1250.000,3.409,1.707
337050.507,4262440.918,5.820,532.020,1782.016,4250.000,1750.000,1250.000,3.409,1.707
333925.507,4265190.918,3.424,467.860,1592.863,1125.000,4500.000,1125.000,2.034,1.683
335925.507,4262315.918,5.820,467.840,1717.839,3125.000,1625.000,1250.000,3.409,1.707
335550.507,4265190.918,5.820,532.170,1657.172,2750.000,4500.000,1125.000,3.409,1.707
337175.507,4262815.918,5.820,532.220,1782.225,4375.000,2125.000,1250.000,3.409,1.707
333550.507,4264565.918,3.451,467.750,1592.754,750.000,3875.000,1125.000,2.051,1.683
334425.507,4262065.918,5.968,532.280,1657.281,1625.000,1375.000,1125.000,3.410,1.750
334675.507,4262690.918,4.401,532.290,1657.288,1875.000,2000.000,1125.000,2.615,1.683
334175.507,4261065.918,4.169,532.390,1657.386,1375.000,375.000,1125.000,2.477,1.683
334050.507,4265440.918,3.405,467.570,1592.570,1250.000,4750.000,1125.000,2.023,1.683
337050.507,4265565.918,5.820,467.430,1717.434,4250.000,4875.000,1250.000,3.409,1.707
332800.507,4262565.918,3.338,467.290,1592.289,0.000,1875.000,1125.000,1.983,1.683
335550.507,4261065.918,5.820,467.270,1717.271,2750.000,375.000,1250.000,3.409,1.707
335800.507,4261940.918,5.820,467.240,1717.243,3000.000,1250.000,1250.000,3.409,1.707
333675.507,4264690.918,3.168,467.220,1592.225,875.000,4000.000,1125.000,1.882,1.683
336925.507,4260940.918,5.820,532.850,1782.846,4125.000,250.000,1250.000,3.409,1.707
333425.507,4264690.918,3.425,467.120,1592.122,625.000,4000.000,1125.000,2.035,1.683
337050.507,4262315.918,5.820,532.920,1782.915,4250.000,1625.000,1250.000,3.409,1.707
333175.507,4263690.918,3.355,467.050,1592.052,375.000,3000.000,1125.000,1.993,1.683
336800.507,4265065.918,5.820,467.030,1717.030,4000.000,4375.000,1250.000,3.409,1.707
336925.507,4261065.918,5.820,532.980,1782.979,4125.000,375.000,1250.000,3.409,1.707
335550.507,4260940.918,5.820,466.990,1716.991,2750.000,250.000,1250.000,3.409,1.707
336550.507,4264565.918,5.820,466.900,1716.895,3750.000,3875.000,1250.000,3.409,1.707
335175.507,4264315.918,5.641,533.130,1658.134,2375.000,3625.000,1125.000,3.352,1.683
335550.507,4260815.918,5.820,466.850,1716.846,2750.000,125.000,1250.000,3.409,1.707
333300.507,4264565.918,3.462,466.830,1591.832,500.000,3875.000,1125.000,2.057,1.683
336925.507,4261940.918,5.820,533.180,1783.176,4125.000,1250.000,1250.000,3.409,1.707
333050.507,4264065.918,3.398,466.820,1591.816,250.000,3375.000,1125.000,2.019,1.683
336675.507,4263315.918,5.820,466.790,1716.791,3875.000,2625.000,1250.000,3.409,1.707
334300.507,4261440.918,5.807,533.220,1658.217,1500.000,750.000,1125.000,3.410,1.703
335675.507,4265440.918,5.820,533.250,1658.252,2875.000,4750.000,1125.000,3.409,1.707
333050.507,4263440.918,3.351,466.650,1591.650,250.000,2750.000,1125.000,1.991,1.683
334425.507,4261940.918,5.916,533.360,1658.360,1625.000,1250.000,1125.000,3.410,1.735
335425.507,4263440.918,5.275,533.420,1658.420,2625.000,2750.000,1125.000,3.134,1.683
335550.507,4261315.918,5.820,466.550,1716.554,2750.000,625.000,1250.000,3.409,1.707
336550.507,4263565.918,5.820,466.510,1716.514,3750.000,2875.000,1250.000,3.409,1.707
335425.507,4264940.918,5.643,533.670,1658.665,2625.000,4250.000,1125.000,3.353,1.683
337425.507,4263690.918,5.820,533.670,1783.667,4625.000,3000.000,1250.000,3.409,1.707
333175.507,4263815.918,3.366,466.320,1591.316,375.000,3125.000,1125.000,2.000,1.683
335925.507,4262440.918,5.820,466.290,1716.291,3125.000,1750.000,1250.000,3.409,1.707
334550.507,4262190.918,5.963,533.710,1658.712,1750.000,1500.000,1125.000,3.409,1.749
334800.507,4262940.918,3.877,533.740,1658.745,2000.000,2250.000,1125.000,2.304,1.683
335300.507,4264690.918,5.623,533.750,1658.749,2500.000,4000.000,1125.000,3.341,1.683
337175.507,4262690.918,5.820,533.770,1783.766,4375.000,2000.000,1250.000,3.409,1.707
335050.507,4263940.918,5.036,533.780,1658.785,2250.000,3250.000,1125.000,2.992,1.683
332925.507,4263065.918,3.372,466.200,1591.203,125.000,2375.000,1125.000,2.004,1.683
332800.507,4262690.918,3.354,466.200,1591.200,0.000,2000.000,1125.000,1.993,1.683
336925.507,4261190.918,5.820,533.960,1783.964,4125.000,500.000,1250.000,3.409,1.707
335550.507,4261190.918,5.820,465.990,1715.987,2750.000,500.000,1250.000,3.409,1.707
332925.507,4263190.918,3.366,465.970,1590.968,125.000,2500.000,1125.000,2.000,1.683
333050.507,4264190.918,3.421,465.860,1590.856,250.000,3500.000,1125.000,2.033,1.683
333050.507,4264315.918,3.439,465.820,1590.822,250.000,3625.000,1125.000,2.043,1.683
333800.507,4265065.918,3.446,465.800,1590.796,1000.000,4375.000,1125.000,2.048,1.683
335800.507,4265690.918,5.820,534.280,1659.284,3000.000,5000.000,1125.000,3.409,1.707
336050.507,4262940.918,5.820,465.690,1715.695,3250.000,2250.000,1250.000,3.409,1.707
334050.507,4265565.918,3.405,465.660,1590.661,1250.000,4875.000,1125.000,2.023,1.683
335550.507,4265065.918,5.820,534.340,1659.345,2750.000,4375.000,1125.000,3.409,1.707
336300.507,4264190.918,5.820,465.640,1715.637,3500.000,3500.000,1250.000,3.409,1.707
334175.507,4260690.918,3.428,534.430,1659.433,1375.000,0.000,1125.000,2.037,1.683
335675.507,4261690.918,5.820,465.540,1715.540,2875.000,1000.000,1250.000,3.409,1.707
333675.507,4264815.918,3.280,465.450,1590.455,875.000,4125.000,1125.000,1.949,1.683
336425.507,4263690.918,5.820,465.430,1715.430,3625.000,3000.000,1250.000,3.409,1.707
336925.507,4261815.918,5.820,534.570,1784.573,4125.000,1125.000,1250.000,3.409,1.707
336925.507,4261315.918,5.820,534.600,1784.599,4125.000,625.000,1250.000,3.409,1.707
333050.507,4263940.918,3.377,465.360,1590.358,250.000,3250.000,1125.000,2.007,1.683
334675.507,4262565.918,4.826,534.650,1659.649,1875.000,1875.000,1125.000,2.867,1.683
333550.507,4264690.918,3.325,465.310,1590.315,750.000,4000.000,1125.000,1.976,1.683
336050.507,4263065.918,5.820,465.300,1715.298,3250.000,2375.000,1250.000,3.409,1.707
335925.507,4262565.918,5.820,465.270,1715.272,3125.000,1875.000,1250.000,3.409,1.707
334175.507,4260940.918,3.621,534.730,1659.729,1375.000,250.000,1125.000,2.152,1.683
333175.507,4264440.918,3.464,465.230,1590.230,375.000,3750.000,1125.000,2.058,1.683
337550.507,4263815.918,5.820,534.980,1784.977,4750.000,3125.000,1250.000,3.409,1.707
336925.507,4265315.918,5.820,464.960,1714.961,4125.000,4625.000,1250.000,3.409,1.707
333925.507,4265315.918,3.424,464.930,1589.933,1125.000,4625.000,1125.000,2.034,1.683
336925.507,4261690.918,5.820,535.080,1785.076,4125.000,1000.000,1250.000,3.409,1.707
336425.507,4264440.918,5.820,464.900,1714.902,3625.000,3750.000,1250.000,3.409,1.707
335675.507,4265315.918,5.820,535.130,1660.129,2875.000,4625.000,1125.000,3.409,1.707
337300.507,4263065.918,5.820,535.170,1785.171,4500.000,2375.000,1250.000,3.409,1.707
334800.507,4262815.918,4.347,535.170,1660.170,2000.000,2125.000,1125.000,2.583,1.683
334300.507,4261315.918,5.636,535.220,1660.218,1500.000,625.000,1125.000,3.349,1.683
335175.507,4264190.918,5.853,535.250,1660.251,2375.000,3500.000,1125.000,3.411,1.716
334050.507,4260690.918,3.406,535.250,1660.253,1250.000,0.000,1125.000,2.024,1.683
332925.507,4263315.918,3.359,464.650,1589.653,125.000,2625.000,1125.000,1.996,1.683
337300.507,4262940.918,5.820,535.390,1785.394,4500.000,2250.000,1250.000,3.409,1.707
334925.507,4263190.918,3.410,535.390,1660.387,2125.000,2500.000,1125.000,2.026,1.683
337175.507,4262565.918,5.820,535.400,1785.396,4375.000,1875.000,1250.000,3.409,1.707
336175.507,4263315.918,5.820,464.590,1714.590,3375.000,2625.000,1250.000,3.409,1.707
333050.507,4263565.918,3.348,464.580,1589.582,250.000,2875.000,1125.000,1.989,1.683
335800.507,4262065.918,5.820,464.570,1714.571,3000.000,1375.000,1250.000,3.409,1.707
334300.507,4260690.918,3.448,535.450,1660.447,1500.000,0.000,1125.000,2.049,1.683
336925.507,4261440.918,5.820,535.450,1785.448,4125.000,750.000,1250.000,3.409,1.707
336800.507,4265190.918,5.820,464.530,1714.535,4000.000,4500.000,1250.000,3.409,1.707
336925.507,4261565.918,5.820,535.480,1785.484,4125.000,875.000,1250.000,3.409,1.707
333425.507,4264815.918,3.431,464.510,1589.511,625.000,4125.000,1125.000,2.039,1.683
332800.507,4262940.918,3.372,464.490,1589.493,0.000,2250.000,1125.000,2.004,1.683
336675.507,4264940.918,5.820,464.480,1714.484,3875.000,4250.000,1250.000,3.409,1.707
334050.507,4265690.918,3.405,464.440,1589.438,1250.000,5000.000,1125.000,2.023,1.683
333300.507,4264690.918,3.451,464.310,1589.307,500.000,4000.000,1125.000,2.051,1.683
336800.507,4263315.918,5.820,464.310,1714.306,4000.000,2625.000,1250.000,3.409,1.707
334925.507,4263315.918,3.433,535.690,1660.690,2125.000,2625.000,1125.000,2.040,1.683
336425.507,4263565.918,5.820,464.200,1714.204,3625.000,2875.000,1250.000,3.409,1.707
336675.507,4264815.918,5.820,464.180,1714.185,3875.000,4125.000,1250.000,3.409,1.707
333050.507,4264440.918,3.451,464.060,1589.058,250.000,3750.000,1125.000,2.051,1.683
335675.507,4261815.918,5.820,463.980,1713.983,2875.000,1125.000,1250.000,3.409,1.707
337675.507,4263940.918,5.820,536.020,1786.022,4875.000,3250.000,1250.000,3.409,1.707
334425.507,4261815.918,5.859,536.050,1661.053,1625.000,1125.000,1125.000,3.410,1.718
337800.507,4264065.918,5.820,536.100,1786.100,5000.000,3375.000,1250.000,3.409,1.707
334550.507,4262065.918,5.945,536.160,1661.158,1750.000,1375.000,1125.000,3.411,1.743
334300.507,4261190.918,5.091,536.170,1661.172,1500.000,500.000,1125.000,3.025,1.683
333800.507,4265190.918,3.446,463.830,1588.826,1000.000,4500.000,1125.000,2.048,1.683
335050.507,4263815.918,4.563,536.190,1661.186,2250.000,3125.000,1125.000,2.711,1.683
333925.507,4265440.918,3.424,463.770,1588.767,1125.000,4750.000,1125.000,2.034,1.683
332800.507,4262815.918,3.366,463.750,1588.750,0.000,2125.000,1125.000,2.000,1.683
333175.507,4264565.918,3.459,463.710,1588.712,375.000,3875.000,1125.000,2.055,1.683
336300.507,4263690.918,5.820,463.660,1713.661,3500.000,3000.000,1250.000,3.409,1.707
336550.507,4264690.918,5.820,463.610,1713.606,3750.000,4000.000,1250.000,3.409,1.707
333050.507,4263815.918,3.361,463.560,1588.562,250.000,3125.000,1125.000,1.997,1.683
335300.507,4264565.918,5.730,536.440,1661.445,2500.000,3875.000,1125.000,3.405,1.683
335425.507,4264815.918,5.823,536.470,1661.474,2625.000,4125.000,1125.000,3.409,1.708
334675.507,4262440.918,5.159,536.470,1661.467,1875.000,1750.000,1125.000,3.065,1.683
334425.507,4261690.918,5.819,536.500,1661.496,1625.000,1000.000,1125.000,3.411,1.706
335425.507,4260690.918,5.820,463.450,1713.450,2625.000,0.000,1250.000,3.409,1.707
337050.507,4262190.918,5.820,536.570,1786.574,4250.000,1500.000,1250.000,3.409,1.707
335925.507,4262690.918,5.820,463.390,1713.392,3125.000,2000.000,1250.000,3.409,1.707
334300.507,4261065.918,4.545,536.700,1661.702,1500.000,375.000,1125.000,2.701,1.683
335300.507,4263315.918,4.274,536.740,1661.742,2500.000,2625.000,1125.000,2.540,1.683
335800.507,4265565.918,5.820,536.750,1661.752,3000.000,4875.000,1125.000,3.409,1.707
332925.507,4263440.918,3.353,463.180,1588.175,125.000,2750.000,1125.000,1.992,1.683
332925.507,4264190.918,3.414,463.170,1588.169,125.000,3500.000,1125.000,2.029,1.683
333675.507,4264940.918,3.402,463.160,1588.164,875.000,4250.000,1125.000,2.021,1.683
335800.507,4262190.918,5.820,463.010,1713.011,3000.000,1500.000,1250.000,3.409,1.707
332925.507,4264315.918,3.433,462.990,1587.990,125.000,3625.000,1125.000,2.040,1.683
336300.507,4264315.918,5.820,462.910,1712.912,3500.000,3625.000,1250.000,3.409,1.707
332800.507,4263065.918,3.371,462.890,1587.895,0.000,2375.000,1125.000,2.003,1.683
333675.507,4265065.918,3.469,462.890,1587.887,875.000,4375.000,1125.000,2.061,1.683
335550.507,4263440.918,5.622,537.160,1662.157,2750.000,2750.000,1125.000,3.340,1.683
335675.507,4265190.918,5.820,537.180,1662.180,2875.000,4500.000,1125.000,3.409,1.707
335300.507,4264440.918,5.643,537.190,1662.190,2500.000,3750.000,1125.000,3.353,1.683
334800.507,4262690.918,4.703,537.220,1662.215,2000.000,2000.000,1125.000,2.794,1.683
336175.507,4263815.918,5.820,462.780,1712.785,3375.000,3125.000,1250.000,3.409,1.707
333550.507,4264815.918,3.362,462.750,1587.753,750.000,4125.000,1125.000,1.998,1.683
335550.507,4261440.918,5.820,462.710,1712.713,2750.000,750.000,1250.000,3.409,1.707
334925.507,4263065.918,3.812,537.390,1662.385,2125.000,2375.000,1125.000,2.265,1.683
333175.507,4264690.918,3.460,462.560,1587.563,375.000,4000.000,1125.000,2.056,1.683
333300.507,4264815.918,3.454,462.470,1587.470,500.000,4125.000,1125.000,2.052,1.683
332800.507,4263190.918,3.366,462.460,1587.455,0.000,2500.000,1125.000,2.000,1.683
334675.507,4262315.918,5.848,537.620,1662.623,1875.000,1625.000,1125.000,3.410,1.715
335550.507,4261565.918,5.820,462.310,1712.314,2750.000,875.000,1250.000,3.409,1.707
336050.507,4263190.918,5.820,462.170,1712.170,3250.000,2500.000,1250.000,3.409,1.707
335175.507,4264065.918,5.829,537.850,1662.849,2375.000,3375.000,1125.000,3.411,1.709
333050.507,4263690.918,3.352,462.150,1587.155,250.000,3000.000,1125.000,1.992,1.683
337175.507,4260690.918,5.820,537.870,1787.871,4375.000,0.000,1250.000,3.409,1.707
336925.507,4265440.918,5.820,462.120,1712.121,4125.000,4750.000,1250.000,3.409,1.707
336175.507,4263940.918,5.820,462.110,1712.107,3375.000,3250.000,1250.000,3.409,1.707
335925.507,4262815.918,5.819,462.020,1712.021,3125.000,2125.000,1250.000,3.409,1.707
333425.507,4264940.918,3.452,462.010,1587.009,625.000,4250.000,1125.000,2.051,1.683
337050.507,4260815.918,5.820,538.040,1788.037,4250.000,125.000,1250.000,3.409,1.707
335425.507,4261315.918,5.820,461.940,1711.945,2625.000,625.000,1250.000,3.409,1.707
335425.507,4261065.918,5.820,461.910,1711.908,2625.000,375.000,1250.000,3.409,1.707
336175.507,4264065.918,5.820,461.830,1711.830,3375.000,3375.000,1250.000,3.409,1.707
332925.507,4264065.918,3.393,461.800,1586.799,125.000,3375.000,1125.000,2.016,1.683
334925.507,4262940.918,4.052,538.290,1663.289,2125.000,2250.000,1125.000,2.408,1.683
337175.507,4262315.918,5.820,538.290,1788.292,4375.000,1625.000,1250.000,3.409,1.707
335300.507,4264315.918,5.754,538.390,1663.387,2500.000,3625.000,1125.000,3.419,1.683
336675.507,4265065.918,5.820,461.560,1711.564,3875.000,4375.000,1250.000,3.409,1.707
332925.507,4263565.918,3.350,461.530,1586.533,125.000,2875.000,1125.000,1.990,1.683
335425.507,4260815.918,5.820,461.390,1711.385,2625.000,125.000,1250.000,3.409,1.707
332925.507,4263940.918,3.374,461.370,1586.370,125.000,3250.000,1125.000,2.005,1.683
334550.507,4261940.918,5.878,538.660,1663.661,1750.000,1250.000,1125.000,3.410,1.724
332800.507,4263315.918,3.359,461.300,1586.301,0.000,2625.000,1125.000,1.996,1.683
337175.507,4262440.918,5.820,538.730,1788.735,4375.000,1750.000,1250.000,3.409,1.707
335800.507,4265440.918,5.820,538.750,1663.753,3000.000,4750.000,1125.000,3.409,1.707
333925.507,4265565.918,3.424,461.250,1586.250,1125.000,4875.000,1125.000,2.034,1.683
335675.507,4261940.918,5.820,461.190,1711.190,2875.000,1250.000,1250.000,3.409,1.707
335550.507,4264940.918,5.821,538.920,1663.917,2750.000,4250.000,1125.000,3.410,1.707
332925.507,4264440.918,3.448,461.020,1586.022,125.000,3750.000,1125.000,2.049,1.683
335800.507,4262315.918,5.820,461.010,1711.008,3000.000,1625.000,1250.000,3.409,1.707
336925.507,4265565.918,5.820,461.010,1711.011,4125.000,4875.000,1250.000,3.409,1.707
333300.507,4264940.918,3.462,460.980,1585.975,500.000,4250.000,1125.000,2.057,1.683
335425.507,4261190.918,5.820,460.960,1710.961,2625.000,500.000,1250.000,3.409,1.707
333800.507,4265315.918,3.446,460.930,1585.934,1000.000,4625.000,1125.000,2.048,1.683
335175.507,4263940.918,5.524,539.110,1664.113,2375.000,3250.000,1125.000,3.282,1.683
335675.507,4265065.918,5.820,539.120,1664.124,2875.000,4375.000,1125.000,3.409,1.707
334300.507,4260815.918,3.452,539.140,1664.136,1500.000,125.000,1125.000,2.051,1.683
335925.507,4265690.918,5.820,539.150,1664.146,3125.000,5000.000,1125.000,3.409,1.707
335425.507,4260940.918,5.820,460.840,1710.840,2625.000,250.000,1250.000,3.409,1.707
337675.507,4263815.918,5.820,539.180,1789.179,4875.000,3125.000,1250.000,3.409,1.707
337550.507,4260690.918,5.820,539.260,1789.264,4750.000,0.000,1250.000,3.409,1.707
337050.507,4265690.918,5.820,460.740,1710.745,4250.000,5000.000,1250.000,3.409,1.707
336425.507,4264565.918,5.820,460.720,1710.719,3625.000,3875.000,1250.000,3.409,1.707
333050.507,4264565.918,3.458,460.600,1585.601,250.000,3875.000,1125.000,2.055,1.683
335425.507,4264690.918,5.807,539.420,1664.422,2625.000,4000.000,1125.000,3.410,1.703
337300.507,4262815.918,5.820,539.430,1789.434,4500.000,2125.000,1250.000,3.409,1.707
337050.507,4260940.918,5.820,539.500,1789.503,4250.000,250.000,1250.000,3.409,1.707
337050.507,4262065.918,5.820,539.500,1789.498,4250.000,1375.000,1250.000,3.409,1.707
333550.507,4264940.918,3.427,460.460,1585.461,750.000,4250.000,1125.000,2.036,1.683
335425.507,4263315.918,4.814,539.610,1664.610,2625.000,2625.000,1125.000,2.860,1.683
333175.507,4264815.918,3.462,460.370,1585.374,375.000,4125.000,1125.000,2.057,1.683
336175.507,4264190.918,5.820,460.260,1710.264,3375.000,3500.000,1250.000,3.409,1.707
334300.507,4260940.918,3.819,539.770,1664.772,1500.000,250.000,1125.000,2.269,1.683
334425.507,4261565.918,5.809,539.790,1664.790,1625.000,875.000,1125.000,3.411,1.703
337675.507,4263565.918,5.820,539.790,1789.786,4875.000,2875.000,1250.000,3.409,1.707
337050.507,4261065.918,5.820,539.810,1789.809,4250.000,375.000,1250.000,3.409,1.707
336800.507,4263440.918,5.820,460.090,1710.085,4000.000,2750.000,1250.000,3.409,1.707
337550.507,4263690.918,5.820,539.930,1789.935,4750.000,3000.000,1250.000,3.409,1.707
334425.507,4261440.918,5.813,539.960,1664.957,1625.000,750.000,1125.000,3.409,1.705
334800.507,4262440.918,5.564,540.020,1665.024,2000.000,1750.000,1125.000,3.306,1.683
335925.507,4262940.918,5.819,459.940,1709.944,3125.000,2250.000,1250.000,3.411,1.706
333675.507,4265190.918,3.469,459.910,1584.915,875.000,4500.000,1125.000,2.061,1.683
335550.507,4261690.918,5.820,459.910,1709.913,2750.000,1000.000,1250.000,3.409,1.707
337550.507,4260815.918,5.820,540.110,1790.113,4750.000,125.000,1250.000,3.409,1.707
337050.507,4261190.918,5.820,540.140,1790.139,4250.000,500.000,1250.000,3.409,1.707
335675.507,4263440.918,5.809,540.220,1665.222,2875.000,2750.000,1125.000,3.409,1.704
333925.507,4265690.918,3.424,459.730,1584.730,1125.000,5000.000,1125.000,2.034,1.683
337675.507,4263440.918,5.820,540.290,1790.291,4875.000,2750.000,1250.000,3.409,1.707
337300.507,4262565.918,5.820,540.310,1790.313,4500.000,1875.000,1250.000,3.409,1.707
335050.507,4263190.918,3.696,540.310,1665.309,2250.000,2500.000,1125.000,2.196,1.683
335550.507,4261815.918,5.820,459.690,1709.688,2750.000,1125.000,1250.000,3.409,1.707
335800.507,4262440.918,5.820,459.640,1709.642,3000.000,1750.000,1250.000,3.409,1.707
333050.507,4264690.918,3.463,459.620,1584.617,250.000,4000.000,1125.000,2.058,1.683
336550.507,4263315.918,5.820,459.610,1709.610,3750.000,2625.000,1250.000,3.409,1.707
337425.507,4260815.918,5.820,540.430,1790.427,4625.000,125.000,1250.000,3.409,1.707
336300.507,4264440.918,5.820,459.570,1709.569,3500.000,3750.000,1250.000,3.409,1.707
335300.507,4263565.918,4.966,540.440,1665.443,2500.000,2875.000,1125.000,2.951,1.683
337800.507,4263940.918,5.820,540.440,1790.442,5000.000,3250.000,1250.000,3.409,1.707
335050.507,4263315.918,3.761,540.460,1665.458,2250.000,2625.000,1125.000,2.235,1.683
333800.507,4265440.918,3.446,459.420,1584.420,1000.000,4750.000,1125.000,2.048,1.683
332800.507,4264190.918,3.412,459.410,1584.413,0.000,3500.000,1125.000,2.027,1.683
336800.507,4265315.918,5.820,459.400,1709.400,4000.000,4625.000,1250.000,3.409,1.707
334425.507,4260690.918,3.467,540.630,1665.627,1625.000,0.000,1125.000,2.060,1.683
332925.507,4263815.918,3.360,459.330,1584.335,125.000,3125.000,1125.000,1.996,1.683
335675.507,4262065.918,5.820,459.270,1709.272,2875.000,1375.000,1250.000,3.409,1.707
332800.507,4264315.918,3.431,459.250,1584.251,0.000,3625.000,1125.000,2.039,1.683
337300.507,4262690.918,5.820,540.880,1790.880,4500.000,2000.000,1250.000,3.409,1.707
332800.507,4263440.918,3.353,459.110,1584.110,0.000,2750.000,1125.000,1.992,1.683
334800.507,4262565.918,4.915,540.950,1665.948,2000.000,1875.000,1125.000,2.920,1.683
336175.507,4263690.918,5.820,458.970,1708.966,3375.000,3000.000,1250.000,3.409,1.707
334425.507,4261315.918,5.819,541.050,1666.050,1625.000,625.000,1125.000,3.411,1.706
334925.507,4262815.918,4.380,541.060,1666.061,2125.000,2125.000,1125.000,2.602,1.683
333300.507,4265065.918,3.465,458.910,1583.913,500.000,4375.000,1125.000,2.059,1.683
335300.507,4264190.918,5.801,541.110,1666.108,2500.000,3500.000,1125.000,3.410,1.701
334675.507,4262190.918,5.965,541.120,1666.118,1875.000,1500.000,1125.000,3.411,1.749
333425.507,4265065.918,3.465,458.870,1583.872,625.000,4375.000,1125.000,2.059,1.683
332925.507,4264565.918,3.458,458.830,1583.828,125.000,3875.000,1125.000,2.055,1.683
332925.507,4263690.918,3.352,458.730,1583.731,125.000,3000.000,1125.000,1.992,1.683
335800.507,4265315.918,5.820,541.310,1666.309,3000.000,4625.000,1125.000,3.409,1.707
334425.507,4261065.918,4.735,541.310,1666.310,1625.000,375.000,1125.000,2.813,1.683
333050.507,4264815.918,3.465,458.670,1583.668,250.000,4125.000,1125.000,2.059,1.683
335175.507,4263815.918,5.142,541.360,1666.358,2375.000,3125.000,1125.000,3.055,1.683
335800.507,4262565.918,5.820,458.550,1708.554,3000.000,1875.000,1250.000,3.409,1.707
334550.507,4261815.918,5.834,541.560,1666.559,1750.000,1125.000,1125.000,3.410,1.711
337050.507,4261940.918,5.820,541.600,1791.599,4250.000,1250.000,1250.000,3.409,1.707
334425.507,4261190.918,5.459,541.650,1666.646,1625.000,500.000,1125.000,3.244,1.683
334550.507,4261690.918,5.817,541.660,1666.665,1750.000,1000.000,1125.000,3.410,1.706
335300.507,4260690.918,5.820,458.320,1708.318,2500.000,0.000,1250.000,3.409,1.707
336675.507,4265190.918,5.820,458.290,1708.288,3875.000,4500.000,1250.000,3.409,1.707
335175.507,4263690.918,4.820,541.880,1666.881,2375.000,3000.000,1125.000,2.864,1.683
336550.507,4264940.918,5.820,458.090,1708.094,3750.000,4250.000,1250.000,3.409,1.707
335425.507,4261440.918,5.820,457.950,1707.953,2625.000,750.000,1250.000,3.409,1.707
333800.507,4265565.918,3.446,457.860,1582.863,1000.000,4875.000,1125.000,2.048,1.683
335550.507,4264815.918,5.820,542.150,1667.146,2750.000,4125.000,1125.000,3.409,1.707
337050.507,4261315.918,5.820,542.170,1792.173,4250.000,625.000,1250.000,3.409,1.707
335050.507,4263065.918,3.881,542.220,1667.215,2250.000,2375.000,1125.000,2.306,1.683
334675.507,4262065.918,5.946,542.230,1667.225,1875.000,1375.000,1125.000,3.409,1.744
337300.507,4260690.918,5.820,542.280,1792.282,4500.000,0.000,1250.000,3.409,1.707
333675.507,4265315.918,3.469,457.670,1582.668,875.000,4625.000,1125.000,2.061,1.683
335675.507,4262190.918,5.820,457.620,1707.624,2875.000,1500.000,1250.000,3.409,1.707
337050.507,4261815.918,5.820,542.400,1792.399,4250.000,1125.000,1250.000,3.409,1.707
336550.507,4264815.918,5.820,457.600,1707.604,3750.000,4125.000,1250.000,3.409,1.707
332800.507,4263565.918,3.350,457.580,1582.580,0.000,2875.000,1125.000,1.990,1.683
333550.507,4265065.918,3.469,457.580,1582.578,750.000,4375.000,1125.000,2.061,1.683
335425.507,4264565.918,5.777,542.440,1667.437,2625.000,3875.000,1125.000,3.433,1.683
333175.507,4264940.918,3.465,457.490,1582.492,375.000,4250.000,1125.000,2.059,1.683
332800.507,4264440.918,3.447,457.490,1582.486,0.000,3750.000,1125.000,2.048,1.683
335800.507,4262690.918,5.819,457.450,1707.453,3000.000,2000.000,1250.000,3.411,1.706
336425.507,4264690.918,5.820,457.350,1707.355,3625.000,4000.000,1250.000,3.409,1.707
335925.507,4265565.918,5.820,542.710,1667.712,3125.000,4875.000,1125.000,3.409,1.707
335300.507,4264065.918,5.794,542.710,1667.713,2500.000,3375.000,1125.000,3.443,1.683
335300.507,4261190.918,5.820,457.200,1707.197,2500.000,500.000,1250.000,3.409,1.707
332800.507,4264565.918,3.458,457.190,1582.191,0.000,3875.000,1125.000,2.055,1.683
335800.507,4265190.918,5.820,542.870,1667.873,3000.000,4500.000,1125.000,3.409,1.707
335675.507,4264940.918,5.820,542.920,1667.919,2875.000,4250.000,1125.000,3.409,1.707
337675.507,4260690.918,5.820,543.010,1793.010,4875.000,0.000,1250.000,3.409,1.707
332925.507,4264690.918,3.463,456.950,1581.946,125.000,4000.000,1125.000,2.058,1.683
334925.507,4262690.918,4.680,543.060,1668.059,2125.000,2000.000,1125.000,2.781,1.683
335425.507,4264440.918,5.762,543.110,1668.115,2625.000,3750.000,1125.000,3.424,1.683
337050.507,4261690.918,5.820,543.170,1793.166,4250.000,1000.000,1250.000,3.409,1.707
336175.507,4264315.918,5.820,456.790,1706.788,3375.000,3625.000,1250.000,3.409,1.707
336800.507,4265440.918,5.820,456.740,1706.739,4000.000,4750.000,1250.000,3.409,1.707
335925.507,4263190.918,5.819,456.700,1706.699,3125.000,2500.000,1250.000,3.411,1.706
334800.507,4262315.918,5.822,543.310,1668.312,2000.000,1625.000,1125.000,3.411,1.707
335300.507,4261065.918,5.820,456.670,1706.670,2500.000,375.000,1250.000,3.409,1.707
337425.507,4263065.918,5.820,543.340,1793.338,4625.000,2375.000,1250.000,3.409,1.707
336050.507,4263815.918,5.820,456.640,1706.641,3250.000,3125.000,1250.000,3.409,1.707
334550.507,4261440.918,5.819,543.380,1668.384,1750.000,750.000,1125.000,3.411,1.706
337050.507,4261565.918,5.820,543.380,1793.380,4250.000,875.000,1250.000,3.409,1.707
332800.507,4264065.918,3.392,456.600,1581.603,0.000,3375.000,1125.000,2.015,1.683
336925.507,4265690.918,5.820,456.580,1706.576,4125.000,5000.000,1250.000,3.409,1.707
335300.507,4261315.918,5.820,456.540,1706.535,2500.000,625.000,1250.000,3.409,1.707
334425.507,4260940.918,4.192,543.480,1668.475,1625.000,250.000,1125.000,2.491,1.683
335550.507,4261940.918,5.820,456.520,1706.525,2750.000,1250.000,1250.000,3.409,1.707
333175.507,4265065.918,3.466,456.500,1581.505,375.000,4375.000,1125.000,2.059,1.683
332800.507,4263940.918,3.374,456.360,1581.363,0.000,3250.000,1125.000,2.005,1.683
335425.507,4261565.918,5.820,456.350,1706.352,2625.000,875.000,1250.000,3.409,1.707
335050.507,4262940.918,4.224,543.700,1668.700,2250.000,2250.000,1125.000,2.510,1.683
337050.507,4261440.918,5.820,543.730,1793.733,4250.000,750.000,1250.000,3.409,1.707
333550.507,4265190.918,3.469,456.230,1581.230,750.000,4500.000,1125.000,2.061,1.683
333300.507,4265190.918,3.465,456.160,1581.161,500.000,4500.000,1125.000,2.059,1.683
337175.507,4262190.918,5.820,543.970,1793.967,4375.000,1500.000,1250.000,3.409,1.707
332800.507,4263690.918,3.352,456.030,1581.031,0.000,3000.000,1125.000,1.992,1.683
337675.507,4263690.918,5.820,544.000,1793.997,4875.000,3000.000,1250.000,3.409,1.707
332925.507,4264815.918,3.466,455.970,1580.967,125.000,4125.000,1125.000,2.059,1.683
335925.507,4263065.918,5.819,455.840,1705.843,3125.000,2375.000,1250.000,3.411,1.706
336550.507,4265065.918,5.820,455.730,1705.733,3750.000,4375.000,1250.000,3.409,1.707
334425.507,4260815.918,3.650,544.290,1669.289,1625.000,125.000,1125.000,2.169,1.683
337550.507,4260940.918,5.820,544.300,1794.302,4750.000,250.000,1250.000,3.409,1.707
333050.507,4264940.918,3.466,455.690,1580.687,250.000,4250.000,1125.000,2.059,1.683
333800.507,4265690.918,3.446,455.660,1580.655,1000.000,5000.000,1125.000,2.048,1.683
335300.507,4260940.918,5.820,455.610,1705.605,2500.000,250.000,1250.000,3.409,1.707
335300.507,4263940.918,5.684,544.410,1669.407,2500.000,3250.000,1125.000,3.377,1.683
335550.507,4264690.918,5.817,544.420,1669.424,2750.000,4000.000,1125.000,3.410,1.706
335300.507,4260815.918,5.820,455.580,1705.577,2500.000,125.000,1250.000,3.409,1.707
336675.507,4265315.918,5.820,455.560,1705.561,3875.000,4625.000,1250.000,3.409,1.707
334675.507,4261940.918,5.883,544.440,1669.441,1875.000,1250.000,1125.000,3.410,1.725
335425.507,4264315.918,5.811,544.480,1669.480,2625.000,3625.000,1125.000,3.410,1.704
335925.507,4265440.918,5.820,544.490,1669.490,3125.000,4750.000,1125.000,3.409,1.707
334925.507,4262565.918,5.213,544.500,1669.500,2125.000,1875.000,1125.000,3.097,1.683
335800.507,4265065.918,5.820,544.550,1669.552,3000.000,4375.000,1125.000,3.409,1.707
336050.507,4263940.918,5.820,455.410,1705.413,3250.000,3250.000,1250.000,3.409,1.707
333675.507,4265440.918,3.469,455.320,1580.315,875.000,4750.000,1125.000,2.061,1.683
336300.507,4264565.918,5.820,455.250,1705.254,3500.000,3875.000,1250.000,3.409,1.707
337800.507,4263815.918,5.820,544.760,1794.760,5000.000,3125.000,1250.000,3.409,1.707
336425.507,4263315.918,5.820,455.190,1705.191,3625.000,2625.000,1250.000,3.409,1.707
337425.507,4262940.918,5.820,544.820,1794.825,4625.000,2250.000,1250.000,3.409,1.707
336050.507,4265690.918,5.820,544.830,1669.828,3250.000,5000.000,1125.000,3.409,1.707
335300.507,4261440.918,5.820,455.100,1705.097,2500.000,750.000,1250.000,3.409,1.707
335675.507,4262315.918,5.820,455.050,1705.048,2875.000,1625.000,1250.000,3.409,1.707
335800.507,4262815.918,5.818,454.960,1704.957,3000.000,2125.000,1250.000,3.410,1.706
335425.507,4261690.918,5.820,454.760,1704.764,2625.000,1000.000,1250.000,3.409,1.707
333425.507,4265190.918,3.465,454.710,1579.708,625.000,4500.000,1125.000,2.059,1.683
335425.507,4261815.918,5.820,454.670,1704.675,2625.000,1125.000,1250.000,3.409,1.707
336050.507,4264065.918,5.820,454.660,1704.658,3250.000,3375.000,1250.000,3.409,1.707
334550.507,4261315.918,5.820,545.340,1670.342,1750.000,625.000,1125.000,3.409,1.707
337425.507,4260940.918,5.820,545.350,1795.351,4625.000,250.000,1250.000,3.409,1.707
337175.507,4261190.918,5.820,545.360,1795.359,4375.000,500.000,1250.000,3.409,1.707
332800.507,4264690.918,3.463,454.590,1579.587,0.000,4000.000,1125.000,2.058,1.683
337300.507,4262315.918,5.820,545.560,1795.557,4500.000,1625.000,1250.000,3.409,1.707
333550.507,4265315.918,3.469,454.290,1579.286,750.000,4625.000,1125.000,2.061,1.683
335550.507,4263315.918,5.508,545.720,1670.719,2750.000,2625.000,1125.000,3.273,1.683
336675.507,4263440.918,5.820,454.220,1704.218,3875.000,2750.000,1250.000,3.409,1.707
335050.507,4262815.918,4.294,545.800,1670.800,2250.000,2125.000,1125.000,2.551,1.683
337175.507,4261065.918,5.820,545.850,1795.852,4375.000,375.000,1250.000,3.409,1.707
335175.507,4263190.918,4.056,545.900,1670.903,2375.000,2500.000,1125.000,2.410,1.683
337175.507,4260940.918,5.820,545.940,1795.943,4375.000,250.000,1250.000,3.409,1.707
336175.507,4264440.918,5.820,454.040,1704.042,3375.000,3750.000,1250.000,3.409,1.707
334800.507,4262065.918,5.956,545.960,1670.961,2000.000,1375.000,1125.000,3.409,1.747
336800.507,4265565.918,5.820,453.990,1703.992,4000.000,4875.000,1250.000,3.409,1.707
337300.507,4262440.918,5.820,546.020,1796.021,4500.000,1750.000,1250.000,3.409,1.707
334550.507,4261065.918,5.100,546.020,1671.023,1750.000,375.000,1125.000,3.030,1.683
336050.507,4263315.918,5.820,453.980,1703.976,3250.000,2625.000,1250.000,3.409,1.707
333675.507,4265565.918,3.469,453.970,1578.966,875.000,4875.000,1125.000,2.061,1.683
335925.507,4265315.918,5.820,546.030,1671.032,3125.000,4625.000,1125.000,3.409,1.707
332800.507,4263815.918,3.360,453.910,1578.909,0.000,3125.000,1125.000,1.996,1.683
334675.507,4261815.918,5.834,546.160,1671.163,1875.000,1125.000,1125.000,3.410,1.711
334800.507,4262190.918,5.945,546.160,1671.161,2000.000,1500.000,1125.000,3.411,1.743
333175.507,4265190.918,3.466,453.840,1578.839,375.000,4500.000,1125.000,2.059,1.683
335175.507,4263315.918,4.230,546.190,1671.191,2375.000,2625.000,1125.000,2.513,1.683
335550.507,4262065.918,5.820,453.700,1703.695,2750.000,1375.000,1250.000,3.409,1.707
335800.507,4262940.918,5.819,453.660,1703.665,3000.000,2250.000,1250.000,3.409,1.707
335425.507,4264190.918,5.833,546.400,1671.399,2625.000,3500.000,1125.000,3.411,1.710
334550.507,4261565.918,5.815,546.440,1671.440,1750.000,875.000,1125.000,3.411,1.705
332925.507,4264940.918,3.466,453.430,1578.430,125.000,4250.000,1125.000,2.059,1.683
335675.507,4263315.918,5.806,546.660,1671.656,2875.000,2625.000,1125.000,3.409,1.703
336300.507,4263315.918,5.820,453.340,1703.336,3500.000,2625.000,1250.000,3.409,1.707
337175.507,4262065.918,5.820,546.910,1796.910,4375.000,1375.000,1250.000,3.409,1.707
336050.507,4264190.918,5.820,453.090,1703.094,3250.000,3500.000,1250.000,3.409,1.707
335300.507,4263815.918,5.486,547.070,1672.067,2500.000,3125.000,1125.000,3.260,1.683
335675.507,4262440.918,5.819,452.910,1702.907,2875.000,1750.000,1250.000,3.411,1.706
337675.507,4261815.918,5.820,452.860,1827.858,4875.000,1125.000,1375.000,3.409,1.707
337425.507,4262815.918,5.820,547.150,1797.151,4625.000,2125.000,1250.000,3.409,1.707
335050.507,4262690.918,4.724,547.170,1672.169,2250.000,2000.000,1125.000,2.807,1.683
334550.507,4261190.918,5.642,547.190,1672.194,1750.000,500.000,1125.000,3.352,1.683
336050.507,4265565.918,5.820,547.280,1672.280,3250.000,4875.000,1125.000,3.409,1.707
333300.507,4265315.918,3.465,452.720,1577.716,500.000,4625.000,1125.000,2.059,1.683
333050.507,4265065.918,3.466,452.670,1577.665,250.000,4375.000,1125.000,2.059,1.683
337675.507,4260815.918,5.820,547.390,1797.386,4875.000,125.000,1250.000,3.409,1.707
335175.507,4263065.918,3.886,547.410,1672.405,2375.000,2375.000,1125.000,2.309,1.683
336550.507,4265190.918,5.820,452.530,1702.531,3750.000,4500.000,1250.000,3.409,1.707
337675.507,4262940.918,5.820,547.500,1797.500,4875.000,2250.000,1250.000,3.409,1.707
336425.507,4264815.918,5.820,452.310,1702.307,3625.000,4125.000,1250.000,3.409,1.707
334675.507,4261690.918,5.817,547.700,1672.704,1875.000,1000.000,1125.000,3.410,1.706
337550.507,4261065.918,5.820,547.710,1797.712,4750.000,375.000,1250.000,3.409,1.707
335675.507,4264815.918,5.820,547.750,1672.748,2875.000,4125.000,1125.000,3.409,1.707
336425.507,4264940.918,5.820,452.200,1702.203,3625.000,4250.000,1250.000,3.409,1.707
335800.507,4263440.918,5.857,547.820,1672.824,3000.000,2750.000,1125.000,3.409,1.718
333550.507,4265440.918,3.469,452.160,1577.164,750.000,4750.000,1125.000,2.061,1.683
334925.507,4262315.918,5.784,547.850,1672.847,2125.000,1625.000,1125.000,3.437,1.683
335675.507,4262565.918,5.818,452.110,1702.111,2875.000,1875.000,1250.000,3.410,1.706
335300.507,4261690.918,5.820,452.100,1702.101,2500.000,1000.000,1250.000,3.409,1.707
335550.507,4264565.918,5.817,548.040,1673.038,2750.000,3875.000,1125.000,3.410,1.706
334925.507,4262440.918,5.494,548.080,1673.085,2125.000,1750.000,1125.000,3.264,1.683
333425.507,4265315.918,3.465,451.900,1576.899,625.000,4625.000,1125.000,2.059,1.683
337800.507,4263315.918,5.820,548.110,1798.109,5000.000,2625.000,1250.000,3.409,1.707
337175.507,4260815.918,5.820,548.130,1798.132,4375.000,125.000,1250.000,3.409,1.707
335425.507,4264065.918,5.827,548.240,1673.240,2625.000,3375.000,1125.000,3.410,1.709
333675.507,4265690.918,3.469,451.680,1576.675,875.000,5000.000,1125.000,2.061,1.683
332800.507,4264815.918,3.465,451.610,1576.607,0.000,4125.000,1125.000,2.059,1.683
337675.507,4260940.918,5.820,548.410,1798.413,4875.000,250.000,1250.000,3.409,1.707
335800.507,4264940.918,5.820,548.500,1673.498,3000.000,4250.000,1125.000,3.409,1.707
337425.507,4262690.918,5.820,548.510,1798.506,4625.000,2000.000,1250.000,3.409,1.707
335425.507,4261940.918,5.820,451.470,1701.467,2625.000,1250.000,1250.000,3.409,1.707
337425.507,4262565.918,5.820,548.550,1798.548,4625.000,1875.000,1250.000,3.409,1.707
335925.507,4263815.918,5.820,451.450,1701.446,3125.000,3125.000,1250.000,3.409,1.707
336675.507,4265440.918,5.820,451.310,1701.315,3875.000,4750.000,1250.000,3.409,1.707
333050.507,4265190.918,3.466,451.240,1576.243,250.000,4500.000,1125.000,2.059,1.683
335925.507,4265190.918,5.820,548.770,1673.770,3125.000,4500.000,1125.000,3.409,1.707
337800.507,4263690.918,5.820,548.770,1798.765,5000.000,3000.000,1250.000,3.409,1.707
336300.507,4264690.918,5.820,451.220,1701.219,3500.000,4000.000,1250.000,3.409,1.707
335550.507,4262190.918,5.820,451.190,1701.186,2750.000,1500.000,1250.000,3.409,1.707
336050.507,4264315.918,5.820,451.190,1701.186,3250.000,3625.000,1250.000,3.409,1.707
337175.507,4261315.918,5.820,548.930,1798.931,4375.000,625.000,1250.000,3.409,1.707
333175.507,4265315.918,3.466,451.070,1576.066,375.000,4625.000,1125.000,2.059,1.683
337425.507,4262440.918,5.820,548.980,1798.977,4625.000,1750.000,1250.000,3.409,1.707
335175.507,4260690.918,5.820,451.010,1701.012,2375.000,0.000,1250.000,3.409,1.707
335050.507,4262565.918,5.106,549.000,1673.996,2250.000,1875.000,1125.000,3.034,1.683
335175.507,4261315.918,5.820,450.960,1700.955,2375.000,625.000,1250.000,3.409,1.707
334550.507,4260940.918,4.561,549.140,1674.142,1750.000,250.000,1125.000,2.710,1.683
332800.507,4264940.918,3.466,450.790,1575.792,0.000,4250.000,1125.000,2.059,1.683
336800.507,4265690.918,5.820,450.770,1700.766,4000.000,5000.000,1250.000,3.409,1.707
335925.507,4263440.918,5.839,549.240,1674.242,3125.000,2750.000,1125.000,3.411,1.712
334550.507,4260690.918,3.485,549.270,1674.271,1750.000,0.000,1125.000,2.071,1.683
335550.507,4264440.918,5.823,549.310,1674.312,2750.000,3750.000,1125.000,3.409,1.708
335675.507,4262690.918,5.819,450.690,1700.690,2875.000,2000.000,1250.000,3.411,1.706
335175.507,4262940.918,4.063,549.390,1674.388,2375.000,2250.000,1125.000,2.414,1.683
337175.507,4261940.918,5.820,549.410,1799.410,4375.000,1250.000,1250.000,3.409,1.707
337300.507,4262190.918,5.820,549.450,1799.454,4500.000,1500.000,1250.000,3.409,1.707
335300.507,4263690.918,5.148,549.480,1674.480,2500.000,3000.000,1125.000,3.059,1.683
337800.507,4261815.918,5.820,450.490,1825.491,5000.000,1125.000,1375.000,3.409,1.707
336175.507,4264565.918,5.820,450.440,1700.440,3375.000,3875.000,1250.000,3.409,1.707
336425.507,4265065.918,5.820,450.440,1700.438,3625.000,4375.000,1250.000,3.409,1.707
335675.507,4263565.918,5.798,549.700,1674.705,2875.000,2875.000,1125.000,3.445,1.683
335300.507,4261565.918,5.820,450.220,1700.215,2500.000,875.000,1250.000,3.409,1.707
337550.507,4261190.918,5.820,549.820,1799.824,4750.000,500.000,1250.000,3.409,1.707
335175.507,4260815.918,5.820,450.140,1700.135,2375.000,125.000,1250.000,3.409,1.707
337175.507,4261815.918,5.820,549.890,1799.885,4375.000,1125.000,1250.000,3.409,1.707
333550.507,4265565.918,3.469,450.010,1575.010,750.000,4875.000,1125.000,2.061,1.683
335175.507,4261190.918,5.820,449.990,1699.989,2375.000,500.000,1250.000,3.409,1.707
334550.507,4260815.918,3.844,550.050,1675.046,1750.000,125.000,1125.000,2.284,1.683
335175.507,4261065.918,5.820,449.950,1699.953,2375.000,375.000,1250.000,3.409,1.707
336050.507,4265440.918,5.820,550.070,1675.069,3250.000,4750.000,1125.000,3.409,1.707
336050.507,4263690.918,5.820,449.910,1699.910,3250.000,3000.000,1250.000,3.409,1.707
332925.507,4265065.918,3.466,449.900,1574.899,125.000,4375.000,1125.000,2.059,1.683
335175.507,4260940.918,5.820,449.860,1699.859,2375.000,250.000,1250.000,3.409,1.707
333425.507,4265440.918,3.465,449.850,1574.848,625.000,4750.000,1125.000,2.059,1.683
337300.507,4261190.918,5.820,550.260,1800.256,4500.000,500.000,1250.000,3.409,1.707
333300.507,4265440.918,3.465,449.690,1574.693,500.000,4750.000,1125.000,2.059,1.683
334800.507,4261940.918,5.899,550.330,1675.331,2000.000,1250.000,1125.000,3.410,1.730
337800.507,4261940.918,5.820,449.600,1824.599,5000.000,1250.000,1375.000,3.409,1.707
336175.507,4265690.918,5.820,550.420,1675.419,3375.000,5000.000,1125.000,3.409,1.707
336300.507,4263565.918,5.820,449.560,1699.563,3500.000,2875.000,1250.000,3.409,1.707
335675.507,4264690.918,5.820,550.480,1675.483,2875.000,4000.000,1125.000,3.409,1.707
335425.507,4263940.918,5.749,550.510,1675.510,2625.000,3250.000,1125.000,3.416,1.683
334800.507,4261815.918,5.843,550.610,1675.610,2000.000,1125.000,1125.000,3.411,1.713
336550.507,4265315.918,5.820,449.380,1699.383,3750.000,4625.000,1250.000,3.409,1.707
335550.507,4264315.918,5.828,550.620,1675.620,2750.000,3625.000,1125.000,3.410,1.709
335175.507,4262815.918,4.532,550.720,1675.724,2375.000,2125.000,1125.000,2.693,1.683
334675.507,4261065.918,5.463,550.750,1675.749,1875.000,375.000,1125.000,3.246,1.683
337800.507,4260690.918,5.820,550.750,1800.750,5000.000,0.000,1250.000,3.409,1.707
334675.507,4261565.918,5.817,550.800,1675.799,1875.000,875.000,1125.000,3.410,1.706
335550.507,4262315.918,5.818,449.200,1699.201,2750.000,1625.000,1250.000,3.410,1.706
334925.507,4262190.918,5.909,551.010,1676.009,2125.000,1500.000,1125.000,3.410,1.733
336550.507,4263440.918,5.820,448.970,1698.967,3750.000,2750.000,1250.000,3.409,1.707
334675.507,4261440.918,5.820,551.030,1676.031,1875.000,750.000,1125.000,3.409,1.707
335800.507,4263565.918,5.837,551.170,1676.172,3000.000,2875.000,1125.000,3.409,1.712
335675.507,4262815.918,5.823,448.830,1698.828,2875.000,2125.000,1250.000,3.409,1.708
334675.507,4261190.918,5.820,551.260,1676.260,1875.000,500.000,1125.000,3.409,1.707
335175.507,4261440.918,5.820,448.730,1698.728,2375.000,750.000,1250.000,3.409,1.707
337175.507,4261690.918,5.820,551.270,1801.268,4375.000,1000.000,1250.000,3.409,1.707
335925.507,4265065.918,5.820,551.290,1676.294,3125.000,4375.000,1125.000,3.409,1.707
334925.507,4262065.918,5.933,551.310,1676.306,2125.000,1375.000,1125.000,3.410,1.740
337175.507,4261440.918,5.820,551.440,1801.438,4375.000,750.000,1250.000,3.409,1.707
337800.507,4262315.918,5.820,448.530,1823.525,5000.000,1625.000,1375.000,3.409,1.707
335300.507,4263190.918,4.154,551.510,1676.513,2500.000,2500.000,1125.000,2.468,1.683
336050.507,4264440.918,5.820,448.480,1698.480,3250.000,3750.000,1250.000,3.409,1.707
337175.507,4261565.918,5.820,551.560,1801.565,4375.000,875.000,1250.000,3.409,1.707
337800.507,4262065.918,5.820,448.420,1823.422,5000.000,1375.000,1375.000,3.409,1.707
335925.507,4263940.918,5.820,448.390,1698.391,3125.000,3250.000,1250.000,3.409,1.707
334675.507,4261315.918,5.820,551.630,1676.627,1875.000,625.000,1125.000,3.409,1.707
336675.507,4265565.918,5.820,448.320,1698.325,3875.000,4875.000,1250.000,3.409,1.707
333550.507,4265690.918,3.469,448.300,1573.299,750.000,5000.000,1125.000,2.061,1.683
336300.507,4264815.918,5.820,448.300,1698.301,3500.000,4125.000,1250.000,3.409,1.707
337425.507,4262190.918,5.820,551.810,1801.812,4625.000,1500.000,1250.000,3.409,1.707
337550.507,4261690.918,5.820,447.940,1822.937,4750.000,1000.000,1375.000,3.409,1.707
335925.507,4264065.918,5.820,447.940,1697.940,3125.000,3375.000,1250.000,3.409,1.707
336050.507,4265315.918,5.820,552.100,1677.100,3250.000,4625.000,1125.000,3.409,1.707
335925.507,4263315.918,5.819,447.890,1697.891,3125.000,2625.000,1250.000,3.411,1.706
337800.507,4263190.918,5.820,552.120,1802.123,5000.000,2500.000,1250.000,3.409,1.707
335550.507,4264190.918,5.828,552.200,1677.197,2750.000,3500.000,1125.000,3.410,1.709
337425.507,4261065.918,5.820,552.210,1802.206,4625.000,375.000,1250.000,3.409,1.707
337675.507,4261065.918,5.820,552.230,1802.226,4875.000,375.000,1250.000,3.409,1.707
333050.507,4265315.918,3.466,447.730,1572.729,250.000,4625.000,1125.000,2.059,1.683
337300.507,4260815.918,5.820,552.330,1802.332,4500.000,125.000,1250.000,3.409,1.707
335925.507,4263565.918,5.831,552.330,1677.331,3125.000,2875.000,1125.000,3.410,1.710
337800.507,4263440.918,5.820,552.340,1802.344,5000.000,2750.000,1250.000,3.409,1.707
335675.507,4262940.918,5.829,447.630,1697.625,2875.000,2250.000,1250.000,3.411,1.709
335050.507,4262440.918,5.508,552.460,1677.462,2250.000,1750.000,1125.000,3.273,1.683
335425.507,4262065.918,5.820,447.480,1697.482,2625.000,1375.000,1250.000,3.409,1.707
337800.507,4263565.918,5.820,552.530,1802.533,5000.000,2875.000,1250.000,3.409,1.707
335175.507,4262690.918,4.848,552.580,1677.581,2375.000,2000.000,1125.000,2.881,1.683
337300.507,4261065.918,5.820,552.600,1802.601,4500.000,375.000,1250.000,3.409,1.707
335300.507,4261815.918,5.820,447.390,1697.392,2500.000,1125.000,1250.000,3.409,1.707
336175.507,4265565.918,5.820,552.610,1677.606,3375.000,4875.000,1125.000,3.409,1.707
337550.507,4261815.918,5.820,447.370,1822.369,4750.000,1125.000,1375.000,3.409,1.707
337300.507,4260940.918,5.820,552.650,1802.647,4500.000,250.000,1250.000,3.409,1.707
333175.507,4265440.918,3.466,447.280,1572.276,375.000,4750.000,1125.000,2.059,1.683
335925.507,4264940.918,5.820,552.720,1677.722,3125.000,4250.000,1125.000,3.409,1.707
335425.507,4263815.918,5.609,552.730,1677.726,2625.000,3125.000,1125.000,3.333,1.683
333425.507,4265565.918,3.465,447.250,1572.247,625.000,4875.000,1125.000,2.059,1.683
337675.507,4261690.918,5.820,447.240,1822.239,4875.000,1000.000,1375.000,3.409,1.707
335800.507,4263190.918,5.822,447.240,1697.240,3000.000,2500.000,1250.000,3.411,1.707
336425.507,4265190.918,5.820,447.190,1697.193,3625.000,4500.000,1250.000,3.409,1.707
337800.507,4262190.918,5.820,447.160,1822.159,5000.000,1500.000,1375.000,3.409,1.707
335800.507,4264815.918,5.820,552.880,1677.881,3000.000,4125.000,1125.000,3.409,1.707
332800.507,4265065.918,3.465,447.090,1572.094,0.000,4375.000,1125.000,2.059,1.683
337800.507,4260815.918,5.820,552.980,1802.983,5000.000,125.000,1250.000,3.409,1.707
335550.507,4263190.918,5.470,553.000,1678.001,2750.000,2500.000,1125.000,3.250,1.683
335050.507,4262315.918,5.792,553.050,1678.050,2250.000,1625.000,1125.000,3.441,1.683
335675.507,4264565.918,5.822,553.070,1678.074,2875.000,3875.000,1125.000,3.411,1.707
334675.507,4260940.918,4.748,553.070,1678.067,1875.000,250.000,1125.000,2.821,1.683
335550.507,4262440.918,5.817,446.910,1696.905,2750.000,1750.000,1250.000,3.410,1.706
335300.507,4263065.918,4.256,553.220,1678.216,2500.000,2375.000,1125.000,2.529,1.683
332925.507,4265190.918,3.466,446.730,1571.733,125.000,4500.000,1125.000,2.059,1.683
333300.507,4265565.918,3.465,446.630,1571.635,500.000,4875.000,1125.000,2.059,1.683
337800.507,4262440.918,5.820,446.590,1821.589,5000.000,1750.000,1375.000,3.409,1.707
335175.507,4261565.918,5.820,446.400,1696.401,2375.000,875.000,1250.000,3.409,1.707
337800.507,4262565.918,5.820,446.390,1821.387,5000.000,1875.000,1375.000,3.409,1.707
337550.507,4262940.918,5.820,553.660,1803.656,4750.000,2250.000,1250.000,3.409,1.707
337800.507,4261690.918,5.820,446.330,1821.335,5000.000,1000.000,1375.000,3.409,1.707
335175.507,4261690.918,5.820,446.300,1696.301,2375.000,1000.000,1250.000,3.409,1.707
334675.507,4260815.918,4.212,553.710,1678.713,1875.000,125.000,1125.000,2.503,1.683
334800.507,4261690.918,5.819,553.780,1678.779,2000.000,1000.000,1125.000,3.411,1.706
335925.507,4264190.918,5.820,446.200,1696.201,3125.000,3500.000,1250.000,3.409,1.707
335550.507,4262565.918,5.820,446.150,1696.153,2750.000,1875.000,1250.000,3.409,1.707
336050.507,4265190.918,5.820,553.980,1678.980,3250.000,4500.000,1125.000,3.409,1.707
337425.507,4262315.918,5.820,554.000,1803.998,4625.000,1625.000,1250.000,3.409,1.707
335300.507,4261940.918,5.820,445.870,1695.866,2500.000,1250.000,1250.000,3.409,1.707
336050.507,4263440.918,5.820,554.180,1679.180,3250.000,2750.000,1125.000,3.409,1.707
335800.507,4263815.918,5.820,445.780,1695.781,3000.000,3125.000,1250.000,3.409,1.707
335425.507,4262190.918,5.819,445.620,1695.620,2625.000,1500.000,1250.000,3.411,1.706
336175.507,4264690.918,5.820,445.590,1695.587,3375.000,4000.000,1250.000,3.409,1.707
334925.507,4261940.918,5.892,554.430,1679.430,2125.000,1250.000,1125.000,3.410,1.728
335050.507,4260690.918,5.820,445.550,1695.552,2250.000,0.000,1250.000,3.409,1.707
335800.507,4263065.918,5.821,445.520,1695.522,3000.000,2375.000,1250.000,3.410,1.707
335550.507,4264065.918,5.827,554.550,1679.551,2750.000,3375.000,1125.000,3.410,1.709
335050.507,4261315.918,5.820,445.450,1695.445,2250.000,625.000,1250.000,3.409,1.707
337300.507,4262065.918,5.820,554.560,1804.556,4500.000,1375.000,1250.000,3.409,1.707
336050.507,4264565.918,5.820,445.430,1695.431,3250.000,3875.000,1250.000,3.409,1.707
335175.507,4262565.918,5.176,554.600,1679.604,2375.000,1875.000,1125.000,3.075,1.683
335550.507,4263565.918,5.675,554.600,1679.602,2750.000,2875.000,1125.000,3.372,1.683
336300.507,4265690.918,5.820,554.670,1679.675,3500.000,5000.000,1125.000,3.409,1.707
334800.507,4261565.918,5.816,554.680,1679.680,2000.000,875.000,1125.000,3.409,1.706
335425.507,4263690.918,5.539,554.690,1679.694,2625.000,3000.000,1125.000,3.291,1.683
336550.507,4265440.918,5.820,445.280,1695.280,3750.000,4750.000,1250.000,3.409,1.707
335925.507,4263690.918,5.820,445.190,1695.185,3125.000,3000.000,1250.000,3.409,1.707
337550.507,4262815.918,5.820,554.830,1804.829,4750.000,2125.000,1250.000,3.409,1.707
335300.507,4262940.918,4.467,554.890,1679.885,2500.000,2250.000,1125.000,2.654,1.683
333425.507,4265690.918,3.465,445.050,1570.055,625.000,5000.000,1125.000,2.059,1.683
337300.507,4261315.918,5.820,555.060,1805.060,4500.000,625.000,1250.000,3.409,1.707
337800.507,4260940.918,5.820,555.140,1805.139,5000.000,250.000,1250.000,3.409,1.707
335925.507,4264315.918,5.820,444.770,1694.769,3125.000,3625.000,1250.000,3.409,1.707
337425.507,4261565.918,5.820,444.750,1819.753,4625.000,875.000,1375.000,3.409,1.707
335550.507,4262690.918,5.828,444.730,1694.727,2750.000,2000.000,1250.000,3.410,1.709
336425.507,4265315.918,5.820,444.650,1694.646,3625.000,4625.000,1250.000,3.409,1.707
332925.507,4265315.918,3.466,444.590,1569.592,125.000,4625.000,1125.000,2.059,1.683
333050.507,4265440.918,3.466,444.550,1569.551,250.000,4750.000,1125.000,2.059,1.683
337675.507,4261190.918,5.820,555.480,1805.481,4875.000,500.000,1250.000,3.409,1.707
335675.507,4264440.918,5.823,555.530,1680.528,2875.000,3750.000,1125.000,3.409,1.708
334675.507,4260690.918,3.681,555.600,1680.599,1875.000,0.000,1125.000,2.187,1.683
335175.507,4262440.918,5.572,555.600,1680.599,2375.000,1750.000,1125.000,3.311,1.683
337550.507,4261940.918,5.820,444.370,1819.369,4750.000,1250.000,1375.000,3.409,1.707
337550.507,4262565.918,5.820,555.660,1805.656,4750.000,1875.000,1250.000,3.409,1.707
337800.507,4261565.918,5.820,444.340,1819.343,5000.000,875.000,1375.000,3.409,1.707
337800.507,4262690.918,5.820,444.310,1819.311,5000.000,2000.000,1375.000,3.409,1.707
335050.507,4262190.918,5.899,555.720,1680.721,2250.000,1500.000,1125.000,3.410,1.730
333300.507,4265690.918,3.465,444.160,1569.158,500.000,5000.000,1125.000,2.059,1.683
336050.507,4265065.918,5.820,555.850,1680.855,3250.000,4375.000,1125.000,3.409,1.707
336425.507,4263440.918,5.820,444.110,1694.115,3625.000,2750.000,1250.000,3.409,1.707
335050.507,4260815.918,5.820,444.070,1694.069,2250.000,125.000,1250.000,3.409,1.707
336675.507,4265690.918,5.820,443.970,1693.966,3875.000,5000.000,1250.000,3.409,1.707
334925.507,4261815.918,5.842,556.040,1681.044,2125.000,1125.000,1125.000,3.410,1.713
335050.507,4261065.918,5.820,443.960,1693.961,2250.000,375.000,1250.000,3.409,1.707
335050.507,4260940.918,5.820,443.920,1693.924,2250.000,250.000,1250.000,3.409,1.707
335300.507,4262065.918,5.819,443.820,1693.819,2500.000,1375.000,1250.000,3.409,1.707
335300.507,4262815.918,4.809,556.190,1681.195,2500.000,2125.000,1125.000,2.857,1.683
335800.507,4264690.918,5.820,556.190,1681.192,3000.000,4000.000,1125.000,3.409,1.707
336300.507,4264940.918,5.820,443.800,1693.796,3500.000,4250.000,1250.000,3.409,1.707
335425.507,4262315.918,5.817,443.780,1693.783,2625.000,1625.000,1250.000,3.410,1.706
332800.507,4265190.918,3.465,443.780,1568.781,0.000,4500.000,1125.000,2.059,1.683
333175.507,4265565.918,3.466,443.770,1568.771,375.000,4875.000,1125.000,2.059,1.683
336300.507,4265065.918,5.820,443.770,1693.770,3500.000,4375.000,1250.000,3.409,1.707
336550.507,4265565.918,5.820,443.620,1693.618,3750.000,4875.000,1250.000,3.409,1.707
335800.507,4263940.918,5.820,443.600,1693.598,3000.000,3250.000,1250.000,3.409,1.707
337800.507,4262815.918,5.820,443.560,1818.559,5000.000,2125.000,1375.000,3.409,1.707
337300.507,4261940.918,5.820,556.450,1806.450,4500.000,1250.000,1250.000,3.409,1.707
336175.507,4265440.918,5.820,556.450,1681.453,3375.000,4750.000,1125.000,3.409,1.707
337550.507,4262690.918,5.820,556.550,1806.553,4750.000,2000.000,1250.000,3.409,1.707
337800.507,4261065.918,5.820,556.600,1806.596,5000.000,375.000,1250.000,3.409,1.707
335550.507,4263940.918,5.793,556.640,1681.643,2750.000,3250.000,1125.000,3.442,1.683
337550.507,4262440.918,5.820,556.680,1806.679,4750.000,1750.000,1250.000,3.409,1.707
337675.507,4262065.918,5.820,443.170,1818.165,4875.000,1375.000,1375.000,3.409,1.707
337425.507,4261690.918,5.820,443.170,1818.170,4625.000,1000.000,1375.000,3.409,1.707
337675.507,4261940.918,5.820,443.120,1818.124,4875.000,1250.000,1375.000,3.409,1.707
335550.507,4262815.918,5.837,443.010,1693.010,2750.000,2125.000,1250.000,3.409,1.712
337550.507,4261565.918,5.820,442.920,1817.923,4750.000,875.000,1375.000,3.409,1.707
334800.507,4261315.918,5.820,557.130,1682.129,2000.000,625.000,1125.000,3.409,1.707
335425.507,4263190.918,4.723,557.220,1682.224,2625.000,2500.000,1125.000,2.806,1.683
337300.507,4261815.918,5.820,557.270,1807.266,4500.000,1125.000,1250.000,3.409,1.707
334800.507,4261065.918,5.643,557.290,1682.286,2000.000,375.000,1125.000,3.353,1.683
337675.507,4261315.918,5.820,557.310,1807.312,4875.000,625.000,1250.000,3.409,1.707
334800.507,4261190.918,5.820,557.350,1682.349,2000.000,500.000,1125.000,3.409,1.707
334800.507,4261440.918,5.819,557.380,1682.375,2000.000,750.000,1125.000,3.411,1.706
337550.507,4262190.918,5.820,442.600,1817.595,4750.000,1500.000,1375.000,3.409,1.707
337675.507,4261565.918,5.820,442.570,1817.566,4875.000,875.000,1375.000,3.409,1.707
335675.507,4264315.918,5.822,557.510,1682.511,2875.000,3625.000,1125.000,3.411,1.707
336175.507,4263565.918,5.820,442.420,1692.420,3375.000,2875.000,1250.000,3.409,1.707
335050.507,4261190.918,5.820,442.340,1692.343,2250.000,500.000,1250.000,3.409,1.707
335925.507,4264440.918,5.820,442.330,1692.329,3125.000,3750.000,1250.000,3.409,1.707
335550.507,4263815.918,5.725,557.680,1682.678,2750.000,3125.000,1125.000,3.402,1.683
334800.507,4260940.918,5.110,557.720,1682.716,2000.000,250.000,1125.000,3.036,1.683
335050.507,4262065.918,5.898,557.760,1682.755,2250.000,1375.000,1125.000,3.409,1.730
335300.507,4262690.918,5.072,557.800,1682.800,2500.000,2000.000,1125.000,3.014,1.683
336175.507,4264815.918,5.820,442.180,1692.184,3375.000,4125.000,1250.000,3.409,1.707
335925.507,4264815.918,5.820,558.000,1682.995,3125.000,4125.000,1125.000,3.409,1.707
337550.507,4261315.918,5.820,558.000,1808.003,4750.000,625.000,1250.000,3.409,1.707
335425.507,4262440.918,5.821,441.860,1691.857,2625.000,1750.000,1250.000,3.410,1.707
335550.507,4262940.918,5.842,441.810,1691.805,2750.000,2250.000,1250.000,3.410,1.713
337675.507,4262190.918,5.820,441.730,1816.733,4875.000,1500.000,1375.000,3.409,1.707
335175.507,4261940.918,5.818,441.720,1691.718,2375.000,1250.000,1250.000,3.410,1.706
335425.507,4263565.918,5.455,558.330,1683.326,2625.000,2875.000,1125.000,3.241,1.683
334800.507,4260815.918,4.578,558.410,1683.410,2000.000,125.000,1125.000,2.720,1.683
335425.507,4263065.918,4.955,558.420,1683.419,2625.000,2375.000,1125.000,2.944,1.683
336050.507,4264690.918,5.820,441.540,1691.539,3250.000,4000.000,1250.000,3.409,1.707
336175.507,4265315.918,5.820,558.490,1683.489,3375.000,4625.000,1125.000,3.409,1.707
335675.507,4263065.918,5.835,441.470,1691.469,2875.000,2375.000,1250.000,3.410,1.711
334925.507,4261565.918,5.816,558.550,1683.546,2125.000,875.000,1125.000,3.409,1.706
336300.507,4265565.918,5.820,558.550,1683.548,3500.000,4875.000,1125.000,3.409,1.707
336050.507,4264940.918,5.820,558.640,1683.640,3250.000,4250.000,1125.000,3.409,1.707
335050.507,4261440.918,5.820,441.360,1691.356,2250.000,750.000,1250.000,3.409,1.707
335675.507,4264190.918,5.822,558.660,1683.659,2875.000,3500.000,1125.000,3.411,1.707
332925.507,4265440.918,3.466,441.330,1566.330,125.000,4750.000,1125.000,2.059,1.683
332800.507,4265315.918,3.465,441.320,1566.321,0.000,4625.000,1125.000,2.059,1.683
335675.507,4263190.918,5.801,558.720,1683.720,2875.000,2500.000,1125.000,3.410,1.701
337300.507,4261440.918,5.820,558.760,1808.765,4500.000,750.000,1250.000,3.409,1.707
336300.507,4265190.918,5.820,441.130,1691.127,3500.000,4500.000,1250.000,3.409,1.707
335800.507,4264065.918,5.820,441.060,1691.057,3000.000,3375.000,1250.000,3.409,1.707
336425.507,4265440.918,5.820,440.960,1690.960,3625.000,4750.000,1250.000,3.409,1.707
335175.507,4261815.918,5.820,440.960,1690.965,2375.000,1125.000,1250.000,3.409,1.707
337425.507,4261190.918,5.820,559.070,1809.074,4625.000,500.000,1250.000,3.409,1.707
335800.507,4264565.918,5.820,559.240,1684.242,3000.000,3875.000,1125.000,3.409,1.707
336175.507,4263440.918,5.818,559.300,1684.297,3375.000,2750.000,1125.000,3.410,1.706
337425.507,4261315.918,5.820,559.350,1809.351,4625.000,625.000,1250.000,3.409,1.707
336050.507,4263565.918,5.821,559.370,1684.369,3250.000,2875.000,1125.000,3.410,1.707
337675.507,4262440.918,5.820,440.620,1815.619,4875.000,1750.000,1375.000,3.409,1.707
335800.507,4264190.918,5.820,440.580,1690.575,3000.000,3500.000,1250.000,3.409,1.707
335300.507,4262190.918,5.820,440.570,1690.565,2500.000,1500.000,1250.000,3.409,1.707
332800.507,4265690.918,3.264,559.440,1559.440,0.000,5000.000,1000.000,1.939,1.683
336550.507,4265690.918,5.820,440.510,1690.512,3750.000,5000.000,1250.000,3.409,1.707
337675.507,4261440.918,5.820,559.520,1809.523,4875.000,750.000,1250.000,3.409,1.707
333175.507,4265690.918,3.466,440.440,1565.437,375.000,5000.000,1125.000,2.059,1.683
335425.507,4262565.918,5.832,440.440,1690.443,2625.000,1875.000,1250.000,3.411,1.710
335675.507,4264065.918,5.821,559.590,1684.588,2875.000,3375.000,1125.000,3.410,1.707
333050.507,4265565.918,3.466,440.400,1565.399,250.000,4875.000,1125.000,2.059,1.683
335925.507,4264565.918,5.820,440.390,1690.391,3125.000,3875.000,1250.000,3.409,1.707
336425.507,4265690.918,5.820,559.660,1684.658,3625.000,5000.000,1125.000,3.409,1.707
337800.507,4261440.918,5.820,440.330,1815.330,5000.000,750.000,1375.000,3.409,1.707
334925.507,4261690.918,5.819,559.850,1684.850,2125.000,1000.000,1125.000,3.409,1.707
335175.507,4262315.918,5.817,559.860,1684.863,2375.000,1625.000,1125.000,3.410,1.706
335300.507,4262565.918,5.422,559.930,1684.929,2500.000,1875.000,1125.000,3.222,1.683
337550.507,4262315.918,5.820,559.960,1809.956,4750.000,1625.000,1250.000,3.409,1.707
337300.507,4261690.918,5.820,559.980,1809.984,4500.000,1000.000,1250.000,3.409,1.707
