line_and_segment,year,longitude,latitude,height_m,total_field_anomaly_nt
FL1-1,1955,-1.74162,53.48164,792,62
FL1-1,1955,-1.70122,53.48352,663,56
FL2-1,1955,-2.44325,53.47202,325,-38
FL2-1,1955,-2.43445,53.47214,325,-36
FL2-1,1955,-2.39761,53.47236,325,-26
FL2-1,1955,-2.35709,53.47253,325,-16
FL2-1,1955,-2.35536,53.47272,325,-6
FL2-1,1955,-2.35378,53.47294,325,4
FL2-1,1955,-2.34941,53.47282,325,14
FL2-1,1955,-2.34587,53.47274,325,14
FL2-1,1955,-2.34346,53.47297,325,4
FL2-1,1955,-2.33864,53.47299,325,-7
FL2-1,1955,-2.33073,53.47328,325,-7
FL2-1,1955,-2.30722,53.47294,325,4
FL2-1,1955,-2.30104,53.47286,325,14
FL2-1,1955,-2.29811,53.47296,325,24
FL2-1,1955,-2.29615,53.47283,325,34
FL2-1,1955,-2.29389,53.47279,325,44
FL2-1,1955,-2.28997,53.47276,325,44
FL2-1,1955,-2.28907,53.4728,325,34
FL2-1,1955,-2.28688,53.47285,325,24
FL2-1,1955,-2.28439,53.47299,325,14
FL2-1,1955,-2.27461,53.47297,325,14
FL2-1,1955,-2.27009,53.47285,325,24
FL2-1,1955,-2.26482,53.47277,325,34
FL2-1,1955,-2.2615,53.47273,327,44
FL2-1,1955,-2.26007,53.47206,328,54
FL2-1,1955,-2.25058,53.47338,335,75
FL2-1,1955,-2.24606,53.47348,335,95
FL2-1,1955,-2.23634,53.47373,335,95
FL2-1,1955,-2.23333,53.47373,335,75
FL2-1,1955,-2.22256,53.47429,335,56
FL2-1,1955,-2.22007,53.4743,335,46
FL2-1,1955,-2.21834,53.47417,335,36
FL2-1,1955,-2.21465,53.47426,335,25
FL2-1,1955,-2.21088,53.47436,336,16
FL2-1,1955,-2.18377,53.47458,346,16
FL2-1,1955,-2.1785,53.47446,345,6
FL2-1,1955,-2.17398,53.47428,345,-4
FL2-1,1955,-2.16946,53.47411,345,-14
FL2-1,1955,-2.16486,53.47407,345,-24
FL2-1,1955,-2.15921,53.47376,347,-23
FL2-1,1955,-2.15582,53.47372,360,-13
FL2-1,1955,-2.15386,53.47373,368,-3
FL2-1,1955,-2.15288,53.47368,372,7
FL2-1,1955,-2.15205,53.47364,375,17
FL2-1,1955,-2.14911,53.47355,387,27
FL2-1,1955,-2.14421,53.47329,405,38
FL2-1,1955,-2.14226,53.47325,404,48
FL2-1,1955,-2.1403,53.47338,403,58
FL2-1,1955,-2.13826,53.47325,401,68
FL2-1,1955,-2.13563,53.47312,400,78
FL2-1,1955,-2.13126,53.47294,397,88
FL2-1,1955,-2.12689,53.47286,391,98
FL2-1,1955,-2.12297,53.47277,390,107
FL2-1,1955,-2.1192,53.4726,390,107
FL2-1,1955,-2.11408,53.47242,381,97
FL2-1,1955,-2.11099,53.47251,383,87
FL2-1,1955,-2.10761,53.47225,383,77
FL2-1,1955,-2.10346,53.47225,386,67
FL2-1,1955,-2.09842,53.47199,388,58
FL2-1,1955,-2.0899,53.47168,394,59
FL2-1,1955,-2.06173,53.47152,491,60
FL2-1,1955,-2.03958,53.47157,526,62
FL2-1,1955,-1.96358,53.47144,499,73
FL2-1,1955,-1.95175,53.47134,530,74
FL2-1,1955,-1.94106,53.47125,557,65
FL2-1,1955,-1.88999,53.47049,734,65
FL2-1,1955,-1.8704,53.47034,809,73
FL2-1,1955,-1.82958,53.46967,886,75
FL2-1,1955,-1.77799,53.46895,716,63
FL2-1,1955,-1.71888,53.46914,812,57
FL2-1,1955,-1.70818,53.46947,800,55
FL2-1,1955,-1.669,53.47144,731,47
FL2-1,1955,-1.64511,53.4724,638,37
FL2-1,1955,-1.60249,53.47119,595,27
FL3-1,1955,-2.41057,53.45726,325,-28
FL3-1,1955,-2.40658,53.45722,325,-27
FL3-1,1955,-2.38158,53.45672,325,-17
FL3-1,1955,-2.35108,53.45628,325,-7
FL3-1,1955,-2.33903,53.45618,325,1
FL3-1,1955,-2.33414,53.45606,325,3
FL3-1,1955,-2.32562,53.4559,325,13
FL3-1,1955,-2.32337,53.456,325,13
FL3-1,1955,-2.29521,53.45674,325,23
FL3-1,1955,-2.24078,53.45776,344,31
FL3-1,1955,-2.21238,53.45759,345,34
FL3-1,1955,-2.1995,53.45739,345,44
FL3-1,1955,-2.1989,53.45743,345,47
FL3-1,1955,-2.15794,53.457,357,55
FL3-1,1955,-2.15598,53.45723,357,57
FL3-1,1955,-2.0727,53.45906,438,65
FL3-1,1955,-2.0663,53.45902,454,59
FL3-1,1955,-2.041,53.45872,469,50
FL3-1,1955,-1.96735,53.45813,490,48
FL3-1,1955,-1.9419,53.45813,545,53
FL3-1,1955,-1.93979,53.45808,549,54
FL3-1,1955,-1.83926,53.46019,927,74
FL3-1,1955,-1.78677,53.46025,762,64
FL3-1,1955,-1.76411,53.46016,640,55
FL3-1,1955,-1.74906,53.46008,665,53
FL3-1,1955,-1.72941,53.45973,808,56
FL3-1,1955,-1.67723,53.45887,780,48
FL3-1,1955,-1.65381,53.4585,682,37
FL3-1,1955,-1.62911,53.45806,578,31
FL4-1,1955,-2.41896,53.44455,325,-31
FL4-1,1955,-2.41497,53.44461,325,-29
FL4-1,1955,-2.3978,53.44422,325,-19
FL4-1,1955,-2.3728,53.44376,325,-9
FL4-1,1955,-2.35767,53.44367,325,-5
FL4-1,1955,-2.34029,53.44381,325,2
FL4-1,1955,-2.31944,53.44387,325,9
FL4-1,1955,-2.297,53.44393,325,12
FL4-1,1955,-2.2471,53.44435,345,23
FL4-1,1955,-2.23648,53.44451,345,28
FL4-1,1955,-2.20855,53.44492,352,33
FL4-1,1955,-2.16106,53.44522,355,37
FL4-1,1955,-2.0775,53.44341,432,41
FL4-1,1955,-1.95494,53.44474,467,44
FL4-1,1955,-1.9271,53.44379,503,43
FL4-1,1955,-1.82594,53.4413,840,51
FL4-1,1955,-1.78912,53.44182,656,50
FL4-1,1955,-1.75022,53.4426,565,51
FL4-1,1955,-1.73863,53.44294,629,51
FL4-1,1955,-1.68787,53.44429,799,46
FL4-1,1955,-1.64587,53.44535,707,36
FL4-1,1955,-1.6314,53.44584,671,33
FL5-1,1955,-2.45108,53.42826,325,-35
FL5-1,1955,-2.43362,53.4285,325,-30
FL5-1,1955,-2.41135,53.42853,325,-20
FL5-1,1955,-2.3893,53.42874,325,-10
FL5-1,1955,-2.35642,53.42902,325,0
FL5-1,1955,-2.33724,53.42939,325,3
FL5-1,1955,-2.29223,53.42875,325,11
FL5-1,1955,-2.24738,53.42822,345,22
FL5-1,1955,-2.2303,53.42803,345,23
FL5-1,1955,-2.12224,53.42963,379,24
FL5-1,1955,-2.09823,53.42957,388,35
FL5-1,1955,-2.01606,53.4296,462,41
FL5-1,1955,-1.94691,53.42883,531,42
FL5-1,1955,-1.93336,53.42869,546,37
FL5-1,1955,-1.83442,53.42706,745,39
FL5-1,1955,-1.83126,53.42692,761,39
FL5-1,1955,-1.74971,53.42642,574,37
FL5-1,1955,-1.65513,53.42654,678,36
FL5-1,1955,-1.62487,53.42685,546,33
FL6-1,1955,-2.45215,53.41629,325,-30
FL6-1,1955,-2.41846,53.41615,325,-20
FL6-1,1955,-2.40687,53.41614,325,-13
FL6-1,1955,-2.38933,53.41548,325,-10
FL6-1,1955,-2.36254,53.41471,327,0
FL6-1,1955,-2.33606,53.4138,328,8
FL6-1,1955,-2.30259,53.41493,329,10
FL6-1,1955,-2.28048,53.41566,330,21
FL6-1,1955,-2.26701,53.41628,336,27
FL6-1,1955,-2.19397,53.4161,359,27
FL6-1,1955,-2.09587,53.41365,405,24
FL6-1,1955,-2.03494,53.41212,502,38
FL6-1,1955,-2.02689,53.41212,534,39
FL6-1,1955,-1.97905,53.41509,665,48
FL6-1,1955,-1.91744,53.41447,791,46
FL6-1,1955,-1.88961,53.41418,773,44
FL6-1,1955,-1.84627,53.41508,696,37
FL6-1,1955,-1.84146,53.41502,694,36
FL6-1,1955,-1.79544,53.4119,588,28
FL6-1,1955,-1.68373,53.41493,718,33
FL6-1,1955,-1.64441,53.4124,593,32
FL7-1,1955,-2.44821,53.39927,324,-32
FL7-1,1955,-2.43941,53.39931,325,-29
FL7-1,1955,-2.41844,53.40038,325,-22
FL7-1,1955,-2.38318,53.40108,325,-12
FL7-1,1955,-2.36055,53.40187,325,-1
FL7-1,1955,-2.35176,53.40212,325,3
FL7-1,1955,-2.3346,53.40141,325,9
FL7-1,1955,-2.2979,53.40025,332,19
FL7-1,1955,-2.28993,53.40013,333,23
FL7-1,1955,-2.26669,53.40068,334,29
FL7-1,1955,-2.24474,53.40126,336,30
FL7-1,1955,-2.24414,53.40113,336,30
FL7-1,1955,-2.17653,53.40031,355,31
FL7-1,1955,-2.14547,53.39985,385,32
FL7-1,1955,-2.12923,53.39996,375,30
FL7-1,1955,-2.06975,53.40217,404,34
FL7-1,1955,-2.04583,53.40115,430,35
FL7-1,1955,-2.01673,53.39953,505,47
FL7-1,1955,-1.98951,53.39819,550,57
FL7-1,1955,-1.97891,53.39841,542,59
FL7-1,1955,-1.96334,53.39872,576,60
FL7-1,1955,-1.93634,53.39902,603,52
FL7-1,1955,-1.87814,53.39961,890,51
FL7-1,1955,-1.86994,53.39937,886,49
FL7-1,1955,-1.84987,53.39863,852,39
FL7-1,1955,-1.81243,53.397,728,30
FL7-1,1955,-1.77152,53.39635,647,27
FL7-1,1955,-1.74087,53.39629,535,19
FL7-1,1955,-1.68883,53.3959,770,24
FL7-1,1955,-1.66493,53.39588,643,21
FL7-1,1955,-1.65898,53.396,641,22
FL8-1,1955,-2.44055,53.38533,325,-33
FL8-1,1955,-2.4171,53.38609,325,-23
FL8-1,1955,-2.39043,53.38699,334,-13
FL8-1,1955,-2.37134,53.38786,336,-3
FL8-1,1955,-2.36525,53.38833,333,1
FL8-1,1955,-2.35149,53.38797,330,7
FL8-1,1955,-2.31255,53.38735,331,18
FL8-1,1955,-2.28954,53.3871,335,25
FL8-1,1955,-2.28209,53.38675,327,28
FL8-1,1955,-2.1558,53.38658,385,31
FL8-1,1955,-2.10167,53.38592,412,27
FL8-1,1955,-2.06093,53.38604,458,34
FL8-1,1955,-2.05259,53.38604,472,35
FL8-1,1955,-2.02507,53.38627,573,48
FL8-1,1955,-2.00169,53.38646,553,58
FL8-1,1955,-1.98779,53.38654,525,64
FL8-1,1955,-1.93659,53.38558,517,58
FL8-1,1955,-1.91209,53.38507,627,51
FL8-1,1955,-1.91119,53.38503,637,51
FL8-1,1955,-1.87255,53.38213,835,47
FL8-1,1955,-1.86316,53.38153,838,42
FL8-1,1955,-1.83624,53.38204,874,39
FL8-1,1955,-1.76896,53.38399,676,27
FL8-1,1955,-1.72035,53.38321,529,17
FL8-1,1955,-1.71516,53.38325,557,18
FL8-1,1955,-1.68358,53.3838,605,14
FL8-1,1955,-1.62068,53.38271,616,23
FL8-1,1955,-1.60166,53.38238,566,22
FL9-1,1955,-2.43921,53.37208,343,-34
FL9-1,1955,-2.42072,53.37232,336,-24
FL9-1,1955,-2.39947,53.37249,327,-14
FL9-1,1955,-2.38676,53.37253,327,-8
FL9-1,1955,-2.3812,53.37255,329,-4
FL9-1,1955,-2.36361,53.37211,335,7
FL9-1,1955,-2.33662,53.37151,341,17
FL9-1,1955,-2.29612,53.37067,346,27
FL9-1,1955,-2.29183,53.37059,344,28
FL9-1,1955,-2.26936,53.37069,360,38
FL9-1,1955,-2.2417,53.37088,364,38
FL9-1,1955,-2.19024,53.3712,374,45
FL9-1,1955,-2.1172,53.3726,385,44
FL9-1,1955,-2.04302,53.37188,473,49
FL9-1,1955,-2.02604,53.37099,449,44
FL9-1,1955,-2.00762,53.37037,521,56
FL9-1,1955,-1.98381,53.36924,491,66
FL9-1,1955,-1.97291,53.3688,528,70
FL9-1,1955,-1.94202,53.36825,589,69
FL9-1,1955,-1.92188,53.3681,577,59
FL9-1,1955,-1.88883,53.36807,800,55
FL9-1,1955,-1.81895,53.36853,583,43
FL9-1,1955,-1.80174,53.36863,563,36
FL9-1,1955,-1.79361,53.36916,571,33
FL9-1,1955,-1.75266,53.37083,588,26
FL9-1,1955,-1.72207,53.3722,631,20
FL9-1,1955,-1.69886,53.37125,519,16
FL9-1,1955,-1.6471,53.36953,719,23
FL9-1,1955,-1.61637,53.3684,660,33
FL9-1,1955,-1.6057,53.36792,647,32
TL1-1,1955,-2.34819,53.21269,368,-27
TL1-1,1955,-2.34843,53.2153,368,-25
TL1-1,1955,-2.3489,53.22734,367,-14
TL1-1,1955,-2.349,53.22955,366,-13
TL1-1,1955,-2.34887,53.24095,358,-4
TL1-1,1955,-2.34859,53.24343,358,-3
TL1-1,1955,-2.34785,53.2548,365,5
TL1-1,1955,-2.34743,53.25862,369,8
TL1-1,1955,-2.34668,53.26807,370,15
TL1-1,1955,-2.34628,53.27386,370,20
TL1-1,1955,-2.34532,53.28425,375,24
TL1-1,1955,-2.34475,53.29769,365,29
TL1-1,1955,-2.34427,53.3128,354,28
TL1-1,1955,-2.34392,53.32609,345,28
TL1-1,1955,-2.34314,53.34052,335,24
TL1-1,1955,-2.34337,53.34115,335,22
TL1-1,1955,-2.34348,53.35482,349,19
TL1-1,1955,-2.34305,53.36686,336,16
TL1-1,1955,-2.34309,53.37149,340,15
TL1-1,1955,-2.34224,53.38781,331,11
TL1-1,1955,-2.34179,53.39703,325,8
TL1-1,1955,-2.3416,53.40152,325,8
TL1-1,1955,-2.34094,53.41397,329,2
TL1-1,1955,-2.3401,53.42898,325,4
TL1-1,1955,-2.34006,53.44359,325,2
TL1-1,1955,-2.33954,53.47307,325,-7
TL2-1,1955,-2.19958,53.20126,425,-2
TL2-1,1955,-2.19912,53.21348,435,5
TL2-1,1955,-2.19913,53.21658,433,9
TL2-1,1955,-2.19918,53.22679,428,16
TL2-1,1955,-2.19857,53.24198,434,20
TL2-1,1955,-2.19866,53.24293,434,21
TL2-1,1955,-2.19933,53.25731,431,27
TL2-1,1955,-2.1999,53.2675,446,31
TL2-1,1955,-2.20066,53.26934,447,34
TL2-1,1955,-2.20104,53.28791,471,38
TL2-1,1955,-2.20065,53.30107,434,42
TL2-1,1955,-2.20003,53.3125,392,39
TL2-1,1955,-2.198,53.34404,379,41
TL2-1,1955,-2.19874,53.35811,376,38
TL2-1,1955,-2.19879,53.38508,349,32
TL2-1,1955,-2.1988,53.38678,349,31
TL2-1,1955,-2.1984,53.39829,349,30
TL2-1,1955,-2.19819,53.40059,349,29
TL2-1,1955,-2.19743,53.416,357,28
TL2-1,1955,-2.19771,53.42835,360,28
TL2-1,1955,-2.19822,53.44044,355,33
TL2-1,1955,-2.19825,53.46242,345,35
TL2-1,1955,-2.19818,53.46503,345,25
TL2-1,1955,-2.19819,53.46714,344,15
TL3-2,1955,-2.05386,53.2122,595,-4
TL3-2,1955,-2.05403,53.22577,615,1
TL3-2,1955,-2.05435,53.24159,603,-2
TL3-2,1955,-2.05422,53.2567,729,-1
TL3-2,1955,-2.05446,53.26771,693,0
TL3-2,1955,-2.05461,53.2718,678,1
TL3-2,1955,-2.05448,53.2828,655,5
TL3-2,1955,-2.05472,53.29737,597,12
TL3-2,1955,-2.05586,53.31206,591,20
TL3-2,1955,-2.05596,53.31674,640,23
TL3-2,1955,-2.05665,53.32856,608,27
TL3-2,1955,-2.05749,53.34204,526,31
TL3-2,1955,-2.05826,53.35508,496,33
TL3-2,1955,-2.05826,53.35705,492,35
TL3-2,1955,-2.05926,53.37197,481,37
TL3-2,1955,-2.06018,53.38649,458,34
TL3-2,1955,-2.06058,53.40181,395,31
TL3-2,1955,-2.05841,53.41265,395,33
TL3-2,1955,-2.05602,53.42523,459,37
TL3-2,1955,-2.05527,53.42955,461,40
TL3-2,1955,-2.05235,53.44308,484,45
TL3-2,1955,-2.05086,53.4512,455,49
TL3-2,1955,-2.04973,53.45871,469,53
TL3-2,1955,-2.04915,53.47768,504,62
TL4-1,1955,-1.91238,53.2049,678,1
TL4-1,1955,-1.91289,53.21114,719,8
TL4-1,1955,-1.91318,53.21433,735,13
TL4-1,1955,-1.91406,53.22359,732,19
TL4-1,1955,-1.91516,53.23879,671,13
TL4-1,1955,-1.9153,53.24099,659,11
TL4-1,1955,-1.91385,53.25447,602,9
TL4-1,1955,-1.91392,53.25776,599,3
TL4-1,1955,-1.91306,53.27636,667,5
TL4-1,1955,-1.91394,53.28338,678,14
TL4-1,1955,-1.91416,53.28571,682,16
TL4-1,1955,-1.91512,53.29407,692,28
TL4-1,1955,-1.91541,53.29676,695,31
TL4-1,1955,-1.9163,53.3044,685,37
TL4-1,1955,-1.91704,53.31142,568,40
TL4-1,1955,-1.91822,53.32212,535,46
TL4-1,1955,-1.91858,53.32724,523,47
TL4-1,1955,-1.91732,53.35628,628,58
TL4-1,1955,-1.91625,53.36769,603,55
TL4-1,1955,-1.91501,53.38499,596,52
TL4-1,1955,-1.91463,53.38674,602,51
TL4-1,1955,-1.91364,53.39919,704,47
TL4-1,1955,-1.91256,53.4133,818,48
TL4-1,1955,-1.91233,53.4142,817,47
TL4-1,1955,-1.91125,53.42818,721,43
TL4-1,1955,-1.91001,53.44333,572,38
TL4-1,1955,-1.90962,53.44854,566,45
TL4-1,1955,-1.90893,53.45649,679,57
TL4-1,1955,-1.90877,53.45856,700,60
TL4-1,1955,-1.90699,53.4786,552,66
TL5-1,1955,-1.77189,53.21379,613,36
TL5-1,1955,-1.7715,53.21906,638,36
TL5-1,1955,-1.77126,53.22319,655,39
TL5-1,1955,-1.77118,53.22341,656,38
TL5-1,1955,-1.77123,53.22763,646,37
TL5-1,1955,-1.77106,53.23078,641,37
TL5-1,1955,-1.77043,53.23725,592,37
TL5-1,1955,-1.77069,53.24421,562,46
TL5-1,1955,-1.77046,53.24592,560,57
TL5-1,1955,-1.77014,53.2501,555,57
TL5-1,1955,-1.77043,53.25186,556,47
TL5-1,1955,-1.7701,53.25648,562,37
TL5-1,1955,-1.7704,53.25738,562,27
TL5-1,1955,-1.77015,53.26121,564,28
TL5-1,1955,-1.7695,53.27096,574,29
TL5-1,1955,-1.76939,53.27671,588,19
TL5-1,1955,-1.7693,53.28026,604,15
TL5-1,1955,-1.76893,53.29267,642,21
TL5-1,1955,-1.76906,53.29604,649,31
TL5-1,1955,-1.76939,53.30453,668,32
TL5-1,1955,-1.7696,53.30808,673,24
TL5-1,1955,-1.76972,53.31316,679,34
TL5-1,1955,-1.76985,53.31742,680,33
TL5-1,1955,-1.76982,53.32169,676,33
TL5-1,1955,-1.7701,53.32547,668,37
TL5-1,1955,-1.77055,53.34026,565,43
TL5-1,1955,-1.7699,53.34929,525,43
TL5-1,1955,-1.76858,53.35734,589,36
TL5-1,1955,-1.76849,53.36012,647,36
TL5-1,1955,-1.76708,53.37014,658,29
TL5-1,1955,-1.76568,53.37891,581,25
TL5-1,1955,-1.76535,53.38484,648,26
TL5-1,1955,-1.76461,53.39612,620,23
TL5-1,1955,-1.76485,53.40586,611,27
TL5-1,1955,-1.76452,53.41157,662,30
TL5-1,1955,-1.76448,53.41822,671,33
TL5-1,1955,-1.76429,53.42627,609,35
TL5-1,1955,-1.76398,53.43135,580,38
TL5-1,1955,-1.76474,53.43984,554,49
TL5-1,1955,-1.76495,53.44214,554,50
TL5-1,1955,-1.76829,53.48008,798,66
TL6-1,1955,-1.62482,53.20088,432,98
TL6-1,1955,-1.62472,53.20461,429,88
TL6-1,1955,-1.62469,53.20825,435,79
TL6-1,1955,-1.62445,53.20982,438,75
TL6-1,1955,-1.62456,53.21445,443,69
TL6-1,1955,-1.62433,53.22295,455,60
TL6-1,1955,-1.62416,53.22569,454,50
TL6-1,1955,-1.62406,53.22852,451,40
TL6-1,1955,-1.62403,53.2318,448,30
TL6-1,1955,-1.62391,53.23657,432,29
TL6-1,1955,-1.62347,53.24487,419,30
TL6-1,1955,-1.62347,53.2522,424,41
TL6-1,1955,-1.62359,53.25665,437,44
TL6-1,1955,-1.62405,53.2638,468,48
TL6-1,1955,-1.62445,53.27917,495,46
TL6-1,1955,-1.62483,53.29531,524,46
TL6-1,1955,-1.62525,53.29819,520,45
TL6-1,1955,-1.62528,53.3039,517,43
TL6-1,1955,-1.62495,53.30731,510,38
TL6-1,1955,-1.62508,53.30947,502,36
TL6-1,1955,-1.6242,53.32425,590,35
TL6-1,1955,-1.62294,53.33939,689,40
TL6-1,1955,-1.62213,53.35476,717,36
TL6-1,1955,-1.6215,53.36573,674,33
TL6-1,1955,-1.62088,53.36846,669,31
TL6-1,1955,-1.61807,53.39646,647,26
TL6-1,1955,-1.61651,53.41093,550,30
TL6-1,1955,-1.6164,53.41443,535,30
TL6-1,1955,-1.61675,53.42674,538,31
TL6-1,1955,-1.61756,53.44539,665,32
TL6-1,1955,-1.61797,53.45771,566,34
TL6-1,1955,-1.61816,53.46162,527,36
FL10-1,1955,-2.44153,53.35706,354,-35
FL10-1,1955,-2.42568,53.3568,350,-25
FL10-1,1955,-2.40885,53.35637,335,-15
FL10-1,1955,-2.39713,53.35604,335,-6
FL10-1,1955,-2.39195,53.35584,336,-5
FL10-1,1955,-2.37399,53.35549,335,5
FL10-1,1955,-2.3546,53.35505,343,15
FL10-1,1955,-2.33153,53.35471,351,24
FL10-1,1955,-2.32094,53.3551,357,26
FL10-1,1955,-2.28242,53.35659,355,36
FL10-1,1955,-2.24276,53.35816,375,41
FL10-1,1955,-2.21797,53.35772,375,37
FL10-1,1955,-2.20009,53.35739,375,37
FL10-1,1955,-2.1768,53.35706,375,39
FL10-1,1955,-2.17222,53.35716,375,38
FL10-1,1955,-2.06667,53.35678,464,32
FL10-1,1955,-2.01934,53.35824,494,44
FL10-1,1955,-1.99861,53.35882,475,54
FL10-1,1955,-1.93535,53.3566,618,63
FL10-1,1955,-1.92085,53.3565,619,60
FL10-1,1955,-1.883,53.35615,747,53
FL10-1,1955,-1.85235,53.35567,655,42
FL10-1,1955,-1.83334,53.35574,590,42
FL10-1,1955,-1.82733,53.35577,582,43
FL10-1,1955,-1.78233,53.35709,612,44
FL10-1,1955,-1.76213,53.35777,581,35
FL10-1,1955,-1.73861,53.35822,546,32
FL10-1,1955,-1.68776,53.35733,559,27
FL10-1,1955,-1.65538,53.35684,639,28
FL10-1,1955,-1.63722,53.35584,709,32
FL11-1,1955,-2.45038,53.34098,355,-38
FL11-1,1955,-2.4479,53.34094,355,-36
FL11-1,1955,-2.43176,53.34123,361,-26
FL11-1,1955,-2.41591,53.34142,353,-15
FL11-1,1955,-2.39894,53.3417,345,-6
FL11-1,1955,-2.381,53.34189,335,4
FL11-1,1955,-2.37777,53.34186,335,6
FL11-1,1955,-2.36335,53.34163,335,14
FL11-1,1955,-2.34247,53.34134,335,24
FL11-1,1955,-2.32429,53.34089,353,28
FL11-1,1955,-2.30373,53.34135,355,34
FL11-1,1955,-2.24478,53.34234,369,42
FL11-1,1955,-2.16961,53.34531,387,38
FL11-1,1955,-2.16781,53.34536,387,37
FL11-1,1955,-2.09376,53.34278,449,30
FL11-1,1955,-2.02452,53.34174,613,35
FL11-1,1955,-1.99703,53.34111,500,44
FL11-1,1955,-1.99605,53.3412,492,45
FL11-1,1955,-1.91811,53.33893,554,50
FL11-1,1955,-1.88319,53.34002,654,51
FL11-1,1955,-1.85856,53.34071,713,42
FL11-1,1955,-1.81875,53.34191,714,44
FL11-1,1955,-1.77055,53.34093,560,43
FL11-1,1955,-1.74217,53.34038,455,31
FL11-1,1955,-1.68722,53.3394,473,30
FL12-1,1955,-2.43657,53.327,347,-27
FL12-1,1955,-2.42614,53.327,343,-20
FL12-1,1955,-2.42126,53.32706,346,-17
FL12-1,1955,-2.40413,53.32667,341,-7
FL12-1,1955,-2.38672,53.32632,338,3
FL12-1,1955,-2.37118,53.32601,344,13
FL12-1,1955,-2.36337,53.32576,341,21
FL12-1,1955,-2.35766,53.32587,337,22
FL12-1,1955,-2.32621,53.32638,358,34
FL12-1,1955,-2.25325,53.32741,375,44
FL12-1,1955,-2.1853,53.32542,385,40
FL12-1,1955,-2.16638,53.32576,385,36
FL12-1,1955,-2.11084,53.32704,443,29
FL12-1,1955,-1.99936,53.33015,529,34
FL12-1,1955,-1.96348,53.32875,526,45
FL12-1,1955,-1.91385,53.32719,532,54
FL12-1,1955,-1.89463,53.32682,584,48
FL12-1,1955,-1.86529,53.32629,664,40
FL12-1,1955,-1.849,53.32596,652,36
FL12-1,1955,-1.75916,53.3254,612,33
FL12-1,1955,-1.74437,53.3251,557,30
FL12-1,1955,-1.72389,53.32497,658,36
FL12-1,1955,-1.71473,53.32499,634,45
FL12-1,1955,-1.70046,53.32495,596,45
FL12-1,1955,-1.69093,53.32493,569,35
FL12-1,1955,-1.66217,53.32499,480,30
FL13-1,1955,-2.44012,53.31414,351,-28
FL13-1,1955,-2.4233,53.31398,350,-18
FL13-1,1955,-2.40686,53.31377,353,-8
FL13-1,1955,-2.38952,53.31356,359,2
FL13-1,1955,-2.38465,53.31353,361,5
FL13-1,1955,-2.37595,53.31328,362,12
FL13-1,1955,-2.36469,53.31314,359,22
FL13-1,1955,-2.33962,53.31312,355,32
FL13-1,1955,-2.29737,53.31265,373,41
FL13-1,1955,-2.22847,53.31226,379,41
FL13-1,1955,-2.17301,53.31249,405,38
FL13-1,1955,-2.16416,53.31242,405,36
FL13-1,1955,-2.12409,53.31264,425,27
FL13-1,1955,-2.10578,53.31261,462,27
FL13-1,1955,-2.07088,53.31237,559,21
FL13-1,1955,-2.04874,53.31225,592,19
FL13-1,1955,-1.98382,53.31005,533,23
FL13-1,1955,-1.94781,53.31143,528,34
FL13-1,1955,-1.91156,53.31204,594,42
FL13-1,1955,-1.88275,53.31121,639,38
FL13-1,1955,-1.84492,53.31053,645,34
FL13-1,1955,-1.83449,53.31066,628,40
FL13-1,1955,-1.82841,53.31078,619,49
FL13-1,1955,-1.82196,53.31077,638,50
FL13-1,1955,-1.81858,53.31054,649,41
FL13-1,1955,-1.80958,53.31017,672,32
FL13-1,1955,-1.80852,53.31098,678,32
FL13-1,1955,-1.75791,53.30784,626,22
FL13-1,1955,-1.73577,53.30761,642,24
FL13-1,1955,-1.72736,53.30768,662,34
FL13-1,1955,-1.71222,53.3076,643,45
FL13-1,1955,-1.66756,53.30757,605,46
FL13-1,1955,-1.64745,53.30747,531,38
FL13-1,1955,-1.61594,53.30778,571,37
FL14-1,1955,-2.43959,53.299,344,-30
FL14-1,1955,-2.42307,53.29838,344,-20
FL14-1,1955,-2.40649,53.29768,352,-9
FL14-1,1955,-2.39065,53.29719,361,2
FL14-1,1955,-2.37873,53.29669,363,12
FL14-1,1955,-2.37363,53.29657,364,17
FL14-1,1955,-2.36642,53.29677,363,22
FL14-1,1955,-2.3407,53.29784,365,32
FL14-1,1955,-2.29593,53.2998,368,43
FL14-1,1955,-2.28948,53.29999,368,45
FL14-1,1955,-2.22796,53.30103,411,44
FL14-1,1955,-2.20553,53.30143,433,43
FL14-1,1955,-2.16584,53.30032,430,36
FL14-1,1955,-2.13432,53.29937,424,26
FL14-1,1955,-2.12517,53.29916,433,23
FL14-1,1955,-2.09351,53.29959,502,19
FL14-1,1955,-2.04798,53.30002,599,12
FL14-1,1955,-1.97212,53.29832,577,13
FL14-1,1955,-1.96523,53.29822,578,17
FL14-1,1955,-1.92809,53.29713,645,26
FL14-1,1955,-1.89103,53.29593,652,28
FL14-1,1955,-1.84926,53.29477,651,28
FL14-1,1955,-1.80094,53.29524,645,30
FL14-1,1955,-1.80042,53.29411,643,30
FL14-1,1955,-1.77162,53.29402,646,31
FL14-1,1955,-1.77012,53.29532,649,31
FL14-2,1955,-1.76727,53.29392,641,21
FL14-2,1955,-1.76592,53.29518,640,22
FL14-2,1955,-1.74981,53.29379,611,21
FL14-2,1955,-1.74718,53.29388,610,31
FL14-2,1955,-1.74366,53.29378,607,41
FL14-2,1955,-1.73728,53.29372,605,42
FL14-2,1955,-1.72948,53.29371,610,42
FL14-2,1955,-1.72535,53.29374,613,52
FL14-2,1955,-1.72168,53.29369,620,63
FL14-2,1955,-1.72018,53.29382,626,73
FL14-2,1955,-1.71748,53.29368,634,84
FL14-2,1955,-1.71351,53.2938,648,94
FL14-2,1955,-1.70128,53.29404,665,94
FL14-2,1955,-1.68642,53.29423,684,86
FL14-2,1955,-1.67217,53.29455,669,76
FL14-2,1955,-1.66691,53.29463,641,66
FL14-2,1955,-1.66129,53.2947,612,55
FL14-2,1955,-1.61913,53.29529,573,47
FL14-2,1955,-1.6087,53.29526,617,48
FL15-1,1955,-2.43418,53.2836,341,-31
FL15-1,1955,-2.41858,53.28379,338,-21
FL15-1,1955,-2.40981,53.28391,338,-14
FL15-1,1955,-2.40373,53.28402,342,-11
FL15-1,1955,-2.38783,53.28417,352,0
FL15-1,1955,-2.37419,53.28426,361,10
FL15-1,1955,-2.35852,53.28439,372,21
FL15-1,1955,-2.33159,53.28447,370,31
FL15-1,1955,-2.32754,53.28461,368,34
FL15-1,1955,-2.28886,53.28579,381,42
FL15-1,1955,-2.26336,53.28648,384,43
FL15-1,1955,-2.23456,53.28704,406,43
FL15-1,1955,-2.18529,53.28838,466,38
FL15-1,1955,-2.17231,53.28773,456,35
FL15-1,1955,-2.1426,53.2861,436,25
FL15-1,1955,-2.10931,53.2842,473,17
FL15-1,1955,-2.08028,53.2827,540,11
FL15-1,1955,-2.07848,53.28265,546,9
FL15-1,1955,-2.03949,53.28335,686,3
FL15-1,1955,-1.95797,53.28488,683,7
FL15-1,1955,-1.95054,53.28475,703,6
FL15-1,1955,-1.90787,53.28337,674,16
FL15-1,1955,-1.89009,53.28277,662,22
FL15-1,1955,-1.858,53.28247,611,25
FL15-1,1955,-1.85178,53.28228,626,27
FL15-1,1955,-1.84038,53.282,646,28
FL15-1,1955,-1.81068,53.28096,604,19
FL15-1,1955,-1.80244,53.28059,625,15
FL15-1,1955,-1.79247,53.28071,637,19
FL15-1,1955,-1.78647,53.28074,639,30
FL15-1,1955,-1.77717,53.28063,624,30
FL15-1,1955,-1.77432,53.2804,616,20
FL15-1,1955,-1.76832,53.28048,603,15
FL15-1,1955,-1.74883,53.28103,583,10
FL15-1,1955,-1.74081,53.28146,567,11
FL15-1,1955,-1.71358,53.2823,585,12
FL15-1,1955,-1.70466,53.28192,580,12
FL15-1,1955,-1.69687,53.28163,571,23
FL15-1,1955,-1.68772,53.28129,554,32
FL15-1,1955,-1.6764,53.28067,534,42
FL15-1,1955,-1.67265,53.28053,531,53
FL15-1,1955,-1.6692,53.28043,528,63
FL15-1,1955,-1.66328,53.28023,521,63
FL15-1,1955,-1.65533,53.27985,494,52
FL15-1,1955,-1.64206,53.27927,461,39
FL16-1,1955,-2.44333,53.26873,335,-41
FL16-1,1955,-2.42623,53.26862,335,-31
FL16-1,1955,-2.41003,53.26845,338,-21
FL16-1,1955,-2.39459,53.26845,345,-11
FL16-1,1955,-2.37719,53.26833,350,-1
FL16-1,1955,-2.35973,53.26812,362,9
FL16-1,1955,-2.35433,53.26804,365,13
FL16-1,1955,-2.33709,53.26823,375,19
FL16-1,1955,-2.3047,53.26876,384,30
FL16-1,1955,-2.29541,53.26892,384,31
FL16-1,1955,-2.2119,53.26977,427,36
FL16-1,1955,-2.20492,53.2679,435,32
FL16-1,1955,-2.19826,53.2702,455,34
FL16-1,1955,-2.15814,53.26689,465,24
FL16-1,1955,-2.15358,53.27161,450,25
FL16-1,1955,-2.12283,53.26671,454,15
FL16-1,1955,-2.08977,53.26665,553,8
FL16-1,1955,-2.08759,53.26679,565,7
FL16-1,1955,-2.05866,53.26762,682,1
FL16-1,1955,-2.03407,53.26839,719,-7
FL16-1,1955,-1.91899,53.26913,642,-6
FL16-1,1955,-1.90227,53.26912,638,5
FL16-1,1955,-1.89185,53.26875,631,15
FL16-1,1955,-1.8839,53.26888,633,19
FL16-1,1955,-1.87281,53.26877,642,26
FL16-1,1955,-1.8642,53.26863,636,26
FL16-1,1955,-1.84013,53.26833,648,27
FL16-1,1955,-1.82978,53.26818,647,28
FL16-1,1955,-1.81262,53.26766,621,23
FL16-1,1955,-1.80812,53.26765,609,18
FL16-1,1955,-1.78489,53.26734,576,18
FL16-1,1955,-1.77589,53.26719,569,28
FL16-1,1955,-1.77521,53.2689,576,28
FL16-1,1955,-1.76233,53.26833,591,30
FL16-1,1955,-1.75558,53.26823,618,20
FL16-1,1955,-1.75506,53.26711,621,20
FL16-1,1955,-1.7289,53.26705,599,11
FL16-1,1955,-1.7181,53.26671,609,1
FL16-1,1955,-1.71068,53.26651,625,-8
FL16-1,1955,-1.69975,53.26599,625,-8
FL16-1,1955,-1.69578,53.26589,623,2
FL16-1,1955,-1.69053,53.26574,618,13
FL16-1,1955,-1.68281,53.2655,610,23
FL16-1,1955,-1.67464,53.26539,590,32
FL16-1,1955,-1.66392,53.26513,556,43
FL17-1,1955,-2.43563,53.25595,341,-43
FL17-1,1955,-2.41794,53.25633,345,-32
FL17-1,1955,-2.4067,53.2565,345,-25
FL17-1,1955,-2.39972,53.25635,345,-22
FL17-1,1955,-2.3827,53.25564,346,-12
FL17-1,1955,-2.36345,53.25529,357,-2
FL17-1,1955,-2.34883,53.25484,365,4
FL17-1,1955,-2.34208,53.25495,369,8
FL17-1,1955,-2.31143,53.25544,375,20
FL17-1,1955,-2.25875,53.25619,385,27
FL17-1,1955,-2.16957,53.25776,482,23
FL17-1,1955,-2.1279,53.25835,456,14
FL17-1,1955,-2.10459,53.25842,502,10
FL17-1,1955,-2.0905,53.25807,573,7
FL17-1,1955,-2.06216,53.25696,697,1
FL17-1,1955,-2.0486,53.25656,725,-2
FL17-1,1955,-1.99726,53.25594,663,-8
FL17-1,1955,-1.97575,53.25558,676,-8
FL17-1,1955,-1.93131,53.25503,622,3
FL17-1,1955,-1.92352,53.25475,611,8
FL17-1,1955,-1.89474,53.25383,619,14
FL17-1,1955,-1.86971,53.25308,577,24
FL17-1,1955,-1.86813,53.25313,577,25
FL17-1,1955,-1.82669,53.25429,624,27
FL17-1,1955,-1.80518,53.25457,575,17
FL17-1,1955,-1.78599,53.25413,541,16
FL17-1,1955,-1.77784,53.25389,548,27
FL17-1,1955,-1.77693,53.25488,549,27
FL17-2,1955,-1.77319,53.25357,554,37
FL17-2,1955,-1.77266,53.25474,556,37
FL17-2,1955,-1.76061,53.25435,580,39
FL17-2,1955,-1.75867,53.25318,578,39
FL17-2,1955,-1.74615,53.25275,595,39
FL17-2,1955,-1.74315,53.25378,601,39
FL17-2,1955,-1.71819,53.25291,616,40
FL17-2,1955,-1.70883,53.25262,616,39
FL17-2,1955,-1.67174,53.25225,554,41
FL17-2,1955,-1.6659,53.25206,531,41
FL17-2,1955,-1.627,53.25154,434,41
FL17-2,1955,-1.61576,53.25132,425,40
FL17-2,1955,-1.60798,53.25107,440,42
FL18-1,1955,-2.44754,53.2413,342,-54
FL18-1,1955,-2.42521,53.24107,345,-44
FL18-1,1955,-2.40423,53.24087,351,-34
FL18-1,1955,-2.38826,53.24061,354,-25
FL18-1,1955,-2.38347,53.24062,354,-23
FL18-1,1955,-2.36534,53.24081,355,-12
FL18-1,1955,-2.34519,53.24074,361,-2
FL18-1,1955,-2.31882,53.24073,378,8
FL18-1,1955,-2.28353,53.24078,382,16
FL18-1,1955,-2.27829,53.24088,385,19
FL18-1,1955,-2.22262,53.24154,405,21
FL18-1,1955,-2.2,53.2418,432,21
FL18-1,1955,-2.17708,53.24206,456,18
FL18-1,1955,-2.13729,53.24139,460,13
FL18-1,1955,-2.11833,53.24101,455,9
FL18-1,1955,-2.08634,53.24086,503,5
FL18-1,1955,-2.07585,53.24095,530,-1
FL18-1,1955,-2.02102,53.24075,646,10
FL18-1,1955,-2.0088,53.24071,647,20
FL18-1,1955,-1.99434,53.24071,801,30
FL18-1,1955,-1.9864,53.24075,768,33
FL18-1,1955,-1.95853,53.2411,756,34
FL18-1,1955,-1.94527,53.24123,721,23
FL18-1,1955,-1.92362,53.24117,670,13
FL18-1,1955,-1.90466,53.24107,652,14
FL18-1,1955,-1.87731,53.24073,613,14
FL18-1,1955,-1.86525,53.2404,617,13
FL18-1,1955,-1.85612,53.24021,624,14
FL18-1,1955,-1.84346,53.23988,618,25
FL18-1,1955,-1.81574,53.23908,666,27
FL18-1,1955,-1.79941,53.23878,665,23
FL18-1,1955,-1.78892,53.23921,623,27
FL18-1,1955,-1.78195,53.23929,600,27
FL18-1,1955,-1.77544,53.23887,590,27
FL18-2,1955,-1.77544,53.23968,583,27
FL18-2,1955,-1.77102,53.23972,574,37
FL18-2,1955,-1.7708,53.23873,581,37
FL18-3,1955,-1.75589,53.24014,513,46
FL18-3,1955,-1.75358,53.23843,516,47
FL18-3,1955,-1.71627,53.23776,492,47
FL18-3,1955,-1.7102,53.2377,472,38
FL18-3,1955,-1.67276,53.23698,466,36
FL18-3,1955,-1.63882,53.23671,453,30
FL19-1,1955,-2.43826,53.22813,345,-54
FL19-1,1955,-2.41362,53.22822,345,-44
FL19-1,1955,-2.39033,53.2282,356,-34
FL19-1,1955,-2.3674,53.22774,359,-24
FL19-1,1955,-2.34666,53.22744,367,-13
FL19-1,1955,-2.32546,53.22719,374,-3
FL19-1,1955,-2.28755,53.22652,385,7
FL19-1,1955,-2.28103,53.22649,385,9
FL19-1,1955,-2.15424,53.22685,465,12
FL19-1,1955,-2.09433,53.22669,522,4
FL19-1,1955,-2.03508,53.22564,601,7
FL19-1,1955,-2.02213,53.22533,612,17
FL19-1,1955,-2.01419,53.22533,634,29
FL19-1,1955,-2.01329,53.22515,638,31
FL19-1,1955,-2.00318,53.22506,689,40
FL19-1,1955,-1.99082,53.22502,750,51
FL19-1,1955,-1.97884,53.22479,760,62
FL19-1,1955,-1.95779,53.22443,788,63
FL19-1,1955,-1.94985,53.22429,793,54
FL19-1,1955,-1.94319,53.22424,784,44
FL19-1,1955,-1.93571,53.22415,774,34
FL19-1,1955,-1.92672,53.22405,756,24
FL19-1,1955,-1.89212,53.2234,712,14
FL19-1,1955,-1.8713,53.2232,656,13
FL19-1,1955,-1.83692,53.22468,658,15
FL19-1,1955,-1.81288,53.22532,679,20
FL19-1,1955,-1.7827,53.22392,658,27
FL19-1,1955,-1.7711,53.22359,655,38
FL19-1,1955,-1.73405,53.2228,480,26
FL19-1,1955,-1.73315,53.2227,478,25
FL19-1,1955,-1.72222,53.22255,463,26
FL19-1,1955,-1.71031,53.22261,447,35
FL19-1,1955,-1.69376,53.22252,446,36
FL19-1,1955,-1.69069,53.22238,452,46
FL19-1,1955,-1.68755,53.22241,459,57
FL19-1,1955,-1.68328,53.22249,467,68
FL19-1,1955,-1.67235,53.22215,522,76
FL19-1,1955,-1.66831,53.22191,548,79
FL19-1,1955,-1.65887,53.22179,561,90
FL19-1,1955,-1.65063,53.2215,542,90
FL19-1,1955,-1.64517,53.22131,517,81
FL19-1,1955,-1.63925,53.22115,481,70
FL19-1,1955,-1.62817,53.22085,454,60
FL19-1,1955,-1.62637,53.22089,454,59
FL19-1,1955,-1.61746,53.22108,458,50
FL19-1,1955,-1.60645,53.22109,495,42
FL20-1,1955,-2.447,53.21182,345,-66
FL20-1,1955,-2.42335,53.21155,345,-56
FL20-1,1955,-2.3919,53.21233,355,-45
FL20-1,1955,-2.36854,53.21268,365,-35
FL20-1,1955,-2.36278,53.21279,365,-32
FL20-1,1955,-2.34384,53.21248,371,-25
FL20-1,1955,-2.31995,53.21196,384,-14
FL20-1,1955,-2.30221,53.21183,384,-4
FL20-1,1955,-2.29375,53.21212,384,-3
FL20-1,1955,-2.21447,53.21373,420,6
FL20-1,1955,-2.1336,53.21258,463,1
FL20-1,1955,-2.13008,53.21259,465,0
FL20-1,1955,-2.09602,53.21244,628,-5
FL20-1,1955,-2.05911,53.21188,616,-4
FL20-1,1955,-2.04832,53.21202,591,-2
FL20-1,1955,-2.02833,53.21185,628,7
FL20-1,1955,-2.01187,53.2118,704,20
FL20-1,1955,-1.99742,53.21185,680,29
FL20-1,1955,-1.97016,53.21166,748,39
FL20-1,1955,-1.9477,53.21148,769,33
FL20-1,1955,-1.93886,53.21134,754,22
FL20-1,1955,-1.92495,53.21124,730,13
FL20-1,1955,-1.90248,53.21095,711,7
FL20-1,1955,-1.87628,53.21076,683,3
FL20-1,1955,-1.84911,53.21068,683,4
FL20-1,1955,-1.83301,53.21035,697,15
FL20-1,1955,-1.8089,53.20964,637,25
FL20-1,1955,-1.80067,53.20953,610,26
FL20-1,1955,-1.77394,53.20944,600,36
FL20-1,1955,-1.72791,53.21006,600,28
FL20-1,1955,-1.71534,53.20927,574,27
FL20-1,1955,-1.70972,53.20916,562,37
FL20-1,1955,-1.68331,53.20901,476,37
FL20-1,1955,-1.67881,53.20908,461,47
FL20-1,1955,-1.67252,53.20889,449,56
FL20-1,1955,-1.66279,53.2089,439,67
FL20-1,1955,-1.6577,53.20893,450,77
FL20-1,1955,-1.65366,53.20884,458,88
FL20-1,1955,-1.65014,53.20882,465,98
FL20-1,1955,-1.63921,53.20884,458,99
FL20-1,1955,-1.63471,53.20887,455,88
FL20-1,1955,-1.62858,53.20858,443,78
CL-4-1,1958,-2.59875,53.20851,379,-80
CL-4-1,1958,-2.60285,53.25811,329,-72
CL-4-1,1958,-2.60109,53.4155,320,-39
CL-4-1,1958,-2.60139,53.41865,321,-39
CL-4-1,1958,-2.60209,53.42219,321,-37
CL-4-1,1958,-2.60305,53.42938,322,-35
CL-4-1,1958,-2.60271,53.43015,323,-37
CL-4-1,1958,-2.60329,53.43471,328,-35
CL-4-1,1958,-2.60174,53.45434,335,-26
CL-4-1,1958,-2.60172,53.45719,336,-26
CL-4-1,1958,-2.60121,53.46379,338,-25
CL-4-1,1958,-2.60142,53.46994,343,-13
CL-4-1,1958,-2.60129,53.47397,346,-15
CL-4-1,1958,-2.6011,53.47856,346,-6
CL-4-1,1958,-2.60121,53.48078,347,-16
CL-4-1,1958,-2.60094,53.48848,342,-6
CL-4-1,1958,-2.60119,53.49102,341,-1
CL-4-1,1958,-2.60173,53.49532,340,-1
CL-4-1,1958,-2.60247,53.50169,338,11
CL-4-1,1958,-2.60264,53.50439,337,7
CL-4-1,1958,-2.60327,53.51104,336,13
CL-4-1,1958,-2.60333,53.51352,338,17
CL-4-1,1958,-2.60475,53.5274,348,23
CL-4-1,1958,-2.60428,53.54835,383,33
CL-4-1,1958,-2.60397,53.55115,384,33
CL-4-1,1958,-2.60408,53.55809,392,32
CL-4-1,1958,-2.60359,53.56708,420,24
CL-4-1,1958,-2.6033,53.57543,442,14
CL-4-1,1958,-2.60308,53.58283,443,4
CL-4-1,1958,-2.60312,53.5893,429,-6
CL-4-1,1958,-2.60302,53.595,426,-16
CL-4-1,1958,-2.60329,53.60137,416,-27
CL-4-1,1958,-2.60421,53.61186,404,-37
CL-4-1,1958,-2.6043,53.61495,411,-47
CL-4-1,1958,-2.60435,53.61803,414,-50
CL-4-1,1958,-2.60486,53.62456,416,-57
CL-4-1,1958,-2.60508,53.63525,413,-67
CL-4-1,1958,-2.60545,53.65063,433,-77
CL-4-1,1958,-2.60582,53.66008,429,-82
CL-4-1,1958,-2.60634,53.66783,419,-90
CL-4-1,1958,-2.60632,53.68394,567,-83
CL-4-1,1958,-2.60649,53.68526,570,-85
CL-4-1,1958,-2.60599,53.6929,560,-87
CL-4-1,1958,-2.60495,53.7098,513,-90
CL-4-1,1958,-2.60692,53.79562,355,-81
CL-4-1,1958,-2.60765,53.83249,417,-73
CL-4-1,1958,-2.60801,53.83794,415,-73
CL-4-1,1958,-2.60839,53.84294,415,-71
CL-4-1,1958,-2.61039,53.98036,529,-39
CL-4-1,1958,-2.6109,54.03486,740,-35
CL-4-1,1958,-2.61152,54.05111,564,-36
CL-4-1,1958,-2.61334,54.12376,389,-47
CL-4-1,1958,-2.61324,54.12457,390,-47
CL-4-1,1958,-2.61362,54.15921,337,-47
CL-4-1,1958,-2.61322,54.19804,406,-36
CL-5-1,1958,-1.85095,53.49854,692,100
CL-5-1,1958,-1.851,53.50542,695,90
CL-5-1,1958,-1.85092,53.50739,695,89
CL-5-1,1958,-1.85083,53.53391,750,80
CL-5-1,1958,-1.85074,53.53625,725,78
CL-5-1,1958,-1.85074,53.53773,717,70
CL-5-1,1958,-1.8506,53.55463,658,58
CL-5-1,1958,-1.85064,53.56469,664,48
CL-5-1,1958,-1.8506,53.57723,611,37
CL-5-1,1958,-1.85041,53.58752,524,25
CL-5-1,1958,-1.8504,53.58995,511,21
CL-5-1,1958,-1.85039,53.59364,514,22
CL-5-1,1958,-1.85046,53.59481,518,14
CL-5-1,1958,-1.85031,53.5953,519,11
CL-5-1,1958,-1.84948,53.61615,542,0
CL-5-1,1958,-1.84921,53.62622,529,-6
CL-5-1,1958,-1.84912,53.63242,482,-9
CL-5-1,1958,-1.84894,53.63939,499,-15
CL-5-1,1958,-1.84877,53.64307,542,-10
CL-5-1,1958,-1.84885,53.64356,548,-10
CL-5-1,1958,-1.84891,53.6459,566,-15
CL-5-1,1958,-1.84913,53.64819,568,-20
CL-5-1,1958,-1.84897,53.65017,568,-15
CL-5-1,1958,-1.84904,53.65264,570,5
CL-5-1,1958,-1.84896,53.65358,570,7
CL-5-1,1958,-1.84896,53.65453,569,5
CL-5-1,1958,-1.84909,53.66073,560,-14
CL-5-1,1958,-1.84922,53.66756,544,-11
CL-5-1,1958,-1.84871,53.68028,422,-11
CL-5-1,1958,-1.84848,53.68594,389,-10
CL-5-1,1958,-1.84839,53.68976,369,-16
CL-5-1,1958,-1.84837,53.69606,385,-10
CL-5-1,1958,-1.84843,53.6983,390,-6
CL-5-1,1958,-1.84899,53.71197,486,-1
CL-5-1,1958,-1.84904,53.71867,508,3
CL-5-1,1958,-1.84927,53.73785,462,1
CL-5-1,1958,-1.84983,53.76527,633,13
CL-5-1,1958,-1.84983,53.77296,617,11
CL-5-1,1958,-1.84703,53.81339,549,12
CL-5-1,1958,-1.84972,53.8531,441,17
CL-5-1,1958,-1.84987,53.85859,418,20
CL-5-1,1958,-1.84823,53.89164,589,24
CL-5-1,1958,-1.84911,53.92774,436,20
CL-5-1,1958,-1.8496,53.93105,422,17
CL-5-1,1958,-1.85095,54.02714,688,22
CL-5-1,1958,-1.85399,54.06766,688,41
CL-5-1,1958,-1.85053,54.07913,682,51
CL-5-1,1958,-1.84553,54.10761,708,57
CL-5-1,1958,-1.84767,54.14649,556,40
CL-5-1,1958,-1.8481,54.14892,542,37
CL-5-1,1958,-1.84856,54.15748,522,27
CL-5-1,1958,-1.84882,54.16541,600,18
CL-5-1,1958,-1.84905,54.17171,607,8
CL-5-1,1958,-1.84912,54.17729,613,-2
CL-5-1,1958,-1.84933,54.18405,635,-11
CL-5-1,1958,-1.84937,54.18902,670,-21
CL-5-1,1958,-1.84894,54.19875,729,-33
TL-9-1,1958,-3.19713,53.20216,489,-53
TL-9-1,1958,-3.19766,53.2214,564,-52
TL-9-1,1958,-3.19716,53.24535,496,-50
TL-9-1,1958,-3.19671,53.26126,453,-45
TL-9-1,1958,-3.1984,53.26939,405,-47
FL-40-1,1958,-3.13314,53.20313,412,-49
FL-40-1,1958,-3.05747,53.20211,359,-40
FL-40-1,1958,-3.02491,53.20245,319,-31
FL-40-1,1958,-3.00981,53.2027,305,-22
FL-40-1,1958,-3.00253,53.2028,305,-26
FL-40-1,1958,-2.98324,53.20325,305,-23
FL-40-1,1958,-2.91367,53.20625,323,-21
FL-40-1,1958,-2.89122,53.20663,335,-24
FL-40-1,1958,-2.87647,53.20648,341,-21
FL-40-1,1958,-2.80421,53.20612,329,-29
FL-40-1,1958,-2.79335,53.20613,327,-28
FL-40-1,1958,-2.71186,53.20642,385,-50
FL-40-1,1958,-2.68253,53.2067,421,-59
FL-40-1,1958,-2.6473,53.20734,388,-70
FL-40-1,1958,-2.60325,53.20786,382,-80
FL-40-1,1958,-2.5386,53.20732,341,-85
FL-40-1,1958,-2.52673,53.20751,335,-81
FL-40-1,1958,-2.52159,53.20759,335,-71
FL-40-1,1958,-2.51973,53.20764,335,-61
FL-40-1,1958,-2.51792,53.2077,335,-71
FL-40-1,1958,-2.51648,53.20772,336,-79
FL-40-1,1958,-2.51253,53.20782,339,-75
FL-40-1,1958,-2.50576,53.20796,343,-80
FL-40-1,1958,-2.46935,53.20797,349,-71
FL-41-1,1958,-3.088,53.22218,346,-41
FL-41-1,1958,-3.07481,53.22256,331,-39
FL-41-1,1958,-3.07105,53.2226,328,-31
FL-41-1,1958,-3.0669,53.22274,325,-27
FL-41-1,1958,-3.06192,53.22269,323,-31
FL-41-1,1958,-3.05512,53.22291,317,-37
FL-41-1,1958,-3.04823,53.223,311,-32
FL-41-1,1958,-3.04531,53.22304,308,-22
FL-41-1,1958,-3.03845,53.22313,305,28
FL-41-1,1958,-3.03547,53.22311,305,22
FL-41-1,1958,-3.03197,53.22335,305,18
FL-41-1,1958,-3.03057,53.2232,305,15
FL-41-1,1958,-3.02336,53.22314,305,-22
FL-41-1,1958,-3.02076,53.2232,305,-27
FL-41-1,1958,-3.01033,53.22305,306,-32
FL-41-1,1958,-3.00212,53.2231,308,-21
FL-41-1,1958,-2.99737,53.22297,310,-23
FL-41-1,1958,-2.99201,53.22299,312,-18
FL-41-1,1958,-2.98783,53.22299,313,-24
FL-41-1,1958,-2.9797,53.22288,316,-25
FL-41-1,1958,-2.90263,53.2239,333,-17
FL-41-1,1958,-2.88748,53.2236,335,-20
FL-41-1,1958,-2.88177,53.2235,341,-18
FL-41-1,1958,-2.86341,53.22371,340,-21
FL-41-1,1958,-2.85124,53.2238,333,-25
FL-41-1,1958,-2.81958,53.22401,320,-25
FL-41-1,1958,-2.79225,53.22454,326,-31
FL-41-1,1958,-2.74109,53.22485,345,-41
FL-41-1,1958,-2.71636,53.22501,380,-50
FL-41-1,1958,-2.67937,53.22476,389,-60
FL-41-1,1958,-2.67099,53.2248,386,-63
FL-41-1,1958,-2.64222,53.22513,385,-70
FL-41-1,1958,-2.57401,53.22615,364,-82
FL-41-1,1958,-2.55484,53.22622,351,-81
FL-41-1,1958,-2.48751,53.22633,339,-71
FL-41-1,1958,-2.46031,53.22685,334,-62
FL-42-1,1958,-3.17013,53.23633,423,-50
FL-42-1,1958,-3.09083,53.23993,316,-42
FL-42-1,1958,-3.08534,53.24017,315,-41
FL-42-1,1958,-3.07896,53.24038,315,-42
FL-42-1,1958,-3.06265,53.2409,315,-51
FL-42-1,1958,-3.05424,53.24088,313,-52
FL-42-1,1958,-3.04399,53.24089,306,-56
FL-42-1,1958,-3.03987,53.24086,305,-52
FL-42-1,1958,-3.02808,53.2406,305,-42
FL-42-1,1958,-3.00544,53.24023,312,-32
FL-42-1,1958,-2.986,53.23987,327,-32
FL-42-1,1958,-2.95491,53.24034,344,-21
FL-42-1,1958,-2.91915,53.24059,338,-15
FL-42-1,1958,-2.88253,53.24083,333,-20
FL-42-1,1958,-2.87642,53.241,330,-16
FL-42-1,1958,-2.87247,53.24107,329,-18
FL-42-1,1958,-2.8452,53.2415,315,-22
FL-42-1,1958,-2.78787,53.24205,330,-32
FL-42-1,1958,-2.70287,53.24258,396,-50
FL-42-1,1958,-2.66451,53.24303,382,-61
FL-42-1,1958,-2.62042,53.24224,368,-71
FL-42-1,1958,-2.59291,53.24295,362,-78
FL-42-1,1958,-2.56282,53.24334,356,-77
FL-42-1,1958,-2.52388,53.24336,336,-72
FL-42-1,1958,-2.48671,53.24337,331,-62
FL-42-1,1958,-2.48094,53.24343,333,-60
FL-42-1,1958,-2.47092,53.24367,335,-59
FL-43-1,1958,-3.16344,53.25699,372,-42
FL-43-1,1958,-3.15047,53.25644,329,-44
FL-43-1,1958,-3.13761,53.25588,316,-52
FL-43-1,1958,-3.13651,53.25569,316,-53
FL-43-1,1958,-3.13459,53.25579,315,-52
FL-43-1,1958,-3.13211,53.25551,315,-58
FL-43-1,1958,-3.08762,53.25588,315,-42
FL-43-1,1958,-2.97693,53.25706,345,-23
FL-43-1,1958,-2.97636,53.25702,345,-23
FL-43-1,1958,-2.96686,53.25728,345,-22
FL-43-1,1958,-2.9643,53.25739,345,-21
FL-43-1,1958,-2.95762,53.25769,345,-12
FL-43-1,1958,-2.95312,53.25784,345,-1
FL-43-1,1958,-2.94969,53.25786,345,3
FL-43-1,1958,-2.94561,53.25797,345,-2
FL-43-1,1958,-2.93574,53.25837,345,-11
FL-43-1,1958,-2.89759,53.26009,335,-2
FL-43-1,1958,-2.894,53.26023,335,-1
FL-43-1,1958,-2.88107,53.2608,327,-1
FL-43-1,1958,-2.87635,53.26113,324,-2
FL-43-1,1958,-2.87087,53.26141,320,-3
FL-43-1,1958,-2.86779,53.26124,318,-2
FL-43-1,1958,-2.85921,53.2612,315,8
FL-43-1,1958,-2.85275,53.26113,315,15
FL-43-1,1958,-2.84816,53.26118,315,12
FL-43-1,1958,-2.84351,53.26117,317,11
FL-43-1,1958,-2.83774,53.26115,320,8
FL-43-1,1958,-2.83348,53.2611,321,-2
FL-43-1,1958,-2.82846,53.26111,321,-12
FL-43-1,1958,-2.825,53.26107,321,-17
FL-43-1,1958,-2.81512,53.26105,321,-22
FL-43-1,1958,-2.81356,53.26108,321,-22
FL-43-1,1958,-2.74171,53.26052,392,-41
FL-43-1,1958,-2.72001,53.26043,430,-45
FL-43-1,1958,-2.70997,53.26048,442,-45
FL-43-1,1958,-2.644,53.26209,335,-62
FL-43-1,1958,-2.59903,53.26169,331,-72
FL-43-1,1958,-2.59023,53.26159,336,-73
FL-43-1,1958,-2.57628,53.26139,341,-72
FL-43-1,1958,-2.57024,53.26143,343,-71
FL-43-1,1958,-2.56646,53.26116,344,-72
FL-43-1,1958,-2.56139,53.26122,345,-75
FL-43-1,1958,-2.54944,53.26115,345,-72
FL-43-1,1958,-2.54637,53.26118,342,-62
FL-43-1,1958,-2.54011,53.26112,334,-52
FL-43-1,1958,-2.53823,53.26109,331,-50
FL-43-1,1958,-2.53579,53.26115,328,-52
FL-43-1,1958,-2.53084,53.26112,327,-59
FL-43-1,1958,-2.5291,53.2611,328,-60
FL-43-1,1958,-2.52441,53.26123,330,-62
FL-43-1,1958,-2.51887,53.26139,334,-65
FL-43-1,1958,-2.51486,53.2615,333,-62
FL-43-1,1958,-2.51359,53.26158,333,-60
FL-43-1,1958,-2.5086,53.26186,332,-62
FL-43-1,1958,-2.50377,53.26198,330,-59
FL-43-1,1958,-2.49897,53.26224,329,-62
FL-43-1,1958,-2.49374,53.2625,327,-55
FL-43-1,1958,-2.48874,53.26271,325,-62
FL-43-1,1958,-2.48597,53.26284,327,-65
FL-43-1,1958,-2.48353,53.26298,328,-62
FL-43-1,1958,-2.47956,53.26311,331,-52
FL-43-1,1958,-2.47775,53.26321,332,-42
FL-43-1,1958,-2.47608,53.2633,333,-32
FL-43-1,1958,-2.47478,53.2633,334,-28
FL-43-1,1958,-2.47362,53.26339,335,-32
FL-43-1,1958,-2.47169,53.26348,335,-42
FL-43-1,1958,-2.46967,53.26353,335,-52
FL-43-1,1958,-2.46741,53.26374,335,-54
FL-44-1,1958,-3.18176,53.27311,343,-42
FL-44-1,1958,-3.17753,53.27334,335,-40
FL-44-1,1958,-3.17461,53.27334,332,-42
FL-44-1,1958,-3.16644,53.27346,318,-45
FL-44-1,1958,-3.13656,53.27395,315,-44
FL-44-1,1958,-3.12476,53.27414,315,-44
FL-44-1,1958,-3.12104,53.27415,315,-46
FL-44-1,1958,-3.09147,53.27459,315,-43
FL-44-1,1958,-3.08263,53.27473,315,9
FL-44-1,1958,-3.03826,53.27533,359,-38
FL-44-1,1958,-3.01633,53.27549,356,-32
FL-44-1,1958,-2.97783,53.27596,343,-22
FL-44-1,1958,-2.97698,53.27637,343,-22
FL-44-1,1958,-2.97019,53.27639,341,-20
FL-44-1,1958,-2.95512,53.2764,345,-18
FL-44-1,1958,-2.95302,53.27636,345,-16
FL-44-1,1958,-2.94948,53.27638,345,-12
FL-44-1,1958,-2.94302,53.27639,345,-2
FL-44-1,1958,-2.93102,53.27638,343,8
FL-44-1,1958,-2.9136,53.27673,334,8
FL-44-1,1958,-2.89568,53.27696,322,18
FL-44-1,1958,-2.89123,53.27707,320,28
FL-44-1,1958,-2.88779,53.27712,319,35
FL-44-1,1958,-2.88227,53.2771,316,30
FL-44-1,1958,-2.87938,53.27706,315,37
FL-44-1,1958,-2.87833,53.27697,315,38
FL-44-1,1958,-2.87708,53.27704,315,37
FL-44-1,1958,-2.87556,53.27694,315,27
FL-44-1,1958,-2.87454,53.2769,315,17
FL-44-1,1958,-2.8728,53.27687,315,9
FL-44-1,1958,-2.86834,53.27673,315,17
FL-44-1,1958,-2.86492,53.27659,315,22
FL-44-1,1958,-2.86314,53.27661,315,17
FL-44-1,1958,-2.86129,53.27663,315,7
FL-44-1,1958,-2.85934,53.2765,315,-3
FL-44-1,1958,-2.85737,53.27656,315,-13
FL-44-1,1958,-2.85312,53.27658,315,-22
FL-44-1,1958,-2.84454,53.27668,318,-19
FL-44-1,1958,-2.84274,53.27671,319,-13
FL-44-1,1958,-2.83935,53.27674,321,-3
FL-44-1,1958,-2.83346,53.27683,325,-12
FL-44-1,1958,-2.8293,53.27683,325,-22
FL-44-1,1958,-2.81813,53.27695,325,-27
FL-44-1,1958,-2.81486,53.27697,322,-22
FL-44-1,1958,-2.81296,53.27696,321,-12
FL-44-1,1958,-2.81159,53.27693,320,-2
FL-44-1,1958,-2.81008,53.27707,319,3
FL-44-1,1958,-2.80771,53.27691,318,-3
FL-44-1,1958,-2.80574,53.27698,316,-13
FL-44-1,1958,-2.80318,53.27702,315,-23
FL-44-1,1958,-2.80133,53.27703,314,-29
FL-44-1,1958,-2.7763,53.27741,311,-33
FL-44-1,1958,-2.75695,53.27727,336,-34
FL-44-1,1958,-2.72409,53.27671,423,-40
FL-44-1,1958,-2.67877,53.27713,354,-52
FL-44-1,1958,-2.65787,53.27764,330,-55
FL-44-1,1958,-2.65285,53.27774,325,-58
FL-44-1,1958,-2.63493,53.27811,324,-63
FL-44-1,1958,-2.61011,53.27835,344,-68
FL-44-1,1958,-2.59979,53.27844,331,-67
FL-44-1,1958,-2.54397,53.27851,346,-72
FL-44-1,1958,-2.53308,53.27846,335,-74
FL-44-1,1958,-2.52798,53.27851,335,-72
FL-44-1,1958,-2.50627,53.2787,335,-62
FL-44-1,1958,-2.48514,53.27904,340,-52
FL-44-1,1958,-2.46156,53.27913,345,-42
FL-45-1,1958,-3.19476,53.29205,315,-44
FL-45-1,1958,-3.19092,53.29205,315,-43
FL-45-1,1958,-3.18151,53.29205,315,-41
FL-45-1,1958,-3.16787,53.29204,315,-40
FL-45-1,1958,-3.07427,53.29205,318,-43
FL-45-1,1958,-3.06319,53.29244,333,-40
FL-45-1,1958,-3.05841,53.2926,339,-39
FL-45-1,1958,-3.05633,53.29271,340,-40
FL-45-1,1958,-3.00537,53.295,350,-32
FL-45-1,1958,-2.99286,53.29546,345,-29
FL-45-1,1958,-2.98283,53.29552,338,-31
FL-45-1,1958,-2.93037,53.29629,329,-3
FL-45-1,1958,-2.92131,53.29636,324,7
FL-45-1,1958,-2.91507,53.29647,321,17
FL-45-1,1958,-2.91031,53.29651,319,20
FL-45-1,1958,-2.9042,53.29641,316,12
FL-45-1,1958,-2.90036,53.29628,313,15
FL-45-1,1958,-2.89748,53.29612,312,13
FL-45-1,1958,-2.88803,53.29563,308,16
FL-45-1,1958,-2.83291,53.29437,305,-13
FL-45-1,1958,-2.79101,53.29476,306,-23
FL-45-1,1958,-2.72539,53.29725,318,-33
FL-45-1,1958,-2.6912,53.29711,335,-43
FL-45-1,1958,-2.65289,53.29656,357,-52
FL-45-1,1958,-2.5879,53.29847,351,-62
FL-45-1,1958,-2.53627,53.29844,355,-62
FL-45-1,1958,-2.50183,53.29946,368,-52
FL-45-1,1958,-2.45514,53.30106,352,-33
FL-46-3,1958,-3.08899,53.31138,339,-43
FL-46-3,1958,-3.08891,53.31149,339,-43
FL-46-3,1958,-3.00248,53.31379,335,-33
FL-46-3,1958,-3.00201,53.31415,335,-33
FL-46-3,1958,-2.98125,53.31342,335,-29
FL-46-3,1958,-2.98101,53.3134,335,-29
FL-46-3,1958,-2.97823,53.31323,335,-30
FL-46-3,1958,-2.97774,53.31371,335,-30
FL-46-3,1958,-2.96575,53.31316,335,-26
FL-46-3,1958,-2.96543,53.31295,335,-26
FL-46-3,1958,-2.94772,53.31187,327,-23
FL-46-3,1958,-2.94739,53.31178,327,-23
FL-46-3,1958,-2.94432,53.31149,325,-21
FL-46-3,1958,-2.94289,53.3114,324,-13
FL-46-3,1958,-2.94269,53.31142,323,-13
FL-46-3,1958,-2.94129,53.31117,322,-3
FL-46-3,1958,-2.93826,53.31097,319,8
FL-46-3,1958,-2.93477,53.31101,316,-3
FL-46-3,1958,-2.92876,53.3111,308,-13
FL-46-3,1958,-2.92859,53.31089,308,-13
FL-46-3,1958,-2.91146,53.31147,305,-3
FL-46-3,1958,-2.91118,53.31133,305,-3
FL-46-3,1958,-2.89543,53.31192,305,-3
FL-46-3,1958,-2.89526,53.3116,305,-3
FL-46-3,1958,-2.88725,53.31179,305,5
FL-46-3,1958,-2.8871,53.3121,305,5
FL-46-3,1958,-2.86287,53.31248,305,-3
FL-46-3,1958,-2.86256,53.31261,305,-3
FL-46-3,1958,-2.83398,53.31308,305,-14
FL-46-3,1958,-2.83385,53.31323,305,-14
FL-46-3,1958,-2.82084,53.31355,305,-18
FL-46-3,1958,-2.82081,53.31332,305,-18
FL-46-3,1958,-2.78554,53.31407,305,-22
FL-46-3,1958,-2.78548,53.31432,305,-22
FL-46-3,1958,-2.77409,53.31451,305,-14
FL-46-3,1958,-2.774,53.31433,305,-14
FL-46-3,1958,-2.741,53.31521,339,-13
FL-46-3,1958,-2.74091,53.31511,338,-13
FL-46-3,1958,-2.72954,53.31494,341,-23
FL-46-3,1958,-2.72918,53.31493,341,-23
FL-46-3,1958,-2.71251,53.31477,335,-33
FL-46-3,1958,-2.71238,53.31485,335,-33
FL-46-3,1958,-2.67691,53.31421,357,-43
FL-46-3,1958,-2.63414,53.31503,359,-53
FL-46-3,1958,-2.63394,53.31495,359,-53
FL-46-3,1958,-2.5901,53.31555,365,-59
FL-46-3,1958,-2.58999,53.3154,365,-59
FL-46-3,1958,-2.54702,53.31416,382,-61
FL-46-3,1958,-2.54698,53.31443,382,-61
FL-46-3,1958,-2.47569,53.31556,360,-43
FL-46-3,1958,-2.47564,53.3158,360,-43
FL-46-3,1958,-2.45836,53.31569,350,-33
FL-46-3,1958,-2.45792,53.31575,350,-33
FL-47-1,1958,-3.09245,53.33068,378,-39
FL-47-1,1958,-3.08119,53.33065,365,-42
FL-47-1,1958,-3.05997,53.33094,349,-36
FL-47-1,1958,-3.03128,53.33156,346,-37
FL-47-1,1958,-3.0209,53.33175,343,-34
FL-47-1,1958,-2.99821,53.33189,335,-39
FL-47-1,1958,-2.98394,53.3319,335,-37
FL-47-1,1958,-2.94238,53.33188,307,-34
FL-47-1,1958,-2.90035,53.33172,305,-24
FL-47-1,1958,-2.85699,53.33167,320,-21
FL-47-1,1958,-2.83778,53.33205,325,-21
FL-47-1,1958,-2.8247,53.33224,319,-20
FL-47-1,1958,-2.73232,53.33171,357,-23
FL-47-1,1958,-2.70145,53.33215,360,-33
FL-47-1,1958,-2.67236,53.33237,361,-39
FL-47-1,1958,-2.66744,53.33239,357,-39
FL-47-1,1958,-2.66121,53.33262,345,-43
FL-47-1,1958,-2.61516,53.33347,370,-53
FL-47-1,1958,-2.55484,53.33349,377,-60
FL-47-1,1958,-2.50538,53.33217,355,-53
FL-47-1,1958,-2.47747,53.33241,355,-43
FL-47-1,1958,-2.45608,53.33328,355,-33
FL-48-1,1958,-3.18407,53.34669,305,-34
FL-48-1,1958,-3.05739,53.3483,351,-41
FL-48-1,1958,-3.0371,53.34843,361,-41
FL-48-1,1958,-3.02846,53.34835,362,-40
FL-48-1,1958,-3.00627,53.34829,336,-44
FL-48-1,1958,-2.79129,53.34992,315,-26
FL-48-1,1958,-2.73385,53.35067,310,-26
FL-48-1,1958,-2.67234,53.35081,315,-36
FL-48-1,1958,-2.53733,53.35159,363,-59
FL-48-1,1958,-2.52861,53.3514,365,-53
FL-48-1,1958,-2.52275,53.35102,365,-55
FL-48-1,1958,-2.50675,53.35134,365,-53
FL-48-1,1958,-2.47504,53.3517,365,-43
FL-49-1,1958,-3.19555,53.36498,305,-35
FL-49-1,1958,-3.18878,53.36525,308,-37
FL-49-1,1958,-3.18555,53.3654,309,-34
FL-49-1,1958,-3.17996,53.36546,312,-32
FL-49-1,1958,-3.17342,53.36571,320,-33
FL-49-1,1958,-3.16463,53.36597,330,-32
FL-49-1,1958,-3.1496,53.36559,336,-34
FL-49-1,1958,-3.14008,53.36532,339,-36
FL-49-1,1958,-3.1165,53.3648,357,-33
FL-49-1,1958,-3.09423,53.36564,355,-40
FL-49-1,1958,-3.05929,53.36649,332,-34
FL-49-1,1958,-2.9629,53.36609,305,-35
FL-49-1,1958,-2.91004,53.36688,330,-24
FL-49-1,1958,-2.89774,53.36752,339,-22
FL-49-1,1958,-2.88177,53.36825,355,-27
FL-49-1,1958,-2.87724,53.36849,356,-24
FL-49-1,1958,-2.85598,53.36888,347,-19
FL-49-1,1958,-2.84828,53.36896,342,-22
FL-49-1,1958,-2.79546,53.36881,315,-17
FL-49-1,1958,-2.77576,53.36864,320,-17
FL-49-1,1958,-2.73289,53.36872,320,-24
FL-49-1,1958,-2.68481,53.36954,321,-30
FL-49-1,1958,-2.67598,53.36955,317,-30
FL-49-1,1958,-2.66512,53.36966,313,-35
FL-49-1,1958,-2.62915,53.3692,310,-35
FL-49-1,1958,-2.56837,53.36962,335,-54
FL-49-1,1958,-2.56013,53.36962,335,-57
FL-49-1,1958,-2.54247,53.3698,335,-55
FL-49-1,1958,-2.51669,53.36966,334,-56
FL-49-1,1958,-2.50903,53.36982,331,-54
FL-49-1,1958,-2.48004,53.37008,340,-44
FL-50-1,1958,-3.19254,53.38321,308,-38
FL-50-1,1958,-3.13818,53.38418,324,-35
FL-50-1,1958,-2.92906,53.3868,341,-24
FL-50-1,1958,-2.81094,53.38606,318,-23
FL-50-1,1958,-2.79199,53.38631,325,-17
FL-50-1,1958,-2.78013,53.3865,329,-20
FL-50-1,1958,-2.7362,53.38716,347,-20
FL-50-1,1958,-2.72924,53.38714,350,-24
FL-50-1,1958,-2.71945,53.38724,343,-21
FL-50-1,1958,-2.69853,53.38725,330,-25
FL-50-1,1958,-2.64251,53.38719,315,-35
FL-50-1,1958,-2.62335,53.38713,315,-45
FL-50-1,1958,-2.61305,53.38712,315,-55
FL-50-1,1958,-2.61071,53.38705,315,-59
FL-50-1,1958,-2.60826,53.38714,316,-45
FL-50-1,1958,-2.60773,53.38707,317,-35
FL-50-1,1958,-2.60514,53.38708,318,22
FL-50-1,1958,-2.6026,53.38701,320,-15
FL-50-1,1958,-2.59954,53.38713,322,-15
FL-50-1,1958,-2.5977,53.38707,323,-12
FL-50-1,1958,-2.59113,53.38698,325,-27
FL-50-1,1958,-2.58758,53.38698,325,-38
FL-50-1,1958,-2.58362,53.38697,325,-39
FL-50-1,1958,-2.58131,53.38697,325,-41
FL-50-1,1958,-2.57968,53.38703,325,-41
FL-50-1,1958,-2.57598,53.38699,325,-37
FL-50-1,1958,-2.57115,53.38692,325,-41
FL-50-1,1958,-2.56592,53.38704,325,-45
FL-50-1,1958,-2.56391,53.38707,325,-48
FL-50-1,1958,-2.55908,53.38708,325,-48
FL-50-1,1958,-2.55365,53.38726,325,-55
FL-50-1,1958,-2.54815,53.38727,325,-58
FL-50-1,1958,-2.5388,53.38744,325,-55
FL-50-1,1958,-2.53735,53.38742,325,-54
FL-50-1,1958,-2.5274,53.38715,325,-52
FL-50-1,1958,-2.52019,53.38689,325,-50
FL-50-1,1958,-2.50625,53.38668,316,-48
FL-50-1,1958,-2.49002,53.38665,315,-45
FL-50-1,1958,-2.46629,53.3868,319,-36
FL-50-1,1958,-2.46178,53.38697,321,-35
FL-50-1,1958,-2.4582,53.38695,322,-33
FL-51-1,1958,-3.18216,53.40144,309,-44
FL-51-1,1958,-3.15456,53.40123,310,-33
FL-51-1,1958,-2.88678,53.40321,350,-28
FL-51-1,1958,-2.87123,53.40318,335,-28
FL-51-1,1958,-2.85945,53.40317,328,-29
FL-51-1,1958,-2.84383,53.40317,327,-25
FL-51-1,1958,-2.84248,53.40316,327,-24
FL-51-1,1958,-2.83349,53.40315,330,-24
FL-51-1,1958,-2.82489,53.40317,332,-15
FL-51-1,1958,-2.82206,53.40307,333,-5
FL-51-1,1958,-2.82124,53.40325,333,-3
FL-51-1,1958,-2.81965,53.40318,334,-5
FL-51-1,1958,-2.81063,53.40309,337,-24
FL-51-1,1958,-2.80621,53.40312,339,-23
FL-51-1,1958,-2.80249,53.40307,341,-25
FL-51-1,1958,-2.79208,53.40299,348,-27
FL-51-1,1958,-2.77034,53.40294,354,-24
FL-51-1,1958,-2.72042,53.40467,356,-21
FL-51-1,1958,-2.70244,53.40549,346,-24
FL-51-1,1958,-2.67022,53.40545,330,-25
FL-51-1,1958,-2.56866,53.40537,324,-48
FL-51-1,1958,-2.55412,53.40568,325,-45
FL-51-1,1958,-2.54685,53.40595,325,-47
FL-51-1,1958,-2.51999,53.40626,325,-45
FL-51-1,1958,-2.47762,53.40637,325,-35
FL-52-1,1958,-3.12244,53.41722,305,-46
FL-52-1,1958,-3.10541,53.41738,312,-48
FL-52-1,1958,-2.84631,53.42047,339,-19
FL-52-1,1958,-2.72789,53.42273,363,-23
FL-52-1,1958,-2.7094,53.42306,355,-20
FL-52-1,1958,-2.70084,53.42308,355,-25
FL-52-1,1958,-2.69478,53.42295,353,-27
FL-52-1,1958,-2.68742,53.42276,350,-25
FL-52-1,1958,-2.68038,53.42273,344,-24
FL-52-1,1958,-2.67068,53.42266,335,-25
FL-52-1,1958,-2.64669,53.42275,325,-30
FL-52-1,1958,-2.63521,53.42289,321,-29
FL-52-1,1958,-2.62577,53.42285,315,-34
FL-52-1,1958,-2.61751,53.42291,315,-34
FL-52-1,1958,-2.61361,53.42288,315,-36
FL-52-1,1958,-2.60983,53.42272,316,-27
FL-52-1,1958,-2.60217,53.42219,321,-37
FL-52-1,1958,-2.58438,53.42191,325,-41
FL-52-1,1958,-2.57076,53.42264,325,-41
FL-52-1,1958,-2.56623,53.42285,325,-42
FL-52-1,1958,-2.54647,53.42328,325,-41
FL-52-1,1958,-2.53286,53.42349,325,-43
FL-52-1,1958,-2.49091,53.42372,325,-34
FL-52-1,1958,-2.45454,53.42395,325,-29
FL-53-1,1958,-3.02402,53.43887,305,-46
FL-53-1,1958,-2.94558,53.43927,336,-38
FL-53-1,1958,-2.90236,53.43928,332,-33
FL-53-1,1958,-2.84292,53.44027,341,-25
FL-53-1,1958,-2.80272,53.4396,362,-21
FL-53-1,1958,-2.77828,53.43988,374,-24
FL-53-1,1958,-2.72202,53.44057,357,-15
FL-53-1,1958,-2.65505,53.44086,335,-23
FL-53-1,1958,-2.64514,53.4409,331,-21
FL-53-1,1958,-2.61127,53.44132,330,-31
FL-53-1,1958,-2.58322,53.44155,335,-35
FL-53-1,1958,-2.54716,53.44152,330,-40
FL-53-1,1958,-2.53999,53.44154,330,-37
FL-53-1,1958,-2.52519,53.44172,330,-41
FL-53-1,1958,-2.48172,53.44256,325,-36
FL-54-1,1958,-3.18442,53.45613,305,-39
FL-54-1,1958,-3.13462,53.45634,305,-41
FL-54-1,1958,-3.08567,53.45726,305,-33
FL-54-1,1958,-3.04738,53.45776,305,-36
FL-54-1,1958,-2.93308,53.45986,326,-41
FL-54-1,1958,-2.88841,53.45891,325,-51
FL-54-1,1958,-2.88078,53.45909,326,-46
FL-54-1,1958,-2.85751,53.45937,340,-43
FL-54-1,1958,-2.84392,53.45959,344,-45
FL-54-1,1958,-2.81805,53.45946,345,-35
FL-54-1,1958,-2.76799,53.45888,347,-25
FL-54-1,1958,-2.7566,53.4588,351,-24
FL-54-1,1958,-2.75274,53.45871,353,-25
FL-54-1,1958,-2.7044,53.45876,355,-13
FL-54-1,1958,-2.69983,53.4589,354,-11
FL-54-1,1958,-2.69302,53.45893,349,-13
FL-54-1,1958,-2.68598,53.45911,345,-13
FL-54-1,1958,-2.66978,53.45932,345,-14
FL-54-1,1958,-2.51898,53.46112,325,-39
FL-54-1,1958,-2.49371,53.46121,325,-36
FL-54-1,1958,-2.47955,53.46132,325,-37
FL-54-1,1958,-2.46773,53.4615,325,-37
FL-54-1,1958,-2.46146,53.46162,325,-36
FL-55-1,1958,-2.89856,53.47584,325,-36
FL-55-1,1958,-2.89241,53.47599,329,-37
FL-55-1,1958,-2.88761,53.47602,332,-36
FL-55-1,1958,-2.88671,53.47586,332,-35
FL-55-1,1958,-2.8172,53.47612,353,-26
FL-55-1,1958,-2.80049,53.4762,350,-23
FL-55-1,1958,-2.78839,53.47627,349,-23
FL-55-1,1958,-2.77433,53.47655,345,-16
FL-55-1,1958,-2.72685,53.47683,350,-6
FL-55-1,1958,-2.724,53.4767,350,-3
FL-55-1,1958,-2.71409,53.47687,351,-3
FL-55-1,1958,-2.69453,53.47693,355,4
FL-55-1,1958,-2.67352,53.47654,355,7
FL-55-1,1958,-2.65385,53.47583,349,4
FL-55-1,1958,-2.62105,53.47457,347,-6
FL-55-1,1958,-2.60156,53.47472,346,-13
FL-55-1,1958,-2.59547,53.47464,344,-11
FL-55-1,1958,-2.58969,53.47476,340,-16
FL-55-1,1958,-2.5549,53.47655,325,-29
FL-55-1,1958,-2.54135,53.4774,325,-28
FL-55-1,1958,-2.4726,53.47776,325,-39
FL-56-1,1958,-3.19922,53.49067,305,-36
FL-56-1,1958,-3.16828,53.49112,305,-37
FL-56-1,1958,-3.14769,53.49124,305,-43
FL-56-1,1958,-3.14029,53.4913,305,-37
FL-56-1,1958,-3.13781,53.49125,305,-35
FL-56-1,1958,-3.13658,53.49141,305,-37
FL-56-1,1958,-3.12606,53.49133,305,-40
FL-56-1,1958,-3.12247,53.49132,305,-39
FL-56-1,1958,-3.10572,53.49148,305,-40
FL-56-1,1958,-3.09858,53.49173,305,-37
FL-56-1,1958,-3.09313,53.49156,305,-34
FL-56-1,1958,-3.07655,53.4919,305,-34
FL-56-1,1958,-3.06014,53.49247,306,-31
FL-56-1,1958,-2.91975,53.49575,323,-43
FL-56-1,1958,-2.89077,53.49483,330,-33
FL-56-1,1958,-2.88472,53.4948,334,-34
FL-56-1,1958,-2.86633,53.49444,336,-32
FL-56-1,1958,-2.85431,53.49413,339,-33
FL-56-1,1958,-2.72692,53.49574,385,5
FL-56-1,1958,-2.7048,53.49563,408,15
FL-56-1,1958,-2.66469,53.49598,383,23
FL-56-1,1958,-2.63316,53.49668,357,20
FL-56-1,1958,-2.62448,53.49693,354,14
FL-56-1,1958,-2.60846,53.49678,345,4
FL-56-1,1958,-2.59028,53.4965,335,-3
FL-56-1,1958,-2.58492,53.49647,335,-4
FL-56-1,1958,-2.5722,53.49632,333,-17
FL-56-1,1958,-2.56369,53.49626,331,-23
FL-56-1,1958,-2.55563,53.49632,331,-27
FL-56-1,1958,-2.53246,53.49636,332,-34
FL-56-1,1958,-2.52401,53.49685,334,-33
FL-56-1,1958,-2.51357,53.49685,335,-44
FL-56-1,1958,-2.50229,53.49689,335,-47
FL-56-1,1958,-2.49674,53.49684,335,-51
FL-56-1,1958,-2.48257,53.49699,335,-47
FL-56-1,1958,-2.47246,53.4969,335,-44
FL-56-1,1958,-2.45441,53.49698,335,-47
FL-56-1,1958,-2.43999,53.49692,335,-44
FL-56-1,1958,-2.4229,53.497,335,-37
FL-56-1,1958,-2.41284,53.497,334,-35
FL-56-1,1958,-2.39997,53.49698,331,-37
FL-56-1,1958,-2.37915,53.49697,333,-28
FL-56-1,1958,-2.36678,53.49695,331,-27
FL-56-1,1958,-2.36162,53.49696,331,-26
FL-56-1,1958,-2.35057,53.49721,331,-17
FL-56-1,1958,-2.33634,53.49746,331,-7
FL-56-1,1958,-2.32216,53.49781,336,3
FL-56-1,1958,-2.30639,53.49796,342,13
FL-56-1,1958,-2.27865,53.49796,339,13
FL-56-1,1958,-2.26802,53.49778,350,22
FL-56-1,1958,-2.1738,53.49681,366,54
FL-56-1,1958,-2.16095,53.49682,366,64
FL-56-1,1958,-2.07447,53.49798,453,76
FL-56-1,1958,-2.04747,53.49784,497,81
FL-56-1,1958,-2.00022,53.49725,616,81
FL-56-1,1958,-1.85955,53.49671,667,99
FL-56-1,1958,-1.82156,53.49702,743,109
FL-56-1,1958,-1.76098,53.49673,797,92
FL-56-1,1958,-1.72058,53.4966,665,89
FL-56-1,1958,-1.68575,53.49804,580,77
FL-56-1,1958,-1.6596,53.49769,578,67
FL-56-1,1958,-1.63932,53.49768,602,57
FL-56-1,1958,-1.6119,53.4967,561,46
FL-57-1,1958,-3.03038,53.51029,315,-47
FL-57-1,1958,-2.997,53.51006,315,-39
FL-57-1,1958,-2.97672,53.51036,315,-47
FL-57-1,1958,-2.96633,53.51049,312,-47
FL-57-1,1958,-2.96227,53.51043,311,-49
FL-57-1,1958,-2.95794,53.51053,310,-47
FL-57-1,1958,-2.93057,53.51121,324,-40
FL-57-1,1958,-2.92166,53.51157,330,-45
FL-57-1,1958,-2.90618,53.51181,337,-43
FL-57-1,1958,-2.84958,53.51164,346,-36
FL-57-1,1958,-2.81424,53.51208,350,-26
FL-57-1,1958,-2.80204,53.51226,350,-24
FL-57-1,1958,-2.78984,53.51235,353,-20
FL-57-1,1958,-2.78471,53.51239,356,-18
FL-57-1,1958,-2.75812,53.5123,370,-6
FL-57-1,1958,-2.7357,53.5126,417,5
FL-57-1,1958,-2.7207,53.51273,433,15
FL-57-1,1958,-2.70536,53.51311,430,25
FL-57-1,1958,-2.6825,53.51419,406,35
FL-57-1,1958,-2.66506,53.51486,374,40
FL-57-1,1958,-2.63757,53.51371,348,34
FL-57-1,1958,-2.63105,53.5134,346,30
FL-57-1,1958,-2.62595,53.51302,344,30
FL-57-1,1958,-2.6168,53.51255,338,24
FL-57-1,1958,-2.61272,53.51219,335,24
FL-57-1,1958,-2.61079,53.51206,335,23
FL-57-1,1958,-2.59172,53.51257,339,3
FL-57-1,1958,-2.58058,53.51309,340,-7
FL-57-1,1958,-2.56821,53.51374,340,-17
FL-57-1,1958,-2.54304,53.51436,347,-27
FL-57-1,1958,-2.52689,53.51432,351,-36
FL-57-1,1958,-2.51828,53.51402,352,-38
FL-57-1,1958,-2.50637,53.51384,351,-44
FL-57-1,1958,-2.48975,53.51375,350,-43
FL-57-1,1958,-2.48077,53.51388,351,-47
FL-57-1,1958,-2.45518,53.51391,350,-41
FL-57-1,1958,-2.41863,53.51392,354,-46
FL-57-1,1958,-2.38882,53.51413,355,-32
FL-57-1,1958,-2.3801,53.51424,356,-31
FL-57-1,1958,-2.37432,53.51427,356,-27
FL-57-1,1958,-2.37079,53.5144,356,-17
FL-57-1,1958,-2.36709,53.51436,356,-15
FL-57-1,1958,-2.36541,53.5145,357,-17
FL-57-1,1958,-2.35888,53.51454,357,-24
FL-57-1,1958,-2.35049,53.51477,358,-17
FL-57-1,1958,-2.34462,53.51467,357,-9
FL-57-1,1958,-2.3368,53.51462,357,-8
FL-57-1,1958,-2.13296,53.51371,411,79
FL-57-1,1958,-2.12975,53.51375,411,81
FL-57-1,1958,-2.12633,53.51373,414,82
FL-57-1,1958,-2.09108,53.51397,449,82
FL-57-1,1958,-2.08032,53.51402,470,75
FL-57-1,1958,-2.07776,53.514,474,72
FL-57-1,1958,-2.04719,53.51406,534,72
FL-57-1,1958,-2.00242,53.51484,683,82
FL-57-1,1958,-1.98835,53.51533,728,88
FL-57-1,1958,-1.96894,53.51614,749,81
FL-57-1,1958,-1.92899,53.51561,814,72
FL-57-1,1958,-1.90277,53.515,787,81
FL-57-1,1958,-1.82713,53.51743,772,91
FL-57-1,1958,-1.81212,53.51718,760,101
FL-57-1,1958,-1.7981,53.51702,750,110
FL-57-1,1958,-1.78762,53.51687,696,118
FL-57-1,1958,-1.76847,53.51666,657,108
FL-57-1,1958,-1.76223,53.51651,648,104
FL-57-1,1958,-1.75378,53.5164,628,103
FL-57-1,1958,-1.74141,53.51629,623,98
FL-57-1,1958,-1.72882,53.51612,616,87
FL-57-1,1958,-1.69881,53.51673,575,87
FL-57-1,1958,-1.69527,53.51685,568,86
FL-57-1,1958,-1.66918,53.51593,597,77
FL-57-1,1958,-1.6544,53.51544,601,67
FL-57-1,1958,-1.65237,53.51539,601,69
FL-57-1,1958,-1.64769,53.51519,594,67
FL-57-1,1958,-1.61642,53.51357,547,56
FL-57-1,1958,-1.60858,53.51323,534,46
FL-58-1,1958,-3.18065,53.52757,305,-30
FL-58-1,1958,-3.1076,53.52909,305,-33
FL-58-1,1958,-3.02371,53.52921,308,-35
FL-58-1,1958,-2.96449,53.52932,315,-40
FL-58-1,1958,-2.9601,53.52926,315,-37
FL-58-1,1958,-2.91173,53.52961,336,-44
FL-58-1,1958,-2.87451,53.52982,349,-37
FL-58-1,1958,-2.78317,53.53006,372,-16
FL-58-1,1958,-2.74492,53.53001,399,4
FL-58-1,1958,-2.73311,53.53029,435,15
FL-58-1,1958,-2.72232,53.53036,413,25
FL-58-1,1958,-2.71352,53.53061,400,34
FL-58-1,1958,-2.69784,53.53094,390,44
FL-58-1,1958,-2.68464,53.53121,384,54
FL-58-1,1958,-2.67016,53.53133,361,57
FL-58-1,1958,-2.66216,53.53137,347,59
FL-58-1,1958,-2.64605,53.53159,336,56
FL-58-1,1958,-2.63803,53.53173,335,56
FL-58-1,1958,-2.60845,53.53176,353,33
FL-58-1,1958,-2.59999,53.53159,373,24
FL-58-1,1958,-2.58667,53.53155,373,14
FL-58-1,1958,-2.5851,53.53151,373,12
FL-58-1,1958,-2.57985,53.5314,371,10
FL-58-1,1958,-2.57676,53.53148,371,4
FL-58-1,1958,-2.56751,53.53144,371,-6
FL-58-1,1958,-2.55495,53.53133,362,-17
FL-58-1,1958,-2.54153,53.53137,364,-27
FL-58-1,1958,-2.52307,53.53187,365,-37
FL-58-1,1958,-2.50915,53.53186,379,-43
FL-58-1,1958,-2.49703,53.53189,370,-49
FL-58-1,1958,-2.45729,53.53245,392,-51
FL-58-1,1958,-2.4374,53.53249,392,-46
FL-58-1,1958,-2.43023,53.5324,392,-43
FL-58-1,1958,-2.42427,53.53238,392,-46
FL-58-1,1958,-2.41952,53.53243,392,-44
FL-58-1,1958,-2.4148,53.53239,390,-46
FL-58-1,1958,-2.40425,53.53241,378,-42
FL-58-1,1958,-2.3779,53.53271,378,-36
FL-58-1,1958,-2.3619,53.5327,381,-26
FL-58-1,1958,-2.35994,53.53278,381,-25
FL-58-1,1958,-2.35274,53.5329,374,-27
FL-58-1,1958,-2.34142,53.53284,352,-23
FL-58-1,1958,-2.33451,53.53281,351,-21
FL-58-1,1958,-2.32488,53.5328,351,-17
FL-58-1,1958,-2.31079,53.53269,350,-7
FL-58-1,1958,-2.30177,53.53262,365,3
FL-58-1,1958,-2.29195,53.5325,380,14
FL-58-1,1958,-2.28533,53.53233,389,17
FL-58-1,1958,-2.26757,53.53273,386,17
FL-58-1,1958,-2.25037,53.53307,375,23
FL-58-1,1958,-2.22848,53.53362,375,33
FL-58-1,1958,-2.19526,53.53266,395,43
FL-58-1,1958,-2.13813,53.53218,405,64
FL-58-1,1958,-2.13223,53.532,405,64
FL-58-1,1958,-2.11898,53.53211,405,63
FL-58-1,1958,-2.11655,53.53213,405,64
FL-58-1,1958,-2.10703,53.53217,405,64
FL-58-1,1958,-2.10319,53.53221,405,62
FL-58-1,1958,-2.0999,53.53227,405,64
FL-58-1,1958,-2.09637,53.53231,420,67
FL-58-1,1958,-2.09009,53.53231,448,67
FL-58-1,1958,-2.04959,53.53286,581,67
FL-58-1,1958,-2.0291,53.53309,526,62
FL-58-1,1958,-2.02247,53.53318,526,65
FL-58-1,1958,-2.01778,53.53333,538,65
FL-58-1,1958,-2.00852,53.53324,566,77
FL-58-1,1958,-2.00479,53.53313,588,81
FL-58-1,1958,-1.99871,53.533,630,81
FL-58-1,1958,-1.98282,53.53262,629,81
FL-58-1,1958,-1.97375,53.53265,652,79
FL-58-1,1958,-1.95345,53.53287,725,71
FL-58-1,1958,-1.86532,53.5311,835,82
FL-58-1,1958,-1.78611,53.53382,700,89
FL-58-1,1958,-1.75693,53.53259,701,93
FL-58-1,1958,-1.72396,53.53243,609,87
FL-58-1,1958,-1.68474,53.533,593,77
FL-58-1,1958,-1.66157,53.53357,554,66
FL-58-1,1958,-1.63539,53.53394,506,55
FL-58-1,1958,-1.60787,53.53363,556,46
FL-59-1,1958,-3.02611,53.54614,305,-39
FL-59-1,1958,-2.98521,53.5469,315,-42
FL-59-1,1958,-2.95633,53.5477,317,-39
FL-59-1,1958,-2.93102,53.54849,334,-40
FL-59-1,1958,-2.89884,53.54907,345,-37
FL-59-1,1958,-2.89416,53.54894,349,-36
FL-59-1,1958,-2.88237,53.54892,356,-37
FL-59-1,1958,-2.87265,53.54866,363,-38
FL-59-1,1958,-2.8618,53.54872,370,-37
FL-59-1,1958,-2.77027,53.54858,372,-17
FL-59-1,1958,-2.75272,53.54893,430,-5
FL-59-1,1958,-2.72429,53.54956,406,14
FL-59-1,1958,-2.71175,53.54987,377,24
FL-59-1,1958,-2.70252,53.5501,361,33
FL-59-1,1958,-2.68997,53.54978,357,43
FL-59-1,1958,-2.65606,53.54875,331,67
FL-59-1,1958,-2.65149,53.54872,332,67
FL-59-1,1958,-2.64072,53.54843,336,63
FL-59-1,1958,-2.63571,53.54816,339,55
FL-59-1,1958,-2.60977,53.54816,365,33
FL-59-1,1958,-2.59317,53.54842,405,24
FL-59-1,1958,-2.58608,53.54864,405,14
FL-59-1,1958,-2.57544,53.54895,405,4
FL-59-1,1958,-2.53427,53.54979,402,-26
FL-59-1,1958,-2.53226,53.54987,404,-27
FL-59-1,1958,-2.51731,53.55043,414,-29
FL-59-1,1958,-2.45894,53.55079,442,-47
FL-59-1,1958,-2.45595,53.55085,440,-45
FL-59-1,1958,-2.45167,53.55078,439,-44
FL-59-1,1958,-2.45078,53.55085,439,-45
FL-59-1,1958,-2.43581,53.55075,430,-48
FL-59-1,1958,-2.4282,53.55067,427,-46
FL-59-1,1958,-2.42207,53.55049,424,-43
FL-59-1,1958,-2.4136,53.55038,416,-45
FL-59-1,1958,-2.38261,53.55041,382,-39
FL-59-1,1958,-2.36916,53.55047,369,-40
FL-59-1,1958,-2.36587,53.55052,367,-37
FL-59-1,1958,-2.35263,53.55047,372,-27
FL-59-1,1958,-2.31791,53.55086,417,-6
FL-59-1,1958,-2.31207,53.55083,422,-8
FL-59-1,1958,-2.29946,53.55081,417,-7
FL-59-1,1958,-2.28895,53.55084,415,-1
FL-59-1,1958,-2.28563,53.55074,415,-3
FL-59-1,1958,-2.26942,53.55084,415,4
FL-59-1,1958,-2.24857,53.55068,404,14
FL-59-1,1958,-2.2156,53.55088,395,23
FL-59-1,1958,-2.03676,53.55128,586,78
FL-59-1,1958,-2.03041,53.55125,581,77
FL-59-1,1958,-1.98382,53.55155,668,74
FL-59-1,1958,-1.9469,53.55073,734,76
FL-59-1,1958,-1.90298,53.55081,805,71
FL-59-1,1958,-1.86699,53.55061,754,63
FL-59-1,1958,-1.84918,53.55059,675,65
FL-59-1,1958,-1.83182,53.5507,574,62
FL-59-1,1958,-1.82344,53.55082,569,66
FL-59-1,1958,-1.81665,53.55086,588,70
FL-59-1,1958,-1.80172,53.55101,626,70
FL-59-1,1958,-1.748,53.55064,597,77
FL-59-1,1958,-1.67985,53.55092,588,66
FL-59-1,1958,-1.64476,53.55038,502,54
FL-59-1,1958,-1.61722,53.54989,481,44
FL-60-1,1958,-3.1437,53.55997,305,-38
FL-60-1,1958,-3.13684,53.56027,305,-40
FL-60-1,1958,-3.13464,53.56039,305,-38
FL-60-1,1958,-3.1332,53.56025,305,-38
FL-60-1,1958,-3.13152,53.56036,305,-38
FL-60-1,1958,-3.12389,53.56067,305,-40
FL-60-1,1958,-3.10528,53.5617,309,-41
FL-60-1,1958,-3.03954,53.56456,308,-53
FL-60-1,1958,-3.03199,53.56488,305,-48
FL-60-1,1958,-3.03027,53.56495,305,-44
FL-60-1,1958,-3.02078,53.56525,305,-44
FL-60-1,1958,-2.9801,53.56574,313,-39
FL-60-1,1958,-2.9647,53.5658,322,-38
FL-60-1,1958,-2.94204,53.5661,327,-38
FL-60-1,1958,-2.89625,53.56616,346,-35
FL-60-1,1958,-2.85285,53.56615,360,-35
FL-60-1,1958,-2.78654,53.56647,362,-27
FL-60-1,1958,-2.73911,53.56799,393,-6
FL-60-1,1958,-2.72356,53.56854,348,3
FL-60-1,1958,-2.70928,53.56834,348,13
FL-60-1,1958,-2.69715,53.5679,348,23
FL-60-1,1958,-2.68772,53.56781,345,33
FL-60-1,1958,-2.67758,53.56745,357,43
FL-60-1,1958,-2.66212,53.56669,363,53
FL-60-1,1958,-2.64789,53.56622,370,59
FL-60-1,1958,-2.63212,53.5662,376,53
FL-60-1,1958,-2.62185,53.56624,394,44
FL-60-1,1958,-2.61036,53.56622,415,34
FL-60-1,1958,-2.60115,53.56629,417,24
FL-60-1,1958,-2.58829,53.56676,410,14
FL-60-1,1958,-2.56829,53.56736,410,-6
FL-60-1,1958,-2.55561,53.56783,427,-16
FL-60-1,1958,-2.54267,53.56796,429,-26
FL-60-1,1958,-2.5243,53.56798,422,-36
FL-60-1,1958,-2.51037,53.56808,421,-43
FL-60-1,1958,-2.49208,53.56806,421,-43
FL-60-1,1958,-2.48821,53.56813,422,-46
FL-60-1,1958,-2.47841,53.568,425,-49
FL-60-1,1958,-2.47194,53.56795,425,-49
FL-60-1,1958,-2.40899,53.56842,408,-49
FL-60-1,1958,-2.38825,53.56803,414,-46
FL-60-1,1958,-2.37196,53.56747,429,-41
FL-60-1,1958,-2.33838,53.5679,414,-33
FL-60-1,1958,-2.3204,53.56816,405,-34
FL-60-1,1958,-2.30936,53.568,407,-27
FL-60-1,1958,-2.2792,53.56806,411,-19
FL-60-1,1958,-2.27076,53.56824,410,-17
FL-60-1,1958,-2.26002,53.56849,412,-9
FL-60-1,1958,-2.24762,53.56889,415,-6
FL-60-1,1958,-2.21958,53.56912,416,4
FL-60-1,1958,-2.21325,53.56913,427,11
FL-60-1,1958,-2.20644,53.56921,437,10
FL-60-1,1958,-2.20574,53.56932,438,12
FL-60-1,1958,-2.19898,53.56907,435,19
FL-60-1,1958,-2.18943,53.56899,432,16
FL-60-1,1958,-2.18243,53.56895,429,24
FL-60-1,1958,-2.16731,53.56872,445,34
FL-60-1,1958,-2.15674,53.56879,460,35
FL-60-1,1958,-2.1451,53.56911,449,44
FL-60-1,1958,-2.13087,53.56951,476,55
FL-60-1,1958,-2.09572,53.56979,515,82
FL-60-1,1958,-2.08079,53.56946,518,81
FL-60-1,1958,-2.06442,53.56901,593,87
FL-60-1,1958,-2.05017,53.56874,624,90
FL-60-1,1958,-2.02874,53.56871,581,87
FL-60-1,1958,-2.00508,53.56856,569,76
FL-60-1,1958,-1.97158,53.56856,684,69
FL-60-1,1958,-1.9616,53.56856,714,60
FL-60-1,1958,-1.95195,53.56858,707,59
FL-60-1,1958,-1.86792,53.56975,714,43
FL-60-1,1958,-1.83726,53.56931,666,48
FL-60-1,1958,-1.81642,53.5695,609,49
FL-60-1,1958,-1.7977,53.56978,562,56
FL-60-1,1958,-1.7755,53.56992,521,58
FL-60-1,1958,-1.76395,53.56977,522,59
FL-60-1,1958,-1.74381,53.5695,554,55
FL-60-1,1958,-1.66326,53.56832,545,52
FL-60-1,1958,-1.64944,53.56824,504,44
FL-60-1,1958,-1.60664,53.56779,453,33
FL-61-1,1958,-2.9765,53.58117,314,-26
FL-61-1,1958,-2.95647,53.5812,322,-24
FL-61-1,1958,-2.95002,53.58124,322,-27
FL-61-1,1958,-2.9262,53.58129,326,-25
FL-61-1,1958,-2.92377,53.58128,328,-25
FL-61-1,1958,-2.91878,53.58136,331,-33
FL-61-1,1958,-2.90006,53.5819,335,-28
FL-61-1,1958,-2.87945,53.5827,341,-28
FL-61-1,1958,-2.8614,53.58327,340,-26
FL-61-1,1958,-2.80028,53.58296,339,-34
FL-61-1,1958,-2.74986,53.58292,342,-28
FL-61-1,1958,-2.72308,53.5832,359,-17
FL-61-1,1958,-2.71867,53.58338,364,-10
FL-61-1,1958,-2.71313,53.58349,365,-10
FL-61-1,1958,-2.70881,53.58365,365,-7
FL-61-1,1958,-2.69213,53.58415,385,3
FL-61-1,1958,-2.67276,53.5849,410,14
FL-61-1,1958,-2.66096,53.58449,410,20
FL-61-1,1958,-2.65246,53.58436,396,18
FL-61-1,1958,-2.60868,53.58384,434,4
FL-61-1,1958,-2.59152,53.5839,445,-6
FL-61-1,1958,-2.57656,53.58396,436,-16
FL-61-1,1958,-2.55849,53.58404,427,-26
FL-61-1,1958,-2.54613,53.58405,425,-33
FL-61-1,1958,-2.54095,53.58405,425,-30
FL-61-1,1958,-2.53674,53.58406,425,-36
FL-61-1,1958,-2.51136,53.58431,432,-50
FL-61-1,1958,-2.41318,53.5851,388,-54
FL-61-1,1958,-2.40512,53.5851,390,-52
FL-61-1,1958,-2.40005,53.58506,395,-52
FL-61-1,1958,-2.39343,53.5852,410,-50
FL-61-1,1958,-2.38416,53.58538,430,-49
FL-61-1,1958,-2.37955,53.58543,433,-46
FL-61-1,1958,-2.37816,53.58538,435,-45
FL-61-1,1958,-2.3765,53.58558,436,-46
FL-61-1,1958,-2.37351,53.58545,438,-47
FL-61-1,1958,-2.368,53.58555,438,-46
FL-61-1,1958,-2.35626,53.58561,433,-43
FL-61-1,1958,-2.3407,53.58563,438,-46
FL-61-1,1958,-2.18005,53.58646,445,16
FL-61-1,1958,-2.17384,53.58644,453,21
FL-61-1,1958,-2.16804,53.58646,469,23
FL-61-1,1958,-2.16608,53.58644,474,24
FL-61-1,1958,-2.12649,53.58651,511,65
FL-61-1,1958,-2.11342,53.58642,529,75
FL-61-1,1958,-2.10332,53.58635,526,83
FL-61-1,1958,-2.06604,53.58638,649,108
FL-61-1,1958,-2.06053,53.58636,659,108
FL-61-1,1958,-2.05299,53.58643,665,110
FL-61-1,1958,-2.04008,53.5865,624,107
FL-61-1,1958,-2.02906,53.58646,647,98
FL-61-1,1958,-2.02428,53.58644,660,96
FL-61-1,1958,-2.01529,53.58631,628,92
FL-61-1,1958,-2.00803,53.58649,608,87
FL-61-1,1958,-2.0021,53.58649,628,77
FL-61-1,1958,-1.99145,53.58665,666,68
FL-61-1,1958,-1.97335,53.58699,703,59
FL-61-1,1958,-1.96164,53.58708,674,53
FL-61-1,1958,-1.91793,53.58692,609,33
FL-61-1,1958,-1.89513,53.58659,708,33
FL-61-1,1958,-1.87776,53.58634,645,27
FL-61-1,1958,-1.86884,53.58629,597,25
FL-61-1,1958,-1.86129,53.58619,552,25
FL-61-1,1958,-1.83938,53.58652,536,25
FL-61-1,1958,-1.82231,53.58694,555,24
FL-61-1,1958,-1.81816,53.58707,556,25
FL-61-1,1958,-1.78062,53.58768,461,32
FL-61-1,1958,-1.74415,53.58766,541,39
FL-61-1,1958,-1.71213,53.58723,519,36
FL-61-1,1958,-1.67867,53.58696,481,33
FL-61-1,1958,-1.66273,53.58741,467,32
FL-61-1,1958,-1.64732,53.58781,458,35
FL-61-1,1958,-1.63939,53.58761,446,32
FL-62-1,1958,-3.16335,53.59634,305,-40
FL-62-1,1958,-3.08807,53.59702,305,-42
FL-62-1,1958,-3.06003,53.59702,314,-39
FL-62-1,1958,-2.98721,53.60063,311,-34
FL-62-1,1958,-2.95966,53.60137,315,-35
FL-62-1,1958,-2.9417,53.60132,315,-31
FL-62-1,1958,-2.93606,53.60119,315,-34
FL-62-1,1958,-2.90673,53.60116,320,-33
FL-62-1,1958,-2.87464,53.60076,321,-35
FL-62-1,1958,-2.86882,53.60068,321,-28
FL-62-1,1958,-2.8513,53.60118,320,-37
FL-62-1,1958,-2.84115,53.60145,320,-30
FL-62-1,1958,-2.83396,53.60164,318,-38
FL-62-1,1958,-2.73087,53.6024,437,-36
FL-62-1,1958,-2.69448,53.60272,407,-27
FL-62-1,1958,-2.68377,53.60294,402,-17
FL-62-1,1958,-2.678,53.60296,398,-15
FL-62-1,1958,-2.67327,53.60317,395,-17
FL-62-1,1958,-2.66507,53.60325,395,-18
FL-62-1,1958,-2.65185,53.60351,388,-17
FL-62-1,1958,-2.64879,53.60341,386,-15
FL-62-1,1958,-2.64708,53.6036,384,-17
FL-62-1,1958,-2.60851,53.60392,402,-27
FL-62-1,1958,-2.5852,53.60351,413,-37
FL-62-1,1958,-2.56095,53.60313,447,-46
FL-62-1,1958,-2.50901,53.60356,595,-53
FL-62-1,1958,-2.42464,53.60417,477,-58
FL-62-1,1958,-2.41362,53.6041,474,-56
FL-62-1,1958,-2.40874,53.6041,471,-54
FL-62-1,1958,-2.40354,53.60412,467,-54
FL-62-1,1958,-2.35783,53.60314,487,-48
FL-62-1,1958,-2.32375,53.60398,429,-55
FL-62-1,1958,-2.3115,53.60418,405,-54
FL-62-1,1958,-2.30502,53.60433,405,-56
FL-62-1,1958,-2.2931,53.60457,412,-50
FL-62-1,1958,-2.28587,53.60469,430,-54
FL-62-1,1958,-2.27504,53.60494,444,-46
FL-62-1,1958,-2.27236,53.60489,447,-43
FL-62-1,1958,-2.26471,53.60486,448,-44
FL-62-1,1958,-2.2469,53.60488,433,-37
FL-62-1,1958,-2.22576,53.60491,438,-33
FL-62-1,1958,-2.20422,53.60486,435,-17
FL-62-1,1958,-2.19381,53.60484,425,-7
FL-62-1,1958,-2.17906,53.60479,431,3
FL-62-1,1958,-2.17644,53.60479,434,4
FL-62-1,1958,-2.17062,53.60481,435,13
FL-62-1,1958,-2.16077,53.60474,435,33
FL-62-1,1958,-2.1202,53.60493,449,83
FL-62-1,1958,-2.1129,53.60495,457,94
FL-62-1,1958,-2.10758,53.60492,477,104
FL-62-1,1958,-2.08887,53.60496,527,115
FL-62-1,1958,-2.08081,53.6048,543,118
FL-62-1,1958,-2.07309,53.6048,557,116
FL-62-1,1958,-2.0549,53.60463,588,106
FL-62-1,1958,-2.03859,53.60458,621,97
FL-62-1,1958,-2.02627,53.60458,650,87
FL-62-1,1958,-2.01696,53.60445,688,78
FL-62-1,1958,-2.00046,53.60454,739,69
FL-62-1,1958,-1.98873,53.60474,742,59
FL-62-1,1958,-1.97241,53.60489,671,48
FL-62-1,1958,-1.95414,53.60515,606,36
FL-62-1,1958,-1.93622,53.60544,577,26
FL-62-1,1958,-1.91427,53.6057,547,15
FL-62-1,1958,-1.87218,53.60602,596,6
FL-62-1,1958,-1.8613,53.60579,559,4
FL-62-1,1958,-1.8165,53.60487,494,8
FL-62-1,1958,-1.81076,53.60477,477,13
FL-62-1,1958,-1.79859,53.60462,462,14
FL-62-1,1958,-1.79217,53.60447,464,19
FL-62-1,1958,-1.78688,53.60437,467,15
FL-62-1,1958,-1.74677,53.60434,546,22
FL-62-1,1958,-1.74314,53.60442,536,24
FL-62-1,1958,-1.73981,53.60455,527,28
FL-62-1,1958,-1.7275,53.60488,494,24
FL-62-1,1958,-1.6159,53.60403,416,22
FL-63-1,1958,-3.06578,53.61768,305,-39
FL-63-1,1958,-2.94961,53.61841,314,-39
FL-63-1,1958,-2.93791,53.61833,315,-37
FL-63-1,1958,-2.90388,53.61847,315,-37
FL-63-1,1958,-2.87642,53.61872,313,-39
FL-63-1,1958,-2.80199,53.61935,315,-49
FL-63-1,1958,-2.74274,53.61947,376,-56
FL-63-1,1958,-2.71256,53.61958,377,-53
FL-63-1,1958,-2.68908,53.6199,381,-55
FL-63-1,1958,-2.65783,53.62011,390,-48
FL-63-1,1958,-2.63428,53.62013,381,-52
FL-63-1,1958,-2.62739,53.62011,381,-50
FL-63-1,1958,-2.58573,53.621,442,-56
FL-63-1,1958,-2.50201,53.62034,687,-61
FL-63-1,1958,-2.47768,53.62076,629,-65
FL-63-1,1958,-2.44172,53.62128,512,-64
FL-63-1,1958,-2.43706,53.62147,496,-65
FL-63-1,1958,-2.43236,53.62138,476,-67
FL-63-1,1958,-2.42619,53.62156,475,-66
FL-63-1,1958,-2.42453,53.62153,475,-61
FL-63-1,1958,-2.42185,53.62153,475,-63
FL-63-1,1958,-2.39562,53.62169,477,-60
FL-63-1,1958,-2.30493,53.62298,442,-59
FL-63-1,1958,-2.29569,53.62304,467,-57
FL-63-1,1958,-2.29416,53.62308,471,-58
FL-63-1,1958,-2.28775,53.62323,497,-56
FL-63-1,1958,-2.25739,53.62334,554,-44
FL-63-1,1958,-2.23091,53.62321,499,-36
FL-63-1,1958,-2.21757,53.62296,526,-25
FL-63-1,1958,-2.20112,53.62289,525,-15
FL-63-1,1958,-2.19109,53.62265,468,-6
FL-63-1,1958,-2.16722,53.62251,429,13
FL-63-1,1958,-2.16173,53.62241,441,23
FL-63-1,1958,-2.15589,53.62248,442,30
FL-63-1,1958,-2.14993,53.62249,438,50
FL-63-1,1958,-2.12486,53.62243,448,83
FL-63-1,1958,-2.11757,53.62251,453,93
FL-63-1,1958,-2.1082,53.62249,473,104
FL-63-1,1958,-2.08443,53.62247,526,114
FL-63-1,1958,-2.06259,53.62259,610,106
FL-63-1,1958,-2.04887,53.62219,642,97
FL-63-1,1958,-2.03935,53.62201,632,87
FL-63-1,1958,-2.03003,53.62185,675,78
FL-63-1,1958,-2.0176,53.62168,706,68
FL-63-1,1958,-2.00731,53.62169,714,58
FL-63-1,1958,-1.99672,53.62191,720,49
FL-63-1,1958,-1.98569,53.62211,728,39
FL-63-1,1958,-1.97284,53.62226,712,28
FL-63-1,1958,-1.95444,53.62256,689,18
FL-63-1,1958,-1.93292,53.62249,654,7
FL-63-1,1958,-1.89066,53.62218,533,-6
FL-63-1,1958,-1.88181,53.62221,520,4
FL-63-1,1958,-1.87894,53.62221,522,14
FL-63-1,1958,-1.87539,53.62234,518,4
FL-63-1,1958,-1.86677,53.62238,511,-4
FL-63-1,1958,-1.85777,53.62237,505,-1
FL-63-1,1958,-1.85278,53.62241,522,-4
FL-63-1,1958,-1.84749,53.62244,539,2
FL-63-1,1958,-1.84484,53.62249,548,-2
FL-63-1,1958,-1.80055,53.62238,433,2
FL-63-1,1958,-1.75468,53.62175,522,14
FL-63-1,1958,-1.68483,53.62149,481,27
FL-64-1,1958,-3.10749,53.63516,305,-49
FL-64-1,1958,-3.10017,53.63539,305,-51
FL-64-1,1958,-3.08499,53.63566,305,-50
FL-64-1,1958,-3.07857,53.63581,305,-51
FL-64-1,1958,-3.05967,53.63573,305,-39
FL-64-1,1958,-3.04144,53.63516,310,-37
FL-64-1,1958,-3.03448,53.63503,312,-39
FL-64-1,1958,-2.93933,53.63609,315,-36
FL-64-1,1958,-2.88853,53.64123,314,-39
FL-64-1,1958,-2.82832,53.64147,315,-49
FL-64-1,1958,-2.78151,53.642,315,-59
FL-64-1,1958,-2.72882,53.63953,335,-68
FL-64-1,1958,-2.72072,53.63915,339,-65
FL-64-1,1958,-2.68317,53.63793,377,-68
FL-64-1,1958,-2.65816,53.63759,365,-70
FL-64-1,1958,-2.64254,53.63741,369,-68
FL-64-1,1958,-2.63767,53.63735,380,-66
FL-64-1,1958,-2.62262,53.63724,399,-67
FL-64-1,1958,-2.61884,53.63739,397,-66
FL-64-1,1958,-2.61298,53.63756,397,-68
FL-64-1,1958,-2.48202,53.63933,554,-75
FL-64-1,1958,-2.30514,53.64158,492,-60
FL-64-1,1958,-2.28623,53.6414,577,-53
FL-64-1,1958,-2.2531,53.63983,612,-44
FL-64-1,1958,-2.22398,53.63981,601,-34
FL-64-1,1958,-2.19799,53.63988,602,-14
FL-64-1,1958,-2.17789,53.64013,536,5
FL-64-1,1958,-2.16762,53.64032,521,14
FL-64-1,1958,-2.15616,53.64032,515,24
FL-64-1,1958,-2.14875,53.64039,519,34
FL-64-1,1958,-2.14043,53.64049,512,44
FL-64-1,1958,-2.12754,53.6408,489,54
FL-64-1,1958,-2.08902,53.64164,472,79
FL-64-1,1958,-2.06915,53.64151,556,75
FL-64-1,1958,-2.0472,53.64072,669,67
FL-64-1,1958,-2.03032,53.64027,707,58
FL-64-1,1958,-2.01521,53.64014,666,47
FL-64-1,1958,-1.99923,53.63995,665,37
FL-64-1,1958,-1.98405,53.63976,664,27
FL-64-1,1958,-1.96687,53.63989,656,17
FL-64-1,1958,-1.944,53.64063,638,6
FL-64-1,1958,-1.90604,53.64142,617,-4
FL-64-1,1958,-1.86224,53.64286,579,-7
FL-64-1,1958,-1.82526,53.64363,495,-7
FL-64-1,1958,-1.80318,53.64247,454,2
FL-64-1,1958,-1.79025,53.64177,444,11
FL-64-1,1958,-1.78972,53.64173,444,12
FL-64-1,1958,-1.78767,53.64164,441,10
FL-64-1,1958,-1.78556,53.64154,439,38
FL-64-1,1958,-1.77996,53.64117,439,22
FL-64-1,1958,-1.77505,53.64089,443,8
FL-64-1,1958,-1.752,53.64035,455,22
FL-64-1,1958,-1.69634,53.64049,495,23
FL-64-1,1958,-1.6298,53.63967,501,33
FL-65-1,1958,-2.92619,53.65378,307,-40
FL-65-1,1958,-2.90328,53.65443,305,-40
FL-65-1,1958,-2.85793,53.65544,315,-50
FL-65-1,1958,-2.70294,53.6566,336,-79
FL-65-1,1958,-2.60678,53.65624,431,-77
FL-65-1,1958,-2.59564,53.65677,467,-77
FL-65-1,1958,-2.59098,53.65709,488,-75
FL-65-1,1958,-2.53988,53.65889,605,-76
FL-65-1,1958,-2.52152,53.65856,605,-75
FL-65-1,1958,-2.49242,53.65818,636,-75
FL-65-1,1958,-2.34741,53.65824,648,-63
FL-65-1,1958,-2.29874,53.65885,505,-56
FL-65-1,1958,-2.27194,53.65909,666,-43
FL-65-1,1958,-2.24715,53.65919,725,-32
FL-65-1,1958,-2.24026,53.65924,735,-28
FL-65-1,1958,-2.21969,53.6589,665,-23
FL-65-1,1958,-2.20351,53.65881,665,-13
FL-65-1,1958,-2.18827,53.65857,569,-5
FL-65-1,1958,-2.16452,53.65849,511,14
FL-65-1,1958,-2.13833,53.65846,598,36
FL-65-1,1958,-2.12477,53.65844,588,45
FL-65-1,1958,-2.1159,53.65835,567,50
FL-65-1,1958,-2.1073,53.65835,544,49
FL-65-1,1958,-2.09582,53.65824,509,54
FL-65-1,1958,-2.06583,53.65868,582,45
FL-65-1,1958,-2.03473,53.65913,683,37
FL-65-1,1958,-2.01797,53.65925,656,27
FL-65-1,1958,-1.98956,53.65947,633,16
FL-65-1,1958,-1.96349,53.66,611,9
FL-65-1,1958,-1.95558,53.66015,601,8
FL-65-1,1958,-1.94032,53.66004,531,-2
FL-65-1,1958,-1.87808,53.65843,575,-8
FL-65-1,1958,-1.86809,53.65842,583,-5
FL-65-1,1958,-1.85735,53.65773,583,0
FL-65-1,1958,-1.84343,53.65587,549,13
FL-65-1,1958,-1.77337,53.65719,402,-9
FL-65-1,1958,-1.76158,53.65771,394,1
FL-65-1,1958,-1.75969,53.6578,397,11
FL-65-1,1958,-1.75704,53.65788,403,21
FL-65-1,1958,-1.75493,53.65792,406,24
FL-65-1,1958,-1.75213,53.65801,410,27
FL-65-1,1958,-1.75031,53.65814,415,31
FL-65-1,1958,-1.7466,53.65822,425,55
FL-65-1,1958,-1.74312,53.65835,436,21
FL-65-1,1958,-1.74153,53.65843,441,12
FL-65-1,1958,-1.7382,53.65856,450,8
FL-65-1,1958,-1.72973,53.6589,451,12
FL-65-1,1958,-1.65913,53.65972,454,32
FL-65-1,1958,-1.62206,53.65911,417,41
FL-65-1,1958,-1.60897,53.65889,393,43
FL-65-1,1958,-1.60367,53.65887,380,41
FL-66-1,1958,-3.11247,53.67175,305,-56
FL-66-1,1958,-3.08806,53.67158,305,-55
FL-66-1,1958,-3.06397,53.67134,305,-50
FL-66-1,1958,-3.02576,53.67319,305,-46
FL-66-1,1958,-3.02415,53.67325,305,-50
FL-66-1,1958,-2.98994,53.67465,305,-44
FL-66-1,1958,-2.94258,53.67338,315,-47
FL-66-1,1958,-2.91947,53.67267,315,-44
FL-66-1,1958,-2.87472,53.67206,317,-50
FL-66-1,1958,-2.87215,53.67197,318,-50
FL-66-1,1958,-2.63603,53.67393,494,-84
FL-66-1,1958,-2.59058,53.67393,450,-82
FL-66-1,1958,-2.53197,53.67462,602,-81
FL-66-1,1958,-2.45995,53.67538,568,-76
FL-66-1,1958,-2.44813,53.67569,555,-78
FL-66-1,1958,-2.44063,53.67562,577,-74
FL-66-1,1958,-2.42597,53.67581,602,-73
FL-66-1,1958,-2.40417,53.67646,596,-68
FL-66-1,1958,-2.39563,53.67675,597,-69
FL-66-1,1958,-2.37392,53.67718,670,-64
FL-66-1,1958,-2.3527,53.67712,614,-64
FL-66-1,1958,-2.31596,53.67627,494,-57
FL-66-1,1958,-2.28935,53.67579,604,-44
FL-66-1,1958,-2.26172,53.6755,681,-33
FL-66-1,1958,-2.23894,53.67528,667,-23
FL-66-1,1958,-2.21478,53.67494,717,-12
FL-66-1,1958,-2.19716,53.67576,655,-3
FL-66-1,1958,-2.18578,53.67653,627,6
FL-66-1,1958,-2.17233,53.67735,596,15
FL-66-1,1958,-2.16314,53.67778,572,25
FL-66-1,1958,-2.14761,53.67758,692,37
FL-66-1,1958,-2.1186,53.67698,658,41
FL-66-1,1958,-2.0929,53.67693,562,35
FL-66-1,1958,-2.05366,53.67659,672,27
FL-66-1,1958,-2.01591,53.67516,687,17
FL-66-1,1958,-1.98124,53.6763,607,5
FL-66-1,1958,-1.93832,53.67654,475,-8
FL-66-1,1958,-1.90505,53.67625,480,-14
FL-66-1,1958,-1.89687,53.67615,487,-9
FL-66-1,1958,-1.87061,53.6759,507,-14
FL-66-1,1958,-1.86009,53.67585,473,-9
FL-66-1,1958,-1.84949,53.67588,481,-13
FL-66-1,1958,-1.83557,53.67618,481,-8
FL-66-1,1958,-1.82512,53.6767,473,-4
FL-66-1,1958,-1.81974,53.67692,490,-7
FL-66-1,1958,-1.76238,53.67762,443,1
FL-66-1,1958,-1.73188,53.6772,388,10
FL-66-1,1958,-1.68957,53.67575,397,20
FL-66-1,1958,-1.66899,53.67551,394,27
FL-66-1,1958,-1.66786,53.67551,395,40
FL-66-1,1958,-1.66241,53.6754,396,50
FL-66-1,1958,-1.66037,53.67544,395,60
FL-66-1,1958,-1.6584,53.67544,393,70
FL-66-1,1958,-1.65658,53.67539,392,95
FL-66-1,1958,-1.65507,53.67534,391,195
FL-66-1,1958,-1.65068,53.67532,384,40
FL-66-1,1958,-1.64545,53.67531,379,33
FL-66-1,1958,-1.64099,53.67539,377,40
FL-66-1,1958,-1.63751,53.67542,376,48
FL-66-1,1958,-1.63251,53.67554,373,40
FL-66-1,1958,-1.62865,53.67553,371,38
FL-66-1,1958,-1.62675,53.67561,368,40
FL-66-1,1958,-1.62282,53.67555,362,64
FL-66-1,1958,-1.62161,53.6756,360,73
FL-66-1,1958,-1.62055,53.67559,359,64
FL-66-1,1958,-1.62009,53.67568,359,59
FL-66-1,1958,-1.61941,53.67568,358,49
FL-66-1,1958,-1.61646,53.67563,355,45
FL-67-1,1958,-2.87862,53.69128,323,-50
FL-67-1,1958,-2.8422,53.69168,335,-54
FL-67-1,1958,-2.8121,53.69171,340,-60
FL-67-1,1958,-2.71477,53.69236,371,-78
FL-67-1,1958,-2.70382,53.69243,382,-78
FL-67-1,1958,-2.64131,53.69277,560,-84
FL-67-1,1958,-2.6343,53.69292,588,-85
FL-67-1,1958,-2.60631,53.69289,566,-87
FL-67-1,1958,-2.56096,53.69298,504,-86
FL-67-1,1958,-2.46107,53.69348,510,-78
FL-67-1,1958,-2.43181,53.69358,557,-68
FL-67-1,1958,-2.407,53.69377,582,-71
FL-67-1,1958,-2.37686,53.69399,613,-64
FL-67-1,1958,-2.32675,53.69417,516,-52
FL-67-1,1958,-2.31214,53.69426,526,-46
FL-67-1,1958,-2.29755,53.69389,516,-36
FL-67-1,1958,-2.28788,53.69388,552,-31
FL-67-1,1958,-2.27868,53.69401,576,-25
FL-67-1,1958,-2.26785,53.69408,576,-15
FL-67-1,1958,-2.25217,53.69421,561,-6
FL-67-1,1958,-2.23504,53.69451,572,1
FL-67-1,1958,-2.22083,53.69494,583,5
FL-67-1,1958,-2.19269,53.69557,615,25
FL-67-1,1958,-2.17595,53.69535,665,37
FL-67-1,1958,-2.16041,53.69533,702,47
FL-67-1,1958,-2.14207,53.69592,662,53
FL-67-1,1958,-2.11239,53.69547,561,44
FL-67-1,1958,-2.10321,53.69526,546,34
FL-67-1,1958,-2.09567,53.695,565,24
FL-67-1,1958,-2.06943,53.69464,634,16
FL-67-1,1958,-2.02677,53.69486,657,9
FL-67-1,1958,-2.00799,53.69479,609,9
FL-67-1,1958,-1.99488,53.69508,584,5
FL-67-1,1958,-1.94832,53.69493,475,-4
FL-67-1,1958,-1.93536,53.69511,423,-5
FL-67-1,1958,-1.90258,53.69544,531,-7
FL-67-1,1958,-1.86608,53.69531,397,-13
FL-67-1,1958,-1.82648,53.69526,386,-13
FL-67-1,1958,-1.78983,53.69516,400,0
FL-67-1,1958,-1.78195,53.69515,391,6
FL-67-1,1958,-1.74767,53.69526,370,10
FL-67-1,1958,-1.68058,53.69442,404,30
FL-67-1,1958,-1.66877,53.69434,396,39
FL-67-1,1958,-1.65847,53.69459,396,40
FL-67-1,1958,-1.64582,53.69482,397,44
FL-67-1,1958,-1.6081,53.69555,404,52
FL-67-1,1958,-1.60461,53.69563,409,60
FL-67-1,1958,-1.60258,53.69558,412,69
FL-68-1,1958,-3.14413,53.70683,305,-67
FL-68-1,1958,-3.04968,53.70599,305,-61
FL-68-1,1958,-2.98849,53.70785,305,-51
FL-68-1,1958,-2.97511,53.70808,305,-50
FL-68-1,1958,-2.95579,53.70847,305,-51
FL-68-1,1958,-2.82366,53.70866,342,-60
FL-68-1,1958,-2.79779,53.70823,345,-68
FL-68-1,1958,-2.79075,53.70814,349,-66
FL-68-1,1958,-2.77923,53.70842,354,-70
FL-68-1,1958,-2.76081,53.70917,357,-73
FL-68-1,1958,-2.71859,53.7103,378,-79
FL-68-1,1958,-2.67224,53.71062,492,-84
FL-68-1,1958,-2.65361,53.71056,536,-86
FL-68-1,1958,-2.64308,53.7106,560,-85
FL-68-1,1958,-2.63778,53.71051,561,-83
FL-68-1,1958,-2.60587,53.70975,530,-90
FL-68-1,1958,-2.58809,53.70959,436,-93
FL-68-1,1958,-2.57999,53.70984,442,-89
FL-68-1,1958,-2.54473,53.71091,438,-93
FL-68-1,1958,-2.54363,53.71083,437,-93
FL-68-1,1958,-2.52742,53.71096,458,-88
FL-68-1,1958,-2.49381,53.71108,506,-94
FL-68-1,1958,-2.4707,53.71094,458,-88
FL-68-1,1958,-2.46511,53.7109,466,-80
FL-68-1,1958,-2.45189,53.71134,478,-76
FL-68-1,1958,-2.44122,53.71112,500,-74
FL-68-1,1958,-2.41722,53.71067,589,-65
FL-68-1,1958,-2.40119,53.71044,641,-60
FL-68-1,1958,-2.3941,53.71065,638,-61
FL-68-1,1958,-2.36181,53.71134,597,-55
FL-68-1,1958,-2.35288,53.71125,586,-51
FL-68-1,1958,-2.33129,53.71135,550,-50
FL-68-1,1958,-2.32857,53.71142,543,-46
FL-68-1,1958,-2.3269,53.7113,541,-39
FL-68-1,1958,-2.32173,53.71137,568,-44
FL-68-1,1958,-2.29293,53.71124,565,-36
FL-68-1,1958,-2.27317,53.71129,560,-16
FL-68-1,1958,-2.2595,53.71139,577,-5
FL-68-1,1958,-2.25404,53.71149,574,4
FL-68-1,1958,-2.24918,53.71144,576,5
FL-68-1,1958,-2.23734,53.71168,602,15
FL-68-1,1958,-2.21807,53.71197,663,26
FL-68-1,1958,-2.20953,53.71205,646,30
FL-68-1,1958,-2.20392,53.71214,639,30
FL-68-1,1958,-2.19153,53.71248,636,46
FL-68-1,1958,-2.1903,53.71252,638,47
FL-68-1,1958,-2.18399,53.71242,661,46
FL-68-1,1958,-2.17608,53.71252,688,52
FL-68-1,1958,-2.13542,53.71171,586,45
FL-68-1,1958,-2.12088,53.71183,560,34
FL-68-1,1958,-2.10671,53.71169,530,23
FL-68-1,1958,-2.1031,53.71173,520,20
FL-68-1,1958,-2.09802,53.71163,514,23
FL-68-1,1958,-2.09175,53.71177,525,28
FL-68-1,1958,-2.08822,53.71172,531,23
FL-68-1,1958,-2.08285,53.71186,530,15
FL-68-1,1958,-2.07819,53.71188,520,18
FL-68-1,1958,-2.07478,53.71202,512,13
FL-68-1,1958,-2.03443,53.71237,653,7
FL-68-1,1958,-1.99557,53.71067,473,4
FL-68-1,1958,-1.96558,53.71161,596,4
FL-68-1,1958,-1.95029,53.71137,489,0
FL-68-1,1958,-1.94178,53.71155,452,1
FL-68-1,1958,-1.93165,53.71142,426,5
FL-68-1,1958,-1.92447,53.71141,421,1
FL-68-1,1958,-1.83346,53.71226,506,-4
FL-68-1,1958,-1.81656,53.71224,479,2
FL-68-1,1958,-1.80126,53.71226,434,7
FL-68-1,1958,-1.79277,53.71229,408,3
FL-68-1,1958,-1.77126,53.71238,403,10
FL-68-1,1958,-1.72991,53.71234,439,21
FL-68-1,1958,-1.71453,53.71213,422,23
FL-68-1,1958,-1.69159,53.71189,391,28
FL-68-1,1958,-1.68583,53.71183,392,23
FL-68-1,1958,-1.68394,53.71182,392,24
FL-68-1,1958,-1.68174,53.71177,392,21
FL-68-1,1958,-1.67613,53.7118,394,30
FL-68-1,1958,-1.67492,53.71175,396,33
FL-68-1,1958,-1.66863,53.71169,413,37
FL-68-1,1958,-1.66439,53.71164,425,35
FL-68-1,1958,-1.6553,53.71161,425,40
FL-68-1,1958,-1.60469,53.71253,418,40
FL-69-1,1958,-2.82278,53.72825,312,-61
FL-69-1,1958,-2.76548,53.72767,342,-70
FL-69-1,1958,-2.71492,53.72802,387,-79
FL-69-1,1958,-2.69737,53.72826,413,-84
FL-69-1,1958,-2.64833,53.72873,454,-88
FL-69-1,1958,-2.60622,53.7281,464,-91
FL-69-1,1958,-2.58577,53.72891,420,-91
FL-69-1,1958,-2.54717,53.72989,400,-93
FL-69-1,1958,-2.52304,53.72955,408,-89
FL-69-1,1958,-2.51626,53.72924,429,-82
FL-69-1,1958,-2.50941,53.72913,450,-85
FL-69-1,1958,-2.50003,53.72919,444,-80
FL-69-1,1958,-2.48508,53.72933,446,-82
FL-69-1,1958,-2.45943,53.72949,484,-77
FL-69-1,1958,-2.40884,53.73045,514,-67
FL-69-1,1958,-2.36666,53.72999,557,-56
FL-69-1,1958,-2.34343,53.72985,546,-48
FL-69-1,1958,-2.33012,53.72995,570,-48
FL-69-1,1958,-2.32186,53.73015,599,-45
FL-69-1,1958,-2.3049,53.72989,616,-39
FL-69-1,1958,-2.29334,53.72992,588,-35
FL-69-1,1958,-2.2778,53.72966,591,-25
FL-69-1,1958,-2.2595,53.72985,615,-15
FL-69-1,1958,-2.24574,53.73007,603,-5
FL-69-1,1958,-2.23187,53.73008,616,5
FL-69-1,1958,-2.22517,53.72986,640,14
FL-69-1,1958,-2.21545,53.72972,669,16
FL-69-1,1958,-2.20373,53.72955,691,27
FL-69-1,1958,-2.18791,53.7293,679,31
FL-69-1,1958,-2.17461,53.72955,698,37
FL-69-1,1958,-2.16296,53.72983,671,35
FL-69-1,1958,-2.16014,53.72998,662,36
FL-69-1,1958,-2.1581,53.73003,655,39
FL-69-1,1958,-2.14947,53.73013,628,35
FL-69-1,1958,-2.14938,53.73019,627,35
FL-69-1,1958,-2.14617,53.73003,618,32
FL-69-1,1958,-2.14327,53.73011,617,37
FL-69-1,1958,-2.1375,53.73004,619,32
FL-69-1,1958,-2.13057,53.73004,621,25
FL-69-1,1958,-2.11756,53.73002,592,14
FL-69-1,1958,-2.11261,53.72996,594,10
FL-69-1,1958,-2.10196,53.72945,613,9
FL-69-1,1958,-2.08618,53.72851,619,5
FL-69-1,1958,-2.03439,53.72915,582,-4
FL-69-1,1958,-2.01259,53.73017,557,-2
FL-69-1,1958,-1.99082,53.73002,397,-4
FL-69-1,1958,-1.98138,53.73001,423,1
FL-69-1,1958,-1.96392,53.73013,426,-6
FL-69-1,1958,-1.95935,53.73003,427,-3
FL-69-1,1958,-1.95015,53.73019,424,-6
FL-69-1,1958,-1.94398,53.73009,441,-5
FL-69-1,1958,-1.78879,53.72955,429,10
FL-69-1,1958,-1.75807,53.72998,465,21
FL-69-1,1958,-1.72831,53.73007,422,24
FL-69-1,1958,-1.70312,53.7301,407,30
FL-69-1,1958,-1.67006,53.73023,418,38
FL-69-1,1958,-1.66785,53.7303,416,40
FL-69-1,1958,-1.64599,53.7305,421,40
FL-69-1,1958,-1.60601,53.73037,448,30
FL-70-1,1958,-3.1438,53.74721,305,-51
FL-70-1,1958,-3.12395,53.74587,305,-75
FL-70-1,1958,-3.06692,53.74628,305,-72
FL-70-1,1958,-3.04899,53.74654,305,-73
FL-70-1,1958,-3.01231,53.74548,314,-68
FL-70-1,1958,-2.95617,53.74616,322,-61
FL-70-1,1958,-2.92141,53.74767,321,-56
FL-70-1,1958,-2.88638,53.74476,322,-55
FL-70-1,1958,-2.82959,53.74538,331,-61
FL-70-1,1958,-2.7363,53.74608,365,-71
FL-70-1,1958,-2.71929,53.74621,367,-77
FL-70-1,1958,-2.69323,53.74641,380,-80
FL-70-1,1958,-2.68504,53.74643,386,-82
FL-70-1,1958,-2.6468,53.74648,410,-89
FL-70-1,1958,-2.6274,53.74651,445,-87
FL-70-1,1958,-2.60204,53.74635,382,-90
FL-70-1,1958,-2.596,53.74644,370,-89
FL-70-1,1958,-2.59415,53.74645,372,-90
FL-70-1,1958,-2.56536,53.74657,395,-91
FL-70-1,1958,-2.51666,53.74684,449,-88
FL-70-1,1958,-2.50715,53.74661,440,-87
FL-70-1,1958,-2.44171,53.74728,474,-69
FL-70-1,1958,-2.43187,53.74735,474,-71
FL-70-1,1958,-2.42589,53.74733,468,-69
FL-70-1,1958,-2.41986,53.74731,462,-70
FL-70-1,1958,-2.40635,53.74754,448,-65
FL-70-1,1958,-2.39704,53.74777,449,-58
FL-70-1,1958,-2.39493,53.74733,451,-56
FL-70-1,1958,-2.39077,53.74727,454,-55
FL-70-1,1958,-2.35119,53.74635,509,-48
FL-70-1,1958,-2.34693,53.74625,515,-47
FL-70-1,1958,-2.29449,53.74711,633,-35
FL-70-1,1958,-2.27109,53.74717,616,-25
FL-70-1,1958,-2.24518,53.7479,639,-15
FL-70-1,1958,-2.21402,53.74768,650,-5
FL-70-1,1958,-2.19702,53.74745,621,5
FL-70-1,1958,-2.19089,53.74741,610,7
FL-70-1,1958,-2.1717,53.7471,615,14
FL-70-1,1958,-2.14212,53.74712,654,5
FL-70-1,1958,-2.10728,53.74777,718,-3
FL-70-1,1958,-2.0498,53.748,599,-10
FL-70-1,1958,-1.9903,53.74843,701,-4
FL-70-1,1958,-1.97045,53.74807,652,-5
FL-70-1,1958,-1.9562,53.74761,588,-8
FL-70-1,1958,-1.95211,53.74761,576,-7
FL-70-1,1958,-1.93813,53.74732,559,-2
FL-70-1,1958,-1.92506,53.74719,594,-1
FL-70-1,1958,-1.85839,53.7468,506,1
FL-70-1,1958,-1.85554,53.7469,507,2
FL-70-1,1958,-1.84327,53.74679,537,6
FL-70-1,1958,-1.82915,53.74679,562,7
FL-70-1,1958,-1.81689,53.74714,552,10
FL-70-1,1958,-1.80311,53.74747,526,12
FL-70-1,1958,-1.78803,53.74759,502,19
FL-70-1,1958,-1.77568,53.7478,486,19
FL-70-1,1958,-1.71572,53.74737,437,40
FL-70-1,1958,-1.68961,53.74739,468,45
FL-70-1,1958,-1.67449,53.74785,475,44
FL-70-1,1958,-1.66078,53.74801,475,41
FL-70-1,1958,-1.63456,53.74773,473,31
FL-70-1,1958,-1.63107,53.74767,471,30
FL-70-1,1958,-1.62504,53.74774,464,45
FL-70-1,1958,-1.61857,53.74766,455,25
FL-70-1,1958,-1.61463,53.74757,451,24
FL-70-1,1958,-1.60881,53.74754,449,20
FL-71-1,1958,-3.01145,53.76265,319,-71
FL-71-1,1958,-2.92359,53.76459,328,-61
FL-71-1,1958,-2.85382,53.76513,331,-58
FL-71-1,1958,-2.79721,53.76611,324,-61
FL-71-1,1958,-2.74341,53.76661,331,-71
FL-71-1,1958,-2.68487,53.76638,348,-79
FL-71-1,1958,-2.67788,53.76648,350,-77
FL-71-1,1958,-2.66122,53.76679,343,-81
FL-71-1,1958,-2.54728,53.76758,425,-86
FL-71-1,1958,-2.45765,53.76777,471,-78
FL-71-1,1958,-2.42189,53.76728,450,-69
FL-71-1,1958,-2.29018,53.76705,549,-37
FL-71-1,1958,-2.25365,53.76752,588,-26
FL-71-1,1958,-2.22335,53.76775,532,-17
FL-71-1,1958,-2.21355,53.76809,499,-18
FL-71-1,1958,-2.1996,53.76817,503,-17
FL-71-1,1958,-2.18651,53.7682,554,-13
FL-71-1,1958,-2.12783,53.76764,747,-13
FL-71-1,1958,-2.08308,53.76713,665,-17
FL-71-1,1958,-1.93045,53.7677,685,-5
FL-71-1,1958,-1.90053,53.76755,590,1
FL-71-1,1958,-1.87932,53.76724,619,4
FL-71-1,1958,-1.84021,53.76601,621,14
FL-71-1,1958,-1.83517,53.76552,622,13
FL-71-1,1958,-1.8257,53.76528,621,14
FL-71-1,1958,-1.79284,53.76542,552,22
FL-71-1,1958,-1.76046,53.76773,495,31
FL-71-1,1958,-1.7308,53.76818,494,41
FL-71-1,1958,-1.70409,53.76826,498,46
FL-71-1,1958,-1.68382,53.7689,472,40
FL-71-1,1958,-1.67903,53.76858,473,39
FL-71-1,1958,-1.66782,53.76842,457,40
FL-71-1,1958,-1.62587,53.76778,433,29
FL-72-1,1958,-3.1179,53.7792,305,-80
FL-72-1,1958,-3.1158,53.77908,305,-82
FL-72-1,1958,-3.11465,53.77902,305,-83
FL-72-1,1958,-3.11188,53.77889,305,-82
FL-72-1,1958,-3.1081,53.77865,305,-81
FL-72-1,1958,-3.10086,53.77817,305,-82
FL-72-1,1958,-3.09767,53.77803,305,-83
FL-72-1,1958,-3.09422,53.7778,305,-82
FL-72-1,1958,-3.09046,53.77756,305,-80
FL-72-1,1958,-3.08695,53.77732,305,-80
FL-72-1,1958,-3.08242,53.7771,305,-82
FL-72-1,1958,-3.01219,53.77969,315,-72
FL-72-1,1958,-2.96112,53.78009,320,-65
FL-72-1,1958,-2.92219,53.78,329,-61
FL-72-1,1958,-2.87357,53.78092,325,-58
FL-72-1,1958,-2.86085,53.78112,325,-59
FL-72-1,1958,-2.8262,53.78196,325,-59
FL-72-1,1958,-2.82125,53.78213,325,-61
FL-72-1,1958,-2.80984,53.78209,326,-65
FL-72-1,1958,-2.79299,53.78206,330,-61
FL-72-1,1958,-2.79093,53.78204,330,-60
FL-72-1,1958,-2.78413,53.78207,330,-61
FL-72-1,1958,-2.72006,53.78152,331,-71
FL-72-1,1958,-2.66131,53.78193,344,-79
FL-72-1,1958,-2.6373,53.78304,341,-61
FL-72-1,1958,-2.62897,53.78342,342,-71
FL-72-1,1958,-2.54857,53.78444,365,-84
FL-72-1,1958,-2.47368,53.78333,466,-79
FL-72-1,1958,-2.43969,53.78349,499,-74
FL-72-1,1958,-2.4207,53.78357,468,-74
FL-72-1,1958,-2.40316,53.78363,429,-69
FL-72-1,1958,-2.39032,53.78404,395,-63
FL-72-1,1958,-2.38182,53.78424,397,-67
FL-72-1,1958,-2.34969,53.78495,414,-60
FL-72-1,1958,-2.33737,53.78516,419,-58
FL-72-1,1958,-2.31738,53.78556,425,-53
FL-72-1,1958,-2.26645,53.78627,455,-37
FL-72-1,1958,-2.25396,53.78616,453,-29
FL-72-1,1958,-2.24254,53.78591,447,-23
FL-72-1,1958,-2.20595,53.7858,483,-29
FL-72-1,1958,-2.17989,53.78589,553,-25
FL-72-1,1958,-2.09086,53.78577,619,-31
FL-72-1,1958,-2.05812,53.7855,617,-27
FL-72-1,1958,-2.03047,53.78477,672,-25
FL-72-1,1958,-2.00271,53.78495,660,-20
FL-72-1,1958,-2.00084,53.78516,670,-20
FL-72-1,1958,-1.9787,53.78565,725,-18
FL-72-1,1958,-1.96722,53.78526,717,-14
FL-72-1,1958,-1.94803,53.7845,720,-10
FL-72-1,1958,-1.93607,53.78428,724,-10
FL-72-1,1958,-1.88812,53.78397,637,4
FL-72-1,1958,-1.84886,53.78664,538,12
FL-72-1,1958,-1.69425,53.78355,453,35
FL-72-1,1958,-1.66102,53.784,431,38
FL-72-1,1958,-1.63219,53.78443,417,29
FL-72-1,1958,-1.60216,53.78455,381,19
FL-73-1,1958,-2.97849,53.7988,320,-65
FL-73-1,1958,-2.97167,53.79885,323,-66
FL-73-1,1958,-2.8591,53.79909,325,-55
FL-73-1,1958,-2.80775,53.80005,327,-62
FL-73-1,1958,-2.69897,53.80056,353,-71
FL-73-1,1958,-2.63919,53.80069,370,-79
FL-73-1,1958,-2.62568,53.8007,372,-80
FL-73-1,1958,-2.38555,53.80163,381,-72
FL-73-1,1958,-2.37985,53.80174,383,-73
FL-73-1,1958,-2.36888,53.80228,388,-71
FL-73-1,1958,-2.35728,53.80259,394,-68
FL-73-1,1958,-2.30016,53.80242,409,-60
FL-73-1,1958,-2.25252,53.80213,416,-50
FL-73-1,1958,-2.22112,53.80269,462,-41
FL-73-1,1958,-2.20768,53.80271,486,-42
FL-73-1,1958,-2.1835,53.80274,528,-38
FL-73-1,1958,-2.17113,53.80264,557,-39
FL-73-1,1958,-2.16883,53.80275,564,-37
FL-73-1,1958,-2.16321,53.8026,582,-36
FL-73-1,1958,-2.1334,53.8022,681,-37
FL-73-1,1958,-2.09752,53.80256,724,-34
FL-73-1,1958,-1.99799,53.80378,700,-25
FL-73-1,1958,-1.94989,53.80425,606,-17
FL-73-1,1958,-1.91211,53.80272,637,-6
FL-73-1,1958,-1.83955,53.80129,539,12
FL-73-1,1958,-1.69235,53.80186,471,33
FL-73-1,1958,-1.68919,53.80172,469,35
FL-74-1,1958,-3.17974,53.81887,305,-78
FL-74-1,1958,-3.12427,53.81761,305,-76
FL-74-1,1958,-3.10884,53.81717,305,-82
FL-74-1,1958,-3.09653,53.81637,305,-84
FL-74-1,1958,-3.09517,53.81625,305,-82
FL-74-2,1958,-3.00875,53.81405,325,-72
FL-74-2,1958,-3.00505,53.81399,325,-66
FL-74-2,1958,-2.9998,53.81385,325,-72
FL-74-2,1958,-2.99488,53.81376,325,-80
FL-74-2,1958,-2.97529,53.81352,319,-72
FL-74-2,1958,-2.92754,53.81304,330,-62
FL-74-2,1958,-2.8657,53.81547,325,-55
FL-74-2,1958,-2.84487,53.81718,325,-56
FL-74-2,1958,-2.82166,53.81841,325,-53
FL-74-2,1958,-2.75377,53.81807,330,-62
FL-74-2,1958,-2.68296,53.818,358,-71
FL-74-2,1958,-2.67222,53.81793,365,-74
FL-74-2,1958,-2.65678,53.81777,377,-73
FL-74-2,1958,-2.62721,53.81795,382,-79
FL-74-2,1958,-2.61982,53.81811,387,-77
FL-74-2,1958,-2.49436,53.8187,355,-79
FL-74-2,1958,-2.45624,53.81919,362,-76
FL-74-2,1958,-2.33472,53.81941,488,-69
FL-74-2,1958,-2.29325,53.81925,459,-63
FL-74-2,1958,-2.2584,53.81942,434,-60
FL-74-2,1958,-2.20787,53.82002,533,-49
FL-74-2,1958,-2.19142,53.82025,520,-50
FL-74-2,1958,-2.0145,53.82016,641,-36
FL-74-2,1958,-1.96774,53.81977,571,-28
FL-74-2,1958,-1.90829,53.81932,554,-8
FL-74-2,1958,-1.89553,53.81953,529,-2
FL-74-2,1958,-1.84595,53.81985,539,13
FL-74-2,1958,-1.81282,53.8199,501,21
FL-74-2,1958,-1.80185,53.81975,488,25
FL-74-2,1958,-1.69805,53.81977,450,33
FL-74-2,1958,-1.65187,53.81969,378,38
FL-74-2,1958,-1.64953,53.81969,379,30
FL-74-2,1958,-1.60506,53.81954,366,30
FL-75-1,1958,-3.00262,53.83468,325,-62
FL-75-1,1958,-2.86764,53.83577,323,-52
FL-75-1,1958,-2.83241,53.83592,325,-51
FL-75-1,1958,-2.81305,53.83618,324,-52
FL-75-1,1958,-2.71955,53.8365,347,-62
FL-75-1,1958,-2.62284,53.83735,411,-71
FL-75-1,1958,-2.51359,53.83769,436,-77
FL-75-1,1958,-2.49651,53.83779,424,-75
FL-75-1,1958,-2.4256,53.83812,355,-79
FL-75-1,1958,-2.40833,53.83822,375,-71
FL-75-1,1958,-2.40339,53.83811,383,-69
FL-75-1,1958,-2.38215,53.83821,454,-70
FL-75-1,1958,-2.37284,53.83804,501,-73
FL-75-1,1958,-2.29831,53.83796,570,-67
FL-75-1,1958,-2.24608,53.83826,484,-64
FL-75-1,1958,-2.18292,53.84007,520,-59
FL-75-1,1958,-2.06372,53.83934,670,-46
FL-75-1,1958,-2.00554,53.83825,609,-37
FL-75-1,1958,-1.97225,53.83897,566,-28
FL-75-1,1958,-1.94019,53.8392,497,-20
FL-75-1,1958,-1.893,53.83934,532,1
FL-75-1,1958,-1.86999,53.83935,460,13
FL-75-1,1958,-1.86406,53.83943,452,11
FL-75-1,1958,-1.8457,53.83924,427,19
FL-75-1,1958,-1.82546,53.83921,399,25
FL-75-1,1958,-1.8146,53.83948,397,28
FL-75-1,1958,-1.80998,53.83919,396,29
FL-75-1,1958,-1.74943,53.83856,421,38
FL-75-1,1958,-1.71106,53.83884,383,32
FL-75-1,1958,-1.65852,53.83868,416,35
FL-75-1,1958,-1.64393,53.8385,424,38
FL-75-1,1958,-1.63401,53.83829,415,41
FL-76-1,1958,-3.15049,53.85128,305,-79
FL-76-1,1958,-3.08005,53.8521,305,-73
FL-76-1,1958,-2.97535,53.85008,315,-60
FL-76-1,1958,-2.86999,53.85429,323,-50
FL-76-1,1958,-2.79304,53.85436,315,-53
FL-76-1,1958,-2.6929,53.85551,382,-61
FL-76-1,1958,-2.6413,53.85488,422,-68
FL-76-1,1958,-2.63443,53.85492,424,-66
FL-76-1,1958,-2.58642,53.85591,408,-71
FL-76-1,1958,-2.45864,53.85622,394,-78
FL-76-1,1958,-2.45648,53.85644,388,-78
FL-76-1,1958,-2.44538,53.85656,368,-76
FL-76-1,1958,-2.42306,53.85639,356,-78
FL-76-1,1958,-2.37758,53.85623,418,-71
FL-76-1,1958,-2.35488,53.85568,495,-66
FL-76-1,1958,-2.33964,53.85579,620,-67
FL-76-1,1958,-2.2626,53.85573,551,-68
FL-76-1,1958,-2.24799,53.85566,530,-67
FL-76-1,1958,-2.24062,53.85587,513,-69
FL-76-1,1958,-2.23896,53.85581,509,-71
FL-76-1,1958,-2.23564,53.85584,501,-69
FL-76-1,1958,-2.23049,53.85576,488,-69
FL-76-1,1958,-2.21391,53.85582,451,-69
FL-76-1,1958,-2.2101,53.85598,445,-66
FL-76-1,1958,-2.19628,53.85602,447,-66
FL-76-1,1958,-2.08572,53.85675,615,-47
FL-76-1,1958,-2.01281,53.85715,650,-37
FL-76-1,1958,-1.98922,53.85718,603,-29
FL-76-1,1958,-1.98197,53.85698,605,-28
FL-76-1,1958,-1.94838,53.8565,544,-19
FL-76-1,1958,-1.91973,53.85656,468,-10
FL-76-1,1958,-1.87275,53.85667,495,10
FL-76-1,1958,-1.85099,53.85652,430,19
FL-76-1,1958,-1.81758,53.85551,466,29
FL-76-1,1958,-1.78114,53.85488,510,40
FL-76-1,1958,-1.75815,53.85466,428,43
FL-76-1,1958,-1.74689,53.85458,398,41
FL-76-1,1958,-1.7418,53.85443,396,43
FL-76-1,1958,-1.72168,53.85415,386,37
FL-76-1,1958,-1.71624,53.85381,386,36
FL-76-1,1958,-1.7123,53.85388,395,38
FL-76-1,1958,-1.62444,53.85603,462,42
FL-76-1,1958,-1.61196,53.85578,468,44
FL-77-1,1958,-2.98518,53.87054,315,-53
FL-77-1,1958,-2.82689,53.872,315,-44
FL-77-1,1958,-2.72127,53.8728,361,-52
FL-77-1,1958,-2.66775,53.87275,464,-60
FL-77-1,1958,-2.55683,53.87282,400,-68
FL-77-1,1958,-2.3782,53.87322,393,-78
FL-77-1,1958,-2.35436,53.8744,438,-73
FL-77-1,1958,-2.30158,53.87618,703,-66
FL-77-1,1958,-2.27896,53.87615,610,-64
FL-77-1,1958,-2.23314,53.87374,544,-69
FL-77-1,1958,-2.22672,53.87353,528,-70
FL-77-1,1958,-2.22121,53.87359,519,-69
FL-77-1,1958,-2.14517,53.87368,530,-59
FL-77-1,1958,-2.02646,53.87436,644,-37
FL-77-1,1958,-1.99414,53.87423,600,-28
FL-77-1,1958,-1.97301,53.87462,610,-18
FL-77-1,1958,-1.9402,53.87415,564,-9
FL-77-1,1958,-1.91821,53.87366,463,-3
FL-77-1,1958,-1.87824,53.87368,422,8
FL-77-1,1958,-1.85621,53.87275,450,19
FL-77-1,1958,-1.81867,53.87388,561,31
FL-77-1,1958,-1.78989,53.87511,539,40
FL-77-1,1958,-1.7281,53.87595,459,44
FL-77-1,1958,-1.71169,53.8757,456,46
FL-77-1,1958,-1.69578,53.87569,467,44
FL-77-1,1958,-1.67467,53.87541,498,44
FL-77-1,1958,-1.65952,53.87474,495,39
FL-77-1,1958,-1.65188,53.87465,486,49
FL-78-1,1958,-3.15365,53.88428,305,-77
FL-78-1,1958,-3.11001,53.88438,305,-74
FL-78-1,1958,-3.0908,53.88605,305,-71
FL-78-1,1958,-3.08394,53.88663,305,-72
FL-78-1,1958,-3.07528,53.88654,305,-70
FL-78-1,1958,-2.97741,53.88859,312,-49
FL-78-1,1958,-2.91562,53.88858,315,-43
FL-78-1,1958,-2.8994,53.88845,315,-40
FL-78-1,1958,-2.88298,53.88845,315,-41
FL-78-1,1958,-2.8499,53.88841,320,-40
FL-78-1,1958,-2.80465,53.88871,318,-43
FL-78-1,1958,-2.75304,53.88943,332,-48
FL-78-1,1958,-2.7425,53.88961,346,-50
FL-78-1,1958,-2.72792,53.88982,391,-49
FL-78-1,1958,-2.71919,53.88983,411,-51
FL-78-1,1958,-2.68295,53.88953,439,-53
FL-78-1,1958,-2.54081,53.89063,414,-71
FL-78-1,1958,-2.39649,53.89158,385,-78
FL-78-1,1958,-2.37639,53.89182,384,-78
FL-78-1,1958,-2.36424,53.89176,391,-77
FL-78-1,1958,-2.35703,53.89173,399,-73
FL-78-1,1958,-2.28437,53.89255,528,-74
FL-78-1,1958,-2.21635,53.8924,633,-67
FL-78-1,1958,-2.16529,53.89232,468,-66
FL-78-1,1958,-2.13532,53.89193,554,-59
FL-78-1,1958,-2.07898,53.89129,577,-48
FL-78-1,1958,-2.03892,53.89156,485,-40
FL-78-1,1958,-2.00859,53.89176,483,-30
FL-78-1,1958,-1.98489,53.8919,467,-21
FL-78-1,1958,-1.95396,53.89233,476,-11
FL-78-1,1958,-1.94818,53.89219,475,-4
FL-78-1,1958,-1.94407,53.89221,467,-6
FL-78-1,1958,-1.93266,53.89215,445,-1
FL-78-1,1958,-1.91225,53.89201,470,7
FL-78-1,1958,-1.90239,53.89208,515,10
FL-78-1,1958,-1.86497,53.89161,590,18
FL-78-1,1958,-1.84817,53.89182,591,24
FL-78-1,1958,-1.81611,53.89183,641,32
FL-78-1,1958,-1.758,53.89102,469,39
FL-78-1,1958,-1.73336,53.89107,440,45
FL-78-1,1958,-1.67861,53.89129,507,49
FL-78-1,1958,-1.63899,53.89121,469,50
FL-79-1,1958,-3.06424,53.90569,305,-67
FL-79-1,1958,-3.00654,53.90612,305,-51
FL-79-1,1958,-2.98662,53.90679,313,-48
FL-79-1,1958,-2.96506,53.90707,315,-46
FL-79-1,1958,-2.94838,53.90691,315,-44
FL-79-1,1958,-2.87304,53.907,315,-36
FL-79-1,1958,-2.8135,53.90814,317,-36
FL-79-1,1958,-2.69848,53.90909,501,-50
FL-79-1,1958,-2.63572,53.90718,535,-55
FL-79-1,1958,-2.63148,53.90704,558,-59
FL-79-1,1958,-2.62417,53.90667,614,-61
FL-79-1,1958,-2.60933,53.90695,634,-60
FL-79-1,1958,-2.60809,53.90699,628,-60
FL-79-1,1958,-2.57606,53.9078,560,-66
FL-79-1,1958,-2.55042,53.90864,486,-64
FL-79-1,1958,-2.44348,53.90943,548,-77
FL-79-1,1958,-2.40404,53.90968,485,-77
FL-79-1,1958,-2.36401,53.90912,418,-81
FL-79-1,1958,-2.28329,53.90973,450,-74
FL-79-1,1958,-2.25281,53.90987,495,-76
FL-79-1,1958,-2.16463,53.91118,466,-65
FL-79-1,1958,-2.14941,53.91151,449,-61
FL-79-1,1958,-2.13376,53.91128,499,-57
FL-79-1,1958,-2.09865,53.91129,608,-48
FL-79-1,1958,-2.053,53.91123,529,-40
FL-79-1,1958,-2.02285,53.91045,495,-30
FL-79-1,1958,-1.99609,53.91074,455,-21
FL-79-1,1958,-1.96725,53.9109,449,-14
FL-79-1,1958,-1.93035,53.91076,428,-1
FL-79-1,1958,-1.89461,53.91212,613,12
FL-79-1,1958,-1.81487,53.91026,633,32
FL-79-1,1958,-1.76821,53.91062,441,38
FL-79-1,1958,-1.71369,53.91007,367,46
FL-79-1,1958,-1.68608,53.91077,376,50
FL-79-1,1958,-1.62932,53.90953,360,56
FL-80-1,1958,-3.18297,53.92215,305,-84
FL-80-1,1958,-3.16474,53.92262,305,-94
FL-80-1,1958,-3.08175,53.9226,305,-64
FL-80-1,1958,-2.9952,53.92692,307,-43
FL-80-1,1958,-2.93729,53.92706,315,-34
FL-80-1,1958,-2.90907,53.92728,315,-29
FL-80-1,1958,-2.81221,53.92586,318,-44
FL-80-1,1958,-2.76172,53.92413,347,-40
FL-80-1,1958,-2.74468,53.92544,409,-39
FL-80-1,1958,-2.72784,53.92655,480,-37
FL-80-1,1958,-2.72279,53.92645,489,-36
FL-80-1,1958,-2.71252,53.9263,482,-40
FL-80-1,1958,-2.64224,53.92462,635,-47
FL-80-1,1958,-2.59302,53.92343,738,-54
FL-80-1,1958,-2.52417,53.92314,441,-60
FL-80-1,1958,-2.51865,53.92379,455,-61
FL-80-1,1958,-2.49333,53.92594,519,-65
FL-80-1,1958,-2.47735,53.9268,523,-66
FL-80-1,1958,-2.46727,53.92704,526,-70
FL-80-1,1958,-2.42522,53.92663,638,-70
FL-80-1,1958,-2.39967,53.92669,580,-68
FL-80-1,1958,-2.3949,53.92652,567,-67
FL-80-1,1958,-2.39335,53.92653,562,-69
FL-80-1,1958,-2.25806,53.92468,469,-72
FL-80-1,1958,-2.21706,53.92617,462,-77
FL-80-1,1958,-2.1548,53.92845,462,-62
FL-80-1,1958,-2.14985,53.92847,452,-61
FL-80-1,1958,-2.08872,53.92806,583,-49
FL-80-1,1958,-2.06321,53.92842,596,-45
FL-80-1,1958,-2.05584,53.92858,588,-42
FL-80-1,1958,-2.04528,53.92882,543,-40
FL-80-1,1958,-2.03479,53.92875,499,-38
FL-80-1,1958,-2.02053,53.92891,446,-32
FL-80-1,1958,-2.01217,53.92879,427,-27
FL-80-1,1958,-1.99526,53.92853,482,-21
FL-80-1,1958,-1.97004,53.92927,551,-15
FL-80-1,1958,-1.95782,53.92942,548,-10
FL-80-1,1958,-1.95231,53.92942,530,-10
FL-80-1,1958,-1.93592,53.92893,494,-7
FL-80-1,1958,-1.9267,53.92891,503,-1
FL-80-1,1958,-1.89875,53.92817,535,10
FL-80-1,1958,-1.86809,53.92817,473,14
FL-80-1,1958,-1.856,53.92788,445,20
FL-80-1,1958,-1.81664,53.92799,409,29
FL-80-1,1958,-1.79852,53.92786,397,35
FL-80-1,1958,-1.79095,53.92791,392,33
FL-80-1,1958,-1.75288,53.92792,403,37
FL-80-1,1958,-1.67353,53.92833,430,57
FL-81-1,1958,-2.91246,53.94228,306,-24
FL-81-1,1958,-2.90055,53.94259,305,-22
FL-81-1,1958,-2.88337,53.94302,308,-24
FL-81-1,1958,-2.86383,53.94351,314,-29
FL-81-1,1958,-2.83381,53.94356,315,-27
FL-81-1,1958,-2.80467,53.94332,315,-29
FL-81-1,1958,-2.77913,53.94305,330,-25
FL-81-1,1958,-2.73644,53.94373,393,-32
FL-81-1,1958,-2.67502,53.94403,654,-37
FL-81-1,1958,-2.62357,53.94408,681,-44
FL-81-1,1958,-2.60108,53.94397,633,-43
FL-81-1,1958,-2.57007,53.94389,601,-48
FL-81-1,1958,-2.51402,53.94504,447,-61
FL-81-1,1958,-2.50905,53.94481,453,-63
FL-81-1,1958,-2.48519,53.94468,459,-61
FL-81-1,1958,-2.42649,53.9448,538,-70
FL-81-1,1958,-2.39832,53.94412,559,-74
FL-81-1,1958,-2.37818,53.94421,506,-73
FL-81-1,1958,-2.32703,53.94593,422,-77
FL-81-1,1958,-2.29403,53.94648,444,-74
FL-81-1,1958,-2.26904,53.94627,410,-80
FL-81-1,1958,-2.24099,53.94589,439,-74
FL-81-1,1958,-2.22627,53.94588,440,-74
FL-81-1,1958,-2.21062,53.94596,452,-72
FL-81-1,1958,-2.17635,53.94647,455,-65
FL-81-1,1958,-2.12188,53.94607,439,-54
FL-81-1,1958,-2.11551,53.94604,435,-54
FL-81-1,1958,-2.10879,53.9462,440,-52
FL-81-1,1958,-2.104,53.94591,443,-50
FL-81-1,1958,-2.08309,53.94596,459,-48
FL-81-1,1958,-2.06769,53.94613,446,-42
FL-81-1,1958,-2.03878,53.94591,420,-32
FL-81-1,1958,-2.01726,53.94582,420,-27
FL-81-1,1958,-2.00211,53.94568,477,-27
FL-81-1,1958,-1.99282,53.9456,535,-24
FL-81-1,1958,-1.97911,53.94578,578,-22
FL-81-1,1958,-1.95939,53.94603,599,-19
FL-81-1,1958,-1.93805,53.94585,565,-11
FL-81-1,1958,-1.89979,53.94552,480,-2
FL-81-1,1958,-1.87998,53.94571,431,7
FL-81-1,1958,-1.8447,53.94556,497,19
FL-81-1,1958,-1.81793,53.94528,498,26
FL-81-1,1958,-1.80063,53.945,478,27
FL-81-1,1958,-1.79741,53.945,477,28
FL-81-1,1958,-1.75948,53.94513,497,39
FL-81-1,1958,-1.72708,53.94532,526,47
FL-81-1,1958,-1.712,53.94509,502,49
FL-81-1,1958,-1.68724,53.94507,453,56
FL-81-1,1958,-1.6773,53.94486,476,56
FL-81-1,1958,-1.6713,53.94488,490,58
FL-81-1,1958,-1.65775,53.94488,512,62
FL-81-1,1958,-1.63784,53.94482,492,58
FL-81-1,1958,-1.6187,53.9451,495,64
FL-81-1,1958,-1.6127,53.9451,499,68
FL-81-1,1958,-1.60919,53.94516,496,69
FL-82-2,1958,-3.18805,53.9617,305,-78
FL-82-2,1958,-3.17798,53.96192,305,-75
FL-82-2,1958,-3.12937,53.9637,305,-55
FL-82-2,1958,-3.07582,53.96645,305,-45
FL-82-2,1958,-2.9829,53.95906,305,-35
FL-82-2,1958,-2.93939,53.95757,305,-28
FL-82-2,1958,-2.88906,53.959,305,-26
FL-82-2,1958,-2.8826,53.95912,305,-25
FL-82-2,1958,-2.83778,53.95995,313,-18
FL-82-2,1958,-2.72577,53.96345,391,-33
FL-82-2,1958,-2.67419,53.96513,500,-39
FL-82-2,1958,-2.62242,53.96384,647,-37
FL-82-2,1958,-2.59618,53.9632,642,-41
FL-82-2,1958,-2.56627,53.96247,584,-40
FL-82-2,1958,-2.55972,53.96236,583,-42
FL-82-2,1958,-2.54219,53.96186,642,-41
FL-82-2,1958,-2.52576,53.96195,524,-48
FL-82-2,1958,-2.5101,53.96213,570,-47
FL-82-2,1958,-2.50356,53.96245,557,-49
FL-82-2,1958,-2.49343,53.96242,526,-52
FL-82-2,1958,-2.47299,53.96182,508,-52
FL-82-2,1958,-2.36678,53.96578,541,-60
FL-82-2,1958,-2.35774,53.96604,523,-61
FL-82-2,1958,-2.34499,53.96676,484,-66
FL-82-2,1958,-2.28914,53.96527,489,-65
FL-82-2,1958,-2.21743,53.96305,476,-68
FL-82-2,1958,-2.15455,53.96303,455,-62
FL-82-2,1958,-2.09331,53.9639,435,-52
FL-82-2,1958,-2.04968,53.96361,424,-43
FL-82-2,1958,-2.01757,53.96302,436,-32
FL-82-2,1958,-1.98823,53.96389,489,-21
FL-82-2,1958,-1.94461,53.96362,542,-10
FL-82-2,1958,-1.90932,53.9628,502,-1
FL-82-2,1958,-1.86565,53.96361,491,8
FL-82-2,1958,-1.85218,53.96388,569,13
FL-82-2,1958,-1.8337,53.96434,605,21
FL-82-2,1958,-1.80232,53.96441,584,30
FL-82-2,1958,-1.7587,53.96464,572,40
FL-82-2,1958,-1.72342,53.96461,487,48
FL-82-2,1958,-1.67951,53.96431,537,59
FL-82-2,1958,-1.63467,53.96335,532,69
FL-83-1,1958,-2.8692,53.97962,311,-8
FL-83-1,1958,-2.82243,53.97934,320,-14
FL-83-1,1958,-2.75159,53.97998,396,-23
FL-83-1,1958,-2.57424,53.9794,642,-43
FL-83-1,1958,-2.54867,53.97978,611,-43
FL-83-1,1958,-2.52532,53.97977,572,-47
FL-83-1,1958,-2.48026,53.98051,590,-46
FL-83-1,1958,-2.45748,53.98097,492,-48
FL-83-1,1958,-2.43621,53.981,475,-47
FL-83-1,1958,-2.40162,53.98093,528,-50
FL-83-1,1958,-2.30572,53.98136,494,-61
FL-83-1,1958,-2.25942,53.98096,446,-63
FL-83-1,1958,-2.24115,53.98099,434,-62
FL-83-1,1958,-2.11943,53.98112,437,-53
FL-83-1,1958,-2.08604,53.98104,425,-52
FL-83-1,1958,-2.04157,53.98139,501,-41
FL-83-1,1958,-2.00524,53.98095,490,-32
FL-83-1,1958,-1.96978,53.98043,492,-22
FL-83-1,1958,-1.93658,53.981,492,-12
FL-83-1,1958,-1.90788,53.98217,463,-2
FL-83-1,1958,-1.86805,53.98136,504,8
FL-83-1,1958,-1.82853,53.98107,625,21
FL-83-1,1958,-1.79325,53.98187,624,31
FL-83-1,1958,-1.76097,53.98221,529,39
FL-83-1,1958,-1.72637,53.98248,483,48
FL-83-1,1958,-1.68487,53.98131,489,58
FL-83-1,1958,-1.63539,53.98069,494,68
FL-84-1,1958,-3.15878,53.99737,305,-75
FL-84-1,1958,-3.08705,53.9951,305,-55
FL-84-1,1958,-3.04798,53.99691,305,-45
FL-84-1,1958,-3.01905,53.99887,305,-35
FL-84-1,1958,-2.98655,54.0003,305,-25
FL-84-1,1958,-2.93902,53.99947,305,-15
FL-84-1,1958,-2.90669,53.99686,305,-11
FL-84-1,1958,-2.8119,53.99704,319,-15
FL-84-1,1958,-2.7867,53.99798,330,-19
FL-84-1,1958,-2.7592,53.99753,392,-20
FL-84-1,1958,-2.75045,53.99737,414,-23
FL-84-1,1958,-2.72036,53.99725,471,-32
FL-84-1,1958,-2.67614,53.99815,510,-39
FL-84-1,1958,-2.66867,53.99819,500,-38
FL-84-1,1958,-2.60285,53.99846,598,-41
FL-84-1,1958,-2.59503,53.99864,652,-39
FL-84-1,1958,-2.53078,54.00018,649,-43
FL-84-1,1958,-2.48716,54.00068,643,-40
FL-84-1,1958,-2.36359,53.99958,552,-50
FL-84-1,1958,-2.33481,53.99936,520,-55
FL-84-1,1958,-2.3054,53.99948,497,-53
FL-84-1,1958,-2.23703,53.99976,436,-58
FL-84-1,1958,-2.22159,53.99972,447,-55
FL-84-1,1958,-2.20853,53.99984,468,-57
FL-84-1,1958,-2.10143,54.00046,441,-47
FL-84-1,1958,-2.07725,54.00018,476,-46
FL-84-1,1958,-2.04691,53.99951,532,-41
FL-84-1,1958,-2.02824,53.99861,564,-34
FL-84-1,1958,-2.00259,53.99894,687,-28
FL-84-1,1958,-1.95478,53.99996,587,-20
FL-84-1,1958,-1.92975,54.00005,520,-11
FL-84-1,1958,-1.90613,54.0001,477,-2
FL-84-1,1958,-1.88166,53.99993,498,7
FL-84-1,1958,-1.87888,54.00007,511,6
FL-84-1,1958,-1.8742,54.0001,532,9
FL-84-1,1958,-1.86551,53.99989,570,12
FL-84-1,1958,-1.85977,53.99993,599,11
FL-84-1,1958,-1.81968,53.99976,627,21
FL-84-1,1958,-1.78452,53.99961,588,30
FL-84-1,1958,-1.75808,53.99941,510,38
FL-84-1,1958,-1.72508,53.99938,523,48
FL-84-1,1958,-1.67677,54.00038,523,58
FL-84-1,1958,-1.64878,54.00026,511,68
FL-84-1,1958,-1.63986,54.00017,506,72
FL-85-1,1958,-2.91869,54.0144,305,-12
FL-85-1,1958,-2.85799,54.01545,313,-7
FL-85-1,1958,-2.83005,54.01584,309,-14
FL-85-1,1958,-2.81492,54.01584,326,-14
FL-85-1,1958,-2.80829,54.01605,329,-15
FL-85-1,1958,-2.76393,54.01698,380,-24
FL-85-1,1958,-2.76255,54.01697,376,-34
FL-85-1,1958,-2.67412,54.01925,700,-37
FL-85-1,1958,-2.65069,54.01942,733,-38
FL-85-1,1958,-2.61865,54.01953,821,-35
FL-85-1,1958,-2.57438,54.016,777,-35
FL-85-1,1958,-2.5332,54.01539,698,-33
FL-85-1,1958,-2.50486,54.01591,741,-36
FL-85-1,1958,-2.23609,54.01747,477,-49
FL-85-1,1958,-2.15586,54.01828,467,-47
FL-85-1,1958,-2.13443,54.01789,464,-48
FL-85-1,1958,-2.06603,54.01835,480,-42
FL-85-1,1958,-2.00312,54.01801,728,-27
FL-85-1,1958,-1.96524,54.01816,634,-19
FL-85-1,1958,-1.93864,54.01823,544,-11
FL-85-1,1958,-1.87855,54.01796,636,11
FL-85-1,1958,-1.83732,54.01801,690,22
FL-85-1,1958,-1.81172,54.01774,600,30
FL-85-1,1958,-1.77205,54.01712,551,39
FL-85-1,1958,-1.74386,54.01725,542,48
FL-85-1,1958,-1.7202,54.01766,507,58
FL-85-1,1958,-1.70983,54.0175,511,60
FL-85-1,1958,-1.70559,54.01756,514,59
FL-85-1,1958,-1.67582,54.01786,511,68
FL-85-1,1958,-1.64744,54.01839,459,77
FL-85-1,1958,-1.63368,54.01856,437,79
FL-86-1,1958,-3.17947,54.03166,305,-68
FL-86-1,1958,-3.16783,54.03138,305,-66
FL-86-1,1958,-3.15278,54.03049,305,-61
FL-86-1,1958,-3.12927,54.03023,305,-56
FL-86-1,1958,-3.02043,54.03185,305,-36
FL-86-1,1958,-2.96819,54.03287,305,-29
FL-86-1,1958,-2.85409,54.0337,315,-22
FL-86-1,1958,-2.82937,54.03391,316,-23
FL-86-1,1958,-2.81693,54.03404,332,-20
FL-86-1,1958,-2.77374,54.03394,405,-21
FL-86-1,1958,-2.76725,54.03391,410,-23
FL-86-1,1958,-2.74599,54.03355,389,-27
FL-86-1,1958,-2.73581,54.03343,400,-27
FL-86-1,1958,-2.72257,54.03309,463,-29
FL-86-1,1958,-2.7124,54.03341,541,-28
FL-86-1,1958,-2.70478,54.03358,597,-31
FL-86-1,1958,-2.68927,54.03394,669,-30
FL-86-1,1958,-2.67454,54.03392,660,-33
FL-86-1,1958,-2.66929,54.03417,641,-33
FL-86-1,1958,-2.66038,54.03439,627,-34
FL-86-1,1958,-2.64109,54.03454,672,-34
FL-86-1,1958,-2.61136,54.03475,742,-35
FL-86-1,1958,-2.5539,54.03471,670,-32
FL-86-1,1958,-2.54026,54.03466,667,-34
FL-86-1,1958,-2.51346,54.034,705,-31
FL-86-1,1958,-2.47922,54.03348,717,-33
FL-86-1,1958,-2.437,54.03388,625,-34
FL-86-1,1958,-2.41535,54.03366,674,-29
FL-86-1,1958,-2.38032,54.03323,610,-32
FL-86-1,1958,-2.31301,54.03626,476,-32
FL-86-1,1958,-2.10083,54.03681,523,-41
FL-86-1,1958,-2.03014,54.03674,541,-31
FL-86-1,1958,-1.98346,54.03619,726,-18
FL-86-1,1958,-1.94625,54.03591,549,-11
FL-86-1,1958,-1.93947,54.03593,524,-10
FL-86-1,1958,-1.91336,54.03575,483,-3
FL-86-1,1958,-1.90678,54.0356,491,8
FL-86-1,1958,-1.88399,54.0359,655,18
FL-86-1,1958,-1.86593,54.036,718,20
FL-86-1,1958,-1.85901,54.03589,723,22
FL-86-1,1958,-1.81709,54.03598,616,30
FL-86-1,1958,-1.78371,54.03503,580,39
FL-86-1,1958,-1.7517,54.03601,531,48
FL-86-1,1958,-1.72716,54.03635,494,57
FL-86-1,1958,-1.70176,54.03601,418,66
FL-86-1,1958,-1.63937,54.03439,412,74
FL-87-1,1958,-3.17486,54.04906,305,-49
FL-87-1,1958,-3.15036,54.04904,305,-49
FL-87-1,1958,-3.12487,54.04929,305,-46
FL-87-1,1958,-3.06665,54.04919,305,-36
FL-87-1,1958,-3.01248,54.04899,305,-26
FL-87-1,1958,-3.00115,54.04901,305,-22
FL-87-1,1958,-2.9938,54.04899,305,-23
FL-87-1,1958,-2.98164,54.04894,305,-21
FL-87-1,1958,-2.97584,54.04893,305,-16
FL-87-1,1958,-2.96436,54.04892,305,-18
FL-87-1,1958,-2.95779,54.04893,305,-16
FL-87-1,1958,-2.9485,54.0489,305,-16
FL-87-1,1958,-2.9073,54.05152,307,-14
FL-87-1,1958,-2.8985,54.05142,311,-14
FL-87-1,1958,-2.88656,54.05113,315,-13
FL-87-1,1958,-2.86221,54.05082,315,-16
FL-87-1,1958,-2.85784,54.05071,315,-17
FL-87-1,1958,-2.83953,54.0503,315,-18
FL-87-1,1958,-2.761,54.05221,386,-25
FL-87-1,1958,-2.74406,54.05236,379,-28
FL-87-1,1958,-2.70622,54.05261,455,-28
FL-87-1,1958,-2.68678,54.05218,472,-32
FL-87-1,1958,-2.61108,54.05142,559,-37
FL-87-1,1958,-2.53314,54.05121,542,-32
FL-87-1,1958,-2.5056,54.05146,578,-30
FL-87-1,1958,-2.45244,54.05256,658,-28
FL-87-1,1958,-2.3757,54.05401,608,-20
FL-87-1,1958,-2.32641,54.05449,513,-17
FL-87-1,1958,-2.29824,54.05382,446,-20
FL-87-1,1958,-2.27277,54.0533,528,-21
FL-87-1,1958,-2.16624,54.05356,543,-31
FL-87-1,1958,-2.13269,54.05323,603,-30
FL-87-1,1958,-2.10713,54.05312,614,-33
FL-87-1,1958,-2.08405,54.05298,551,-31
FL-87-1,1958,-2.06966,54.05304,591,-26
FL-87-1,1958,-2.0576,54.05303,588,-27
FL-87-1,1958,-2.02491,54.05375,507,-22
FL-87-1,1958,-1.99524,54.0544,546,-11
FL-87-1,1958,-1.96288,54.0546,486,-3
FL-87-1,1958,-1.9341,54.05455,525,8
FL-87-1,1958,-1.90153,54.05379,585,19
FL-87-1,1958,-1.86727,54.05363,647,30
FL-87-1,1958,-1.86477,54.05357,659,34
FL-87-1,1958,-1.83055,54.05318,668,37
FL-87-1,1958,-1.81214,54.05369,660,41
FL-87-1,1958,-1.77559,54.05401,629,50
FL-87-1,1958,-1.75148,54.05403,594,59
FL-87-1,1958,-1.72748,54.05369,506,67
FL-87-1,1958,-1.70371,54.05355,425,76
FL-87-1,1958,-1.67512,54.05329,503,86
FL-88-1,1958,-3.18688,54.06664,305,-46
FL-88-1,1958,-3.08849,54.06782,305,-37
FL-88-1,1958,-3.07871,54.06739,305,-37
FL-88-1,1958,-3.07401,54.0672,305,-36
FL-88-1,1958,-3.0055,54.06543,305,-26
FL-88-1,1958,-2.92159,54.06614,305,-16
FL-88-1,1958,-2.8441,54.07004,311,-20
FL-88-1,1958,-2.77187,54.06846,347,-27
FL-88-1,1958,-2.75765,54.06809,355,-31
FL-88-1,1958,-2.72174,54.06821,362,-32
FL-88-1,1958,-2.70735,54.0689,379,-34
FL-88-1,1958,-2.64057,54.07016,629,-39
FL-88-1,1958,-2.61587,54.07015,537,-38
FL-88-1,1958,-2.60639,54.07019,487,-42
FL-88-1,1958,-2.54643,54.07086,508,-37
FL-88-1,1958,-2.54074,54.071,499,-38
FL-88-1,1958,-2.49084,54.07234,586,-30
FL-88-1,1958,-2.42685,54.07245,546,-21
FL-88-1,1958,-2.37016,54.07182,508,-12
FL-88-1,1958,-2.29135,54.07253,464,-7
FL-88-1,1958,-2.26225,54.07325,614,-10
FL-88-1,1958,-2.25517,54.07308,665,-12
FL-88-1,1958,-2.22091,54.07277,771,-17
FL-88-1,1958,-2.20065,54.07258,807,-19
FL-88-1,1958,-2.1763,54.07242,708,-20
FL-88-1,1958,-2.07238,54.07236,656,-19
FL-88-1,1958,-1.97477,54.07207,569,9
FL-88-1,1958,-1.94489,54.0712,596,19
FL-88-1,1958,-1.92203,54.07085,580,29
FL-88-1,1958,-1.92113,54.07079,579,29
FL-88-1,1958,-1.87623,54.07179,652,40
FL-88-1,1958,-1.81892,54.07246,672,51
FL-88-1,1958,-1.78665,54.07208,608,59
FL-88-1,1958,-1.74182,54.07206,472,76
FL-88-1,1958,-1.71744,54.07209,452,86
FL-88-1,1958,-1.68076,54.07184,532,94
FL-88-1,1958,-1.64264,54.07245,464,86
FL-88-1,1958,-1.60555,54.07157,436,75
FL-89-1,1958,-3.17568,54.08392,305,-36
FL-89-1,1958,-3.16797,54.08385,306,-35
FL-89-1,1958,-3.15475,54.08395,309,-36
FL-89-1,1958,-3.14062,54.08438,305,-36
FL-89-1,1958,-3.1312,54.08445,305,-37
FL-89-1,1958,-3.12765,54.08448,305,-36
FL-89-1,1958,-3.11632,54.08454,305,-38
FL-89-1,1958,-3.11194,54.0847,305,-36
FL-89-1,1958,-3.1061,54.08471,305,-33
FL-89-1,1958,-3.10047,54.08471,305,-33
FL-89-1,1958,-3.09465,54.08476,305,-30
FL-89-1,1958,-3.08396,54.08478,305,-34
FL-89-1,1958,-3.00578,54.08513,305,-26
FL-89-1,1958,-2.98655,54.08533,305,-23
FL-89-1,1958,-2.95295,54.08566,305,-23
FL-89-1,1958,-2.90557,54.086,305,-18
FL-89-1,1958,-2.82514,54.08645,315,-25
FL-89-1,1958,-2.81618,54.08642,320,-24
FL-89-1,1958,-2.80894,54.0866,326,-26
FL-89-1,1958,-2.7319,54.08792,393,-34
FL-89-1,1958,-2.64514,54.08799,460,-43
FL-89-1,1958,-2.62852,54.08813,471,-44
FL-89-1,1958,-2.47514,54.08866,586,-21
FL-89-1,1958,-2.43294,54.08875,502,-12
FL-89-1,1958,-2.38447,54.08885,454,-3
FL-89-1,1958,-2.3276,54.08942,505,4
FL-89-1,1958,-2.27813,54.08953,522,2
FL-89-1,1958,-2.27316,54.08946,540,4
FL-89-1,1958,-2.26862,54.08953,558,2
FL-89-1,1958,-2.22342,54.08992,704,-8
FL-89-1,1958,-2.13637,54.08983,703,-17
FL-89-1,1958,-2.06968,54.08947,689,-9
FL-89-1,1958,-2.04574,54.08955,576,-1
FL-89-1,1958,-2.02867,54.08951,533,8
FL-89-1,1958,-1.99941,54.08976,607,19
FL-89-1,1958,-1.95945,54.09005,643,30
FL-89-1,1958,-1.92511,54.09023,652,40
FL-89-1,1958,-1.92487,54.09013,651,40
FL-89-1,1958,-1.83042,54.08962,634,54
FL-89-1,1958,-1.79993,54.08903,538,58
FL-89-1,1958,-1.77347,54.08896,484,66
FL-89-1,1958,-1.7489,54.09012,547,78
FL-89-1,1958,-1.72436,54.09141,574,88
FL-89-1,1958,-1.6881,54.09158,535,95
FL-89-1,1958,-1.64753,54.09011,506,87
FL-89-1,1958,-1.61693,54.08924,457,76
FL-90-1,1958,-3.19991,54.10179,311,-39
FL-90-1,1958,-3.19104,54.10136,316,-37
FL-90-1,1958,-3.18676,54.10135,319,-34
FL-90-1,1958,-3.17279,54.10117,325,-35
FL-90-1,1958,-3.13936,54.10076,317,-34
FL-90-1,1958,-3.10645,54.10309,305,-36
FL-90-1,1958,-3.0949,54.10375,305,-29
FL-90-1,1958,-3.08835,54.10422,305,-30
FL-90-1,1958,-3.08602,54.10442,305,-27
FL-90-1,1958,-3.07915,54.1048,305,-27
FL-90-1,1958,-3.06768,54.10493,305,-24
FL-90-1,1958,-3.00433,54.10501,305,-17
FL-90-1,1958,-2.9662,54.1032,305,-17
FL-90-1,1958,-2.93348,54.10166,305,-14
FL-90-1,1958,-2.88404,54.10171,305,-16
FL-90-1,1958,-2.8164,54.1046,306,-26
FL-90-1,1958,-2.7653,54.10596,369,-35
FL-90-1,1958,-2.66792,54.10589,348,-46
FL-90-1,1958,-2.65116,54.1062,330,-48
FL-90-1,1958,-2.55124,54.1067,423,-44
FL-90-1,1958,-2.51891,54.10738,435,-24
FL-90-1,1958,-2.48784,54.10734,439,-14
FL-90-1,1958,-2.4403,54.10681,448,-4
FL-90-1,1958,-2.39568,54.10687,448,6
FL-90-1,1958,-2.33539,54.10729,506,16
FL-90-1,1958,-2.27201,54.10799,603,9
FL-90-1,1958,-2.19785,54.10772,790,-7
FL-90-1,1958,-2.1544,54.10784,750,-10
FL-90-1,1958,-2.11901,54.10828,790,-7
FL-90-1,1958,-2.08298,54.10822,748,2
FL-90-1,1958,-2.05884,54.10829,625,10
FL-90-1,1958,-2.0393,54.10809,522,17
FL-90-1,1958,-2.02248,54.10833,583,29
FL-90-1,1958,-2.00099,54.1084,675,41
FL-90-1,1958,-1.98016,54.10852,709,51
FL-90-1,1958,-1.95035,54.10865,745,62
FL-90-1,1958,-1.92219,54.10859,745,66
FL-90-1,1958,-1.8883,54.10864,782,63
FL-90-1,1958,-1.84989,54.10853,719,56
FL-90-1,1958,-1.84257,54.10941,696,55
FL-90-1,1958,-1.8011,54.10814,526,57
FL-90-1,1958,-1.79052,54.1076,500,60
FL-90-1,1958,-1.78212,54.10765,488,65
FL-90-1,1958,-1.74516,54.10803,647,69
FL-90-1,1958,-1.73786,54.10832,619,79
FL-90-1,1958,-1.70544,54.10854,557,88
FL-90-1,1958,-1.68084,54.10913,537,87
FL-90-1,1958,-1.64717,54.10844,493,76
FL-90-1,1958,-1.62067,54.10738,467,66
FL-91-2,1958,-3.11485,54.12128,328,-26
FL-91-2,1958,-3.11411,54.12126,327,-36
FL-91-2,1958,-3.06327,54.12164,305,-17
FL-91-2,1958,-3.06246,54.12135,305,-27
FL-91-2,1958,-2.98138,54.12191,305,-7
FL-91-2,1958,-2.90032,54.12283,305,-17
FL-91-2,1958,-2.90018,54.12249,305,-17
FL-91-2,1958,-2.83586,54.12329,305,-27
FL-91-2,1958,-2.7833,54.1235,331,-31
FL-91-2,1958,-2.78293,54.12327,332,-31
FL-91-2,1958,-2.7755,54.12326,339,-27
FL-91-2,1958,-2.77525,54.12362,338,-27
FL-91-2,1958,-2.75877,54.1238,334,-36
FL-91-2,1958,-2.75694,54.12394,339,-32
FL-91-2,1958,-2.75685,54.12432,337,-36
FL-91-2,1958,-2.72422,54.12498,377,-42
FL-91-2,1958,-2.72408,54.1246,379,-42
FL-91-2,1958,-2.70846,54.12422,408,-42
FL-91-2,1958,-2.70833,54.12389,409,-42
FL-91-2,1958,-2.69306,54.12393,415,-44
FL-91-2,1958,-2.69296,54.12428,415,-44
FL-91-2,1958,-2.68399,54.12442,408,-46
FL-91-2,1958,-2.6839,54.12411,407,-46
FL-91-2,1958,-2.6488,54.12504,353,-47
FL-91-2,1958,-2.64864,54.12472,352,-49
FL-91-2,1958,-2.62546,54.12492,384,-48
FL-91-2,1958,-2.62509,54.12474,386,-48
FL-91-2,1958,-2.61315,54.12455,390,-47
FL-91-2,1958,-2.59767,54.12493,380,-45
FL-91-2,1958,-2.59742,54.12467,380,-45
FL-91-2,1958,-2.55739,54.12501,386,-35
FL-91-2,1958,-2.55729,54.12539,386,-55
FL-91-2,1958,-2.5296,54.12601,404,-25
FL-91-2,1958,-2.50418,54.12612,423,-14
FL-91-2,1958,-2.47751,54.12579,453,-4
FL-91-2,1958,-2.47722,54.12584,453,-4
FL-91-2,1958,-2.44571,54.12556,470,7
FL-91-2,1958,-2.44531,54.12523,470,7
FL-91-2,1958,-2.42116,54.12528,483,17
FL-91-2,1958,-2.41999,54.12507,483,17
FL-91-2,1958,-2.37018,54.12532,562,28
FL-91-2,1958,-2.36965,54.12492,561,28
FL-91-2,1958,-2.32075,54.12567,608,27
FL-91-2,1958,-2.32044,54.12591,612,27
FL-91-2,1958,-2.2868,54.12024,562,18
FL-91-2,1958,-2.23738,54.12436,709,11
FL-91-2,1958,-2.19025,54.12581,803,6
FL-91-2,1958,-2.19019,54.12623,806,6
FL-91-2,1958,-2.10938,54.12598,708,11
FL-91-2,1958,-2.10912,54.12594,707,11
FL-91-2,1958,-2.0811,54.12579,614,19
FL-91-2,1958,-2.08102,54.12568,616,19
FL-91-2,1958,-2.05946,54.12567,588,29
FL-91-2,1958,-2.05879,54.12554,586,29
FL-91-2,1958,-2.03363,54.12569,577,38
FL-91-2,1958,-2.03297,54.12559,581,38
FL-91-2,1958,-2.00397,54.126,754,52
FL-91-2,1958,-2.0032,54.12577,756,52
FL-91-2,1958,-1.97178,54.12607,790,63
FL-91-2,1958,-1.88821,54.12354,777,62
FL-91-2,1958,-1.81719,54.12601,517,48
FL-91-2,1958,-1.81713,54.12605,517,48
FL-91-2,1958,-1.76733,54.12677,660,60
FL-91-2,1958,-1.76731,54.12664,659,60
FL-91-2,1958,-1.74638,54.12648,638,69
FL-91-2,1958,-1.74625,54.12676,638,69
FL-91-2,1958,-1.70963,54.12713,564,75
FL-91-2,1958,-1.70943,54.12695,564,75
FL-91-2,1958,-1.65908,54.12595,488,66
FL-91-2,1958,-1.65891,54.12589,488,66
FL-91-2,1958,-1.63331,54.12645,431,55
FL-91-2,1958,-1.63323,54.1264,430,55
FL-92-1,1958,-3.1466,54.13899,358,-16
FL-92-1,1958,-3.13288,54.1389,343,-16
FL-92-1,1958,-3.09459,54.13954,348,-8
FL-92-1,1958,-3.08565,54.13946,320,-9
FL-92-1,1958,-3.07743,54.14009,305,-7
FL-92-1,1958,-3.02442,54.13991,305,3
FL-92-1,1958,-2.92542,54.1405,305,-4
FL-92-1,1958,-2.91415,54.14038,305,-7
FL-92-1,1958,-2.8769,54.14059,305,-17
FL-92-1,1958,-2.83,54.14067,305,-27
FL-92-1,1958,-2.77211,54.14093,331,-36
FL-92-1,1958,-2.71004,54.14238,348,-46
FL-92-1,1958,-2.65418,54.14237,386,-48
FL-92-1,1958,-2.60895,54.14259,350,-46
FL-92-1,1958,-2.56067,54.14257,385,-35
FL-92-1,1958,-2.53603,54.14298,397,-25
FL-92-1,1958,-2.50826,54.1432,401,-15
FL-92-1,1958,-2.48189,54.14315,421,-5
FL-92-1,1958,-2.47325,54.14281,427,-2
FL-92-1,1958,-2.46854,54.14237,432,4
FL-92-1,1958,-2.46285,54.14226,450,6
FL-92-1,1958,-2.43809,54.15042,596,29
FL-92-1,1958,-2.41625,54.14952,734,42
FL-92-1,1958,-2.39583,54.14849,751,47
FL-92-1,1958,-2.36615,54.14704,692,50
FL-92-1,1958,-2.36192,54.14704,693,51
FL-92-1,1958,-2.34211,54.14613,667,55
FL-92-1,1958,-2.32759,54.14557,654,55
FL-92-1,1958,-2.31422,54.14484,644,59
FL-92-1,1958,-2.30837,54.14481,603,59
FL-92-1,1958,-2.30494,54.14471,582,69
FL-92-1,1958,-2.30327,54.14444,569,80
FL-92-1,1958,-2.3012,54.14435,554,68
FL-92-1,1958,-2.29961,54.14439,546,58
FL-92-1,1958,-2.29733,54.1443,549,52
FL-92-1,1958,-2.29054,54.14409,559,48
FL-92-1,1958,-2.28185,54.14393,585,44
FL-92-1,1958,-2.27307,54.14385,646,49
FL-92-1,1958,-2.26611,54.14388,691,41
FL-92-1,1958,-2.24638,54.14367,747,32
FL-92-1,1958,-2.21455,54.14349,843,28
FL-92-1,1958,-2.20119,54.14368,885,31
FL-92-1,1958,-2.1583,54.14409,806,26
FL-92-1,1958,-2.12549,54.14424,615,29
FL-92-1,1958,-2.10303,54.1442,618,36
FL-92-1,1958,-2.08242,54.14418,707,37
FL-92-1,1958,-2.07265,54.14435,728,41
FL-92-1,1958,-2.0461,54.14394,598,48
FL-92-1,1958,-2.02943,54.1437,666,46
FL-92-1,1958,-2.00178,54.14348,854,54
FL-92-1,1958,-1.95891,54.14331,826,63
FL-92-1,1958,-1.93712,54.14289,791,68
FL-92-1,1958,-1.92012,54.14312,743,58
FL-92-1,1958,-1.89339,54.143,729,56
FL-92-1,1958,-1.87253,54.14291,661,50
FL-92-1,1958,-1.84258,54.14331,556,37
FL-92-1,1958,-1.82788,54.14352,523,34
FL-92-1,1958,-1.81783,54.14364,555,36
FL-92-1,1958,-1.80643,54.14381,594,35
FL-92-1,1958,-1.78945,54.14401,623,39
FL-92-1,1958,-1.75747,54.14416,660,49
FL-92-1,1958,-1.69326,54.14484,484,56
FL-92-1,1958,-1.65438,54.14493,480,45
FL-93-1,1958,-3.19631,54.155,362,-16
FL-93-1,1958,-3.19415,54.15503,363,-18
FL-93-1,1958,-3.18847,54.15506,365,-16
FL-93-1,1958,-3.17655,54.15526,365,-9
FL-93-1,1958,-3.17326,54.15528,365,-11
FL-93-1,1958,-3.13868,54.15615,377,-6
FL-93-1,1958,-3.09168,54.15683,382,4
FL-93-1,1958,-3.05809,54.15682,307,6
FL-93-1,1958,-3.0262,54.15699,305,4
FL-93-1,1958,-2.97009,54.15756,310,8
FL-93-1,1958,-2.94012,54.15752,308,3
FL-93-1,1958,-2.90245,54.15776,305,-7
FL-93-1,1958,-2.86715,54.15792,305,-17
FL-93-1,1958,-2.82922,54.15807,320,-27
FL-93-1,1958,-2.70114,54.15823,388,-45
FL-93-1,1958,-2.65257,54.15932,359,-48
FL-93-1,1958,-2.61366,54.15913,337,-47
FL-93-1,1958,-2.57278,54.15912,360,-36
FL-93-1,1958,-2.54366,54.15904,394,-25
FL-93-1,1958,-2.51799,54.15903,425,-15
FL-93-1,1958,-2.49594,54.15842,435,-5
FL-93-1,1958,-2.48554,54.15788,444,5
FL-93-1,1958,-2.47827,54.15772,451,6
FL-93-1,1958,-2.46246,54.15684,480,16
FL-93-1,1958,-2.45276,54.15641,519,27
FL-93-1,1958,-2.45089,54.1561,533,29
FL-93-1,1958,-2.43197,54.15561,658,40
FL-93-1,1958,-2.40546,54.15805,834,54
FL-93-1,1958,-2.38442,54.15993,843,60
FL-93-1,1958,-2.37865,54.16051,815,63
FL-93-1,1958,-2.36014,54.16118,744,72
FL-93-1,1958,-2.32376,54.16053,612,79
FL-93-1,1958,-2.29913,54.16097,574,78
FL-93-1,1958,-2.27689,54.16153,688,70
FL-93-1,1958,-2.26027,54.16107,790,63
FL-93-1,1958,-2.24269,54.15984,843,56
FL-93-1,1958,-2.2315,54.15929,805,53
FL-93-1,1958,-2.19555,54.15832,763,47
FL-93-1,1958,-2.17148,54.15826,774,42
FL-93-1,1958,-2.16612,54.15805,750,40
FL-93-1,1958,-2.12379,54.15837,673,36
FL-93-1,1958,-2.09835,54.15911,788,42
FL-93-1,1958,-2.07821,54.15935,680,50
FL-93-1,1958,-2.06508,54.15941,611,56
FL-93-1,1958,-2.03421,54.16012,661,56
FL-93-1,1958,-2.00067,54.16083,918,55
FL-93-1,1958,-1.98402,54.16109,930,54
FL-93-1,1958,-1.97732,54.16141,901,54
FL-93-1,1958,-1.97292,54.16129,880,57
FL-93-1,1958,-1.94252,54.16143,797,57
FL-93-1,1958,-1.88046,54.16206,601,33
FL-93-1,1958,-1.86739,54.1614,562,29
FL-93-1,1958,-1.86248,54.16112,548,30
FL-93-1,1958,-1.85618,54.16075,533,27
FL-93-1,1958,-1.83324,54.16083,607,18
FL-93-1,1958,-1.81151,54.1613,689,17
FL-93-1,1958,-1.79097,54.16166,690,20
FL-93-1,1958,-1.75297,54.1622,660,29
FL-93-1,1958,-1.70581,54.16253,530,36
FL-93-1,1958,-1.68621,54.16201,489,39
FL-93-1,1958,-1.61722,54.16156,420,30
FL-94-1,1958,-3.18652,54.17418,404,-16
FL-94-1,1958,-3.16472,54.17467,405,-10
FL-94-1,1958,-3.14496,54.17474,385,-6
FL-94-1,1958,-3.12384,54.17487,376,4
FL-94-1,1958,-3.09582,54.17454,354,13
FL-94-1,1958,-3.06248,54.17456,317,20
FL-94-1,1958,-3.03649,54.17457,305,15
FL-94-1,1958,-3.01112,54.17549,308,23
FL-94-1,1958,-2.97295,54.17597,326,30
FL-94-1,1958,-2.95197,54.17677,333,23
FL-94-1,1958,-2.91723,54.17723,314,8
FL-94-1,1958,-2.91245,54.17743,305,2
FL-94-1,1958,-2.88847,54.17745,305,-7
FL-94-1,1958,-2.87742,54.17714,305,-10
FL-94-1,1958,-2.87142,54.17695,305,-10
FL-94-1,1958,-2.85359,54.177,314,-17
FL-94-1,1958,-2.77048,54.17743,352,-36
FL-94-1,1958,-2.66055,54.17798,435,-44
FL-94-1,1958,-2.57862,54.17728,366,-36
FL-94-1,1958,-2.54163,54.17797,426,-25
FL-94-1,1958,-2.52076,54.17849,489,-14
FL-94-1,1958,-2.50427,54.17879,496,-4
FL-94-1,1958,-2.48886,54.17882,587,8
FL-94-1,1958,-2.46624,54.17882,583,28
FL-94-1,1958,-2.45581,54.17902,638,39
FL-94-1,1958,-2.45028,54.1791,643,49
FL-94-1,1958,-2.44902,54.17902,639,52
FL-94-1,1958,-2.44225,54.17931,624,59
FL-94-1,1958,-2.43683,54.17931,611,64
FL-94-1,1958,-2.43379,54.17926,606,69
FL-94-1,1958,-2.42828,54.17962,593,78
FL-94-1,1958,-2.42426,54.17961,586,88
FL-94-1,1958,-2.41838,54.17965,601,99
FL-94-1,1958,-2.41138,54.17977,619,109
FL-94-1,1958,-2.39833,54.17905,688,120
FL-94-1,1958,-2.38266,54.17936,790,132
FL-94-1,1958,-2.33848,54.17872,617,137
FL-94-1,1958,-2.30366,54.17915,630,119
FL-94-1,1958,-2.29428,54.17929,675,110
FL-94-1,1958,-2.28673,54.17921,707,101
FL-94-1,1958,-2.27573,54.17919,732,91
FL-94-1,1958,-2.26015,54.17916,768,82
FL-94-1,1958,-2.24049,54.17915,819,73
FL-94-1,1958,-2.2159,54.17918,797,66
FL-94-1,1958,-2.18693,54.17965,668,50
FL-94-1,1958,-2.17877,54.17924,647,47
FL-94-1,1958,-2.1727,54.17935,698,50
FL-94-1,1958,-2.15882,54.1798,803,63
FL-94-1,1958,-2.14336,54.17939,774,72
FL-94-1,1958,-2.13163,54.17959,803,77
FL-94-1,1958,-2.1159,54.17971,825,73
FL-94-1,1958,-2.10686,54.17965,734,65
FL-94-1,1958,-2.08626,54.17957,582,60
FL-94-1,1958,-2.0624,54.17967,754,51
FL-94-1,1958,-2.03128,54.17955,805,43
FL-94-1,1958,-2.00096,54.17959,849,50
FL-94-1,1958,-1.99372,54.17964,864,52
FL-94-1,1958,-1.95202,54.17966,718,40
FL-94-1,1958,-1.93898,54.17956,712,30
FL-94-1,1958,-1.91656,54.18038,718,10
FL-94-1,1958,-1.90142,54.18114,691,0
FL-94-1,1958,-1.88903,54.18181,670,-6
FL-94-1,1958,-1.84342,54.18231,654,-7
FL-94-1,1958,-1.8292,54.18209,698,-9
FL-94-1,1958,-1.7819,54.18068,588,-3
FL-94-1,1958,-1.75553,54.17939,634,8
FL-94-1,1958,-1.70191,54.17858,566,17
FL-94-1,1958,-1.67005,54.17858,488,23
FL-94-1,1958,-1.65125,54.17859,458,22
FL-94-1,1958,-1.62078,54.17918,403,23
FL-95-1,1958,-3.18415,54.18875,409,-12
FL-95-1,1958,-3.1841,54.18874,409,-12
FL-95-1,1958,-3.19257,54.1899,367,-20
FL-95-2,1958,-3.18972,54.18952,378,-16
FL-95-2,1958,-3.18611,54.18903,400,-12
FL-95-2,1958,-3.18078,54.18833,424,-7
FL-95-2,1958,-3.15992,54.18731,454,-8
FL-95-2,1958,-3.1401,54.18879,424,-5
FL-95-2,1958,-3.12022,54.18995,389,4
FL-95-2,1958,-3.10211,54.19104,364,13
FL-95-2,1958,-3.0933,54.1917,350,23
FL-95-2,1958,-3.08724,54.192,337,29
FL-95-2,1958,-3.07931,54.19258,325,24
FL-95-2,1958,-3.06685,54.19281,325,24
FL-95-2,1958,-3.06473,54.19259,322,21
FL-95-2,1958,-3.06319,54.19276,320,22
FL-95-2,1958,-3.04694,54.19278,305,32
FL-95-2,1958,-3.01535,54.19294,317,42
FL-95-2,1958,-3.01155,54.19284,321,44
FL-95-2,1958,-2.99289,54.19313,339,53
FL-95-2,1958,-2.98689,54.19287,347,55
FL-95-2,1958,-2.97407,54.19324,371,54
FL-95-2,1958,-2.9567,54.1937,352,43
FL-95-2,1958,-2.94537,54.19369,384,34
FL-95-2,1958,-2.93329,54.19374,412,24
FL-95-2,1958,-2.91918,54.19337,388,14
FL-95-2,1958,-2.90225,54.19389,341,3
FL-95-2,1958,-2.89394,54.19394,320,-4
FL-95-2,1958,-2.85029,54.19497,321,-17
FL-95-2,1958,-2.84068,54.19521,355,-20
FL-95-2,1958,-2.83055,54.19537,358,-20
FL-95-2,1958,-2.81169,54.19569,335,-27
FL-95-2,1958,-2.74127,54.19472,337,-37
FL-95-2,1958,-2.72595,54.19446,353,-40
FL-95-2,1958,-2.67353,54.19508,503,-39
FL-95-2,1958,-2.66593,54.19515,488,-41
FL-95-2,1958,-2.66095,54.19537,471,-37
FL-95-2,1958,-2.60458,54.19597,390,-36
FL-95-2,1958,-2.5596,54.19614,453,-25
FL-95-2,1958,-2.54645,54.19601,457,-15
FL-95-2,1958,-2.52007,54.19621,577,-2
FL-95-2,1958,-2.49789,54.19603,726,11
FL-95-2,1958,-2.48425,54.1959,805,23
FL-95-2,1958,-2.47523,54.19577,748,28
FL-95-2,1958,-2.46984,54.19595,716,31
FL-95-2,1958,-2.46749,54.19585,698,34
FL-95-2,1958,-2.46314,54.19592,665,40
FL-95-2,1958,-2.45733,54.19566,627,49
FL-95-2,1958,-2.45253,54.19575,606,58
FL-95-2,1958,-2.44049,54.19546,690,90
FL-95-2,1958,-2.42269,54.19545,696,120
FL-95-2,1958,-2.41837,54.19529,668,130
FL-95-2,1958,-2.41406,54.19524,648,139
FL-95-2,1958,-2.40934,54.19515,621,149
FL-95-2,1958,-2.40268,54.19514,610,159
FL-95-2,1958,-2.39822,54.19522,613,169
FL-95-2,1958,-2.38763,54.19558,624,179
FL-95-2,1958,-2.37133,54.19606,671,189
FL-95-2,1958,-2.36078,54.19641,694,180
FL-95-2,1958,-2.3487,54.19686,637,159
FL-95-2,1958,-2.34115,54.19708,612,149
FL-95-2,1958,-2.33506,54.19711,596,141
FL-95-2,1958,-2.3284,54.19727,589,138
FL-95-2,1958,-2.3268,54.19735,590,137
FL-95-2,1958,-2.31926,54.19724,600,128
FL-95-2,1958,-2.31746,54.19716,602,126
FL-95-2,1958,-2.30069,54.19698,683,123
FL-95-2,1958,-2.28944,54.19714,699,110
FL-95-2,1958,-2.28332,54.19696,711,101
FL-95-2,1958,-2.27894,54.19691,725,91
FL-95-2,1958,-2.2707,54.19686,757,81
FL-95-2,1958,-2.25436,54.19671,825,73
FL-95-2,1958,-2.24289,54.19662,822,71
FL-95-2,1958,-2.23529,54.19646,812,73
FL-95-2,1958,-2.21698,54.1962,767,73
FL-95-2,1958,-2.20664,54.19785,760,71
FL-95-2,1958,-2.19926,54.19907,801,65
FL-95-2,1958,-2.13242,54.19985,676,70
FL-95-2,1958,-2.1292,54.19947,677,80
FL-95-2,1958,-2.12544,54.19916,678,90
FL-95-2,1958,-2.12133,54.19851,683,102
FL-95-2,1958,-2.11816,54.19805,681,110
FL-95-2,1958,-2.11348,54.1976,657,99
FL-95-2,1958,-2.10717,54.19675,604,88
FL-95-2,1958,-2.10249,54.19624,566,77
FL-95-2,1958,-2.09685,54.19551,585,68
FL-95-2,1958,-2.09247,54.19508,605,58
FL-95-2,1958,-2.08931,54.19474,618,48
FL-95-2,1958,-2.08545,54.19458,646,39
FL-95-2,1958,-2.07122,54.19333,854,23
FL-95-2,1958,-2.04973,54.19383,920,17
FL-95-2,1958,-2.01214,54.19989,775,21
FL-95-2,1958,-1.96258,54.19997,750,51
FL-95-2,1958,-1.95641,54.19977,754,41
FL-95-2,1958,-1.9501,54.19975,761,31
FL-95-2,1958,-1.94039,54.19963,757,11
FL-95-2,1958,-1.92538,54.19954,773,-9
FL-95-2,1958,-1.92452,54.19967,778,-9
FL-95-2,1958,-1.91439,54.19954,795,-18
FL-95-2,1958,-1.89438,54.19937,756,-29
FL-95-2,1958,-1.84898,54.19884,730,-33
FL-95-2,1958,-1.81201,54.19845,662,-31
FL-95-2,1958,-1.80559,54.19844,644,-31
FL-95-2,1958,-1.7921,54.19826,605,-30
FL-95-2,1958,-1.78781,54.1982,589,-29
FL-95-2,1958,-1.7654,54.19794,527,-27
FL-95-2,1958,-1.74633,54.1979,566,-23
FL-95-2,1958,-1.73277,54.19791,564,-19
FL-95-2,1958,-1.7167,54.19778,530,-17
FL-95-2,1958,-1.71086,54.1976,539,-14
FL-95-2,1958,-1.70938,54.1975,541,-12
FL-95-2,1958,-1.68578,54.19694,530,-4
FL-95-2,1958,-1.68051,54.19678,522,-2
FL-95-2,1958,-1.65945,54.19643,486,5
FL-95-2,1958,-1.63148,54.19565,397,11
FL-95-2,1958,-1.60656,54.19603,377,23
TL-10-1,1958,-3.04869,53.20541,339,-39
TL-10-1,1958,-3.04983,53.21535,319,-33
TL-10-1,1958,-3.04967,53.22036,313,-35
TL-10-1,1958,-3.04965,53.22575,310,-32
TL-10-1,1958,-3.04947,53.22703,310,-42
TL-10-1,1958,-3.04933,53.22863,310,-52
TL-10-1,1958,-3.04976,53.22963,310,-54
TL-10-1,1958,-3.04951,53.23074,310,-52
TL-10-1,1958,-3.04943,53.23164,310,-42
TL-10-1,1958,-3.04956,53.23269,310,-32
TL-10-1,1958,-3.04969,53.23625,310,-15
TL-10-1,1958,-3.04965,53.23753,310,-32
TL-10-1,1958,-3.04935,53.23823,309,-42
TL-10-1,1958,-3.04943,53.23897,309,-52
TL-10-1,1958,-3.04954,53.23966,309,-56
TL-10-1,1958,-3.04943,53.24274,309,-52
TL-10-1,1958,-3.04973,53.24892,312,-42
TL-10-1,1958,-3.04992,53.25721,317,-38
TL-10-1,1958,-3.0504,53.27551,341,-39
TL-10-1,1958,-3.05104,53.28284,346,-38
TL-10-1,1958,-3.05206,53.29937,345,-41
TL-10-1,1958,-3.05383,53.35299,349,-41
TL-10-1,1958,-3.05942,53.45259,305,-36
TL-10-1,1958,-3.05931,53.51059,305,-37
TL-10-1,1958,-3.07201,53.65194,305,-51
TL-10-1,1958,-3.07159,53.65743,305,-50
TL-10-1,1958,-3.07086,53.66188,305,-49
TL-10-1,1958,-3.06983,53.66774,305,-50
TL-10-1,1958,-3.06085,53.7044,305,-61
TL-10-1,1958,-3.0651,53.74022,305,-81
TL-10-1,1958,-3.07,53.9094,305,-64
TL-10-1,1958,-3.07295,53.95437,305,-55
TL-10-1,1958,-3.07446,54.00221,305,-51
TL-10-1,1958,-3.0755,54.01389,305,-50
TL-10-1,1958,-3.07582,54.01709,305,-46
TL-10-1,1958,-3.07696,54.03268,305,-46
TL-10-1,1958,-3.07855,54.07227,305,-36
TL-10-1,1958,-3.07832,54.09728,305,-27
TL-10-1,1958,-3.07822,54.10732,305,-23
TL-10-1,1958,-3.07816,54.11026,305,-26
TL-10-1,1958,-3.07803,54.12368,305,-17
TL-10-1,1958,-3.07693,54.13807,305,-7
TL-10-1,1958,-3.07548,54.15233,305,3
TL-10-1,1958,-3.07372,54.16814,331,13
TL-10-1,1958,-3.07405,54.18204,325,23
TL-10-1,1958,-3.07342,54.18542,325,26
TL-10-1,1958,-3.07339,54.18819,325,28
TL-10-1,1958,-3.07294,54.19303,325,28
TL-10-1,1958,-3.0731,54.19481,325,26
TL-10-1,1958,-3.07264,54.19909,333,25
TL-11-1,1958,-2.9001,53.20168,330,-24
TL-11-1,1958,-2.90018,53.2078,330,-21
TL-11-1,1958,-2.90031,53.21101,330,-18
TL-11-1,1958,-2.90038,53.21363,332,-21
TL-11-1,1958,-2.90033,53.21559,333,-22
TL-11-1,1958,-2.90058,53.21814,334,-21
TL-11-1,1958,-2.9,53.22481,332,-17
TL-11-1,1958,-2.90038,53.2292,331,-19
TL-11-1,1958,-2.90187,53.26095,335,-2
TL-11-1,1958,-2.90229,53.27083,332,8
TL-11-1,1958,-2.90255,53.27395,330,13
TL-11-1,1958,-2.90364,53.284,321,13
TL-11-1,1958,-2.90393,53.28627,322,17
TL-11-1,1958,-2.90426,53.28815,322,20
TL-11-1,1958,-2.90473,53.29007,322,19
TL-11-1,1958,-2.90498,53.2926,321,21
TL-11-1,1958,-2.89778,53.31693,305,-4
TL-11-1,1958,-2.89863,53.32522,305,-14
TL-11-1,1958,-2.89969,53.33778,306,-18
TL-11-1,1958,-2.9026,53.36285,330,-24
TL-11-1,1958,-2.90313,53.3825,353,-20
TL-11-1,1958,-2.90264,53.38773,363,-24
TL-11-1,1958,-2.90462,53.44652,328,-36
TL-11-1,1958,-2.90476,53.47492,320,-40
TL-11-1,1958,-2.9052,53.49073,321,-37
TL-11-1,1958,-2.90589,53.49676,324,-37
TL-11-1,1958,-2.90641,53.51207,337,-43
TL-11-1,1958,-2.90574,53.55013,345,-37
TL-11-1,1958,-2.9068,53.60108,320,-33
TL-11-1,1958,-2.90688,53.61833,315,-37
TL-11-1,1958,-2.91126,53.65208,305,-40
TL-11-1,1958,-2.9122,53.69914,313,-50
TL-11-1,1958,-2.91561,53.77335,326,-58
TL-11-1,1958,-2.91386,53.78507,335,-62
TL-11-1,1958,-2.914,53.78578,335,-61
TL-11-1,1958,-2.91232,53.80263,339,-57
TL-11-1,1958,-2.91346,53.81824,327,-61
TL-11-1,1958,-2.91311,53.8869,315,-43
TL-11-1,1958,-2.91292,53.89678,315,-40
TL-11-1,1958,-2.91335,53.90737,315,-39
TL-11-1,1958,-2.91593,53.95871,305,-27
TL-11-1,1958,-2.9167,53.96471,305,-25
TL-11-1,1958,-2.91822,53.97576,305,-15
TL-11-1,1958,-2.91843,53.98583,305,-11
TL-11-1,1958,-2.91881,54.00673,305,-13
TL-11-1,1958,-2.91902,54.01902,305,-12
TL-11-1,1958,-2.92069,54.05248,305,-14
TL-11-1,1958,-2.9216,54.06613,305,-16
TL-11-1,1958,-2.92255,54.08218,305,-20
TL-11-1,1958,-2.92393,54.09674,305,-16
TL-11-1,1958,-2.92568,54.13544,305,-7
TL-11-1,1958,-2.92517,54.14027,305,-4
TL-11-1,1958,-2.92479,54.15072,305,-3
TL-11-1,1958,-2.92169,54.16737,311,3
TL-12-1,1958,-2.74971,53.22312,340,-39
TL-12-1,1958,-2.7497,53.22853,341,-37
TL-12-1,1958,-2.74983,53.23182,343,-40
TL-12-1,1958,-2.75141,53.29622,307,-27
TL-12-1,1958,-2.75123,53.30089,310,-25
TL-12-1,1958,-2.7514,53.30191,310,-23
TL-12-1,1958,-2.75457,53.37881,332,-18
TL-12-1,1958,-2.75499,53.40692,363,-24
TL-12-1,1958,-2.75491,53.40803,364,-30
TL-12-1,1958,-2.75508,53.4189,371,-22
TL-12-1,1958,-2.75513,53.42168,371,-24
TL-12-1,1958,-2.75508,53.42569,371,-27
TL-12-1,1958,-2.75559,53.45712,353,-25
TL-12-1,1958,-2.75611,53.47368,345,-16
TL-12-1,1958,-2.75567,53.50907,367,-6
TL-12-1,1958,-2.75573,53.52032,378,-3
TL-12-1,1958,-2.75647,53.53311,382,-5
TL-12-1,1958,-2.75649,53.5368,386,-4
TL-12-1,1958,-2.75689,53.54232,392,-6
TL-12-1,1958,-2.75753,53.56387,424,-16
TL-12-1,1958,-2.75736,53.57882,347,-28
TL-12-1,1958,-2.75782,53.59129,364,-37
TL-12-1,1958,-2.75807,53.60986,366,-48
TL-12-1,1958,-2.75933,53.63042,332,-59
TL-12-1,1958,-2.75993,53.6516,315,-69
TL-12-1,1958,-2.75989,53.65592,315,-73
TL-12-1,1958,-2.76055,53.67346,325,-70
TL-12-1,1958,-2.76119,53.70929,356,-73
TL-12-1,1958,-2.76056,53.73892,344,-70
TL-12-1,1958,-2.76056,53.74643,342,-68
TL-12-1,1958,-2.7607,53.74928,340,-69
TL-12-1,1958,-2.75962,53.79104,335,-63
TL-12-1,1958,-2.75989,53.80091,335,-64
TL-12-1,1958,-2.76064,53.81257,331,-62
TL-12-1,1958,-2.76245,53.90953,330,-43
TL-12-1,1958,-2.76197,53.91785,340,-43
TL-12-1,1958,-2.76219,53.93285,346,-33
TL-12-1,1958,-2.76371,53.99774,379,-21
TL-12-1,1958,-2.76449,54.02501,401,-23
TL-12-1,1958,-2.76609,54.11147,363,-35
TL-12-1,1958,-2.76608,54.12183,344,-32
TL-12-1,1958,-2.76561,54.13044,318,-35
TL-12-1,1958,-2.76539,54.13186,317,-37
TL-12-1,1958,-2.76555,54.13353,317,-40
TL-12-1,1958,-2.76518,54.13945,322,-39
TL-12-1,1958,-2.76673,54.14457,336,-36
TL-12-1,1958,-2.76797,54.15277,369,-38
TL-13-1,1958,-2.45181,53.25254,337,-48
TL-13-1,1958,-2.45149,53.25745,335,-41
TL-13-1,1958,-2.45153,53.2619,335,-40
TL-13-1,1958,-2.45154,53.26655,335,-37
TL-13-1,1958,-2.45351,53.34005,355,-33
TL-13-1,1958,-2.45377,53.34742,355,-32
TL-13-1,1958,-2.45428,53.35728,348,-37
TL-13-1,1958,-2.45421,53.40563,325,-31
TL-13-1,1958,-2.45404,53.40923,325,-31
TL-13-1,1958,-2.45433,53.42405,325,-29
TL-13-1,1958,-2.4545,53.42926,325,-32
TL-13-1,1958,-2.45519,53.43866,325,-32
TL-13-1,1958,-2.45551,53.4428,325,-33
TL-13-1,1958,-2.45583,53.45181,325,-32
TL-13-1,1958,-2.45671,53.46356,325,-36
TL-13-1,1958,-2.45459,53.49683,335,-47
TL-13-1,1958,-2.45442,53.50324,335,-46
TL-13-1,1958,-2.45496,53.50505,335,-47
TL-13-1,1958,-2.45497,53.50674,335,-48
TL-13-1,1958,-2.45806,53.52564,373,-49
TL-13-1,1958,-2.45937,53.5325,392,-51
TL-13-1,1958,-2.45937,53.53903,410,-47
TL-13-1,1958,-2.45902,53.54922,436,-47
TL-13-1,1958,-2.45558,53.59177,410,-58
TL-13-1,1958,-2.45578,53.6039,487,-60
TL-13-1,1958,-2.45534,53.6615,613,-75
TL-13-1,1958,-2.45514,53.69071,517,-78
TL-13-1,1958,-2.45531,53.70035,526,-77
TL-13-1,1958,-2.45599,53.71628,451,-78
TL-13-1,1958,-2.45528,53.82146,360,-72
TL-13-1,1958,-2.45527,53.82632,355,-80
TL-13-1,1958,-2.45778,53.88545,415,-73
TL-13-1,1958,-2.45774,53.90915,544,-76
TL-13-1,1958,-2.45782,53.91842,575,-74
TL-13-1,1958,-2.45793,53.93368,499,-70
TL-13-1,1958,-2.45773,53.94997,454,-61
TL-13-1,1958,-2.45819,53.97126,484,-51
TL-13-1,1958,-2.45857,53.99954,579,-43
TL-13-1,1958,-2.45774,54.01774,634,-39
TL-13-1,1958,-2.45617,54.02886,597,-32
TL-13-1,1958,-2.45385,54.04,720,-30
TL-13-1,1958,-2.45162,54.04966,661,-28
TL-13-1,1958,-2.45555,54.08226,625,-20
TL-13-1,1958,-2.45736,54.09814,477,-13
TL-13-1,1958,-2.45959,54.11202,452,-4
TL-13-1,1958,-2.4598,54.13424,459,6
TL-13-1,1958,-2.45944,54.13738,462,7
TL-13-1,1958,-2.45992,54.14177,458,8
TL-13-1,1958,-2.46014,54.15367,477,16
TL-13-1,1958,-2.46099,54.16539,500,27
TL-13-1,1958,-2.46034,54.17877,613,34
TL-13-1,1958,-2.45974,54.18523,637,39
TL-14-1,1958,-2.30328,53.52893,360,0
TL-14-1,1958,-2.3034,53.53463,364,3
TL-14-1,1958,-2.30343,53.54139,396,12
TL-14-1,1958,-2.30506,53.60732,405,-54
TL-14-1,1958,-2.30493,53.6172,440,-57
TL-14-1,1958,-2.30502,53.62296,442,-59
TL-14-1,1958,-2.30527,53.64166,492,-60
TL-14-1,1958,-2.3052,53.64437,504,-59
TL-14-1,1958,-2.30537,53.65125,482,-61
TL-14-1,1958,-2.30593,53.66271,488,-56
TL-14-1,1958,-2.30566,53.69043,514,-46
TL-14-1,1958,-2.30554,53.75783,626,-37
TL-14-1,1958,-2.30535,53.76786,537,-42
TL-14-1,1958,-2.30531,53.77229,503,-43
TL-14-1,1958,-2.30542,53.77908,457,-49
TL-14-1,1958,-2.30534,53.78271,440,-46
TL-14-1,1958,-2.30578,53.80491,413,-60
TL-14-1,1958,-2.30585,53.8073,418,-59
TL-14-1,1958,-2.30563,53.80838,421,-60
TL-14-1,1958,-2.30488,53.83154,511,-69
TL-14-1,1958,-2.30394,53.84707,645,-71
TL-14-1,1958,-2.30535,53.86482,750,-64
TL-14-1,1958,-2.30523,53.86994,764,-66
TL-14-1,1958,-2.30579,53.8794,656,-67
TL-14-1,1958,-2.30586,53.88878,510,-74
TL-14-1,1958,-2.30596,53.89809,454,-71
TL-14-1,1958,-2.30582,53.90108,444,-70
TL-14-1,1958,-2.30598,53.90188,441,-71
TL-14-1,1958,-2.30636,53.91856,443,-79
TL-14-1,1958,-2.30643,53.92401,447,-78
TL-14-1,1958,-2.30631,53.9551,469,-71
TL-14-1,1958,-2.3055,53.9816,494,-61
TL-14-1,1958,-2.30456,54.00418,486,-52
TL-14-1,1958,-2.30462,54.02342,459,-42
TL-14-1,1958,-2.30454,54.03732,457,-33
TL-14-1,1958,-2.305,54.05133,461,-23
TL-14-1,1958,-2.30526,54.06485,469,-13
TL-14-1,1958,-2.30488,54.07941,513,-2
TL-14-1,1958,-2.30597,54.09706,593,9
TL-14-1,1958,-2.30676,54.11184,581,19
TL-14-1,1958,-2.30724,54.1189,549,21
TL-14-1,1958,-2.30732,54.12645,593,30
TL-14-1,1958,-2.30731,54.13034,628,33
TL-14-1,1958,-2.30759,54.13505,621,39
TL-14-1,1958,-2.30766,54.14007,612,49
TL-14-1,1958,-2.30778,54.14217,607,59
TL-14-1,1958,-2.30766,54.14374,602,66
TL-14-1,1958,-2.30744,54.1459,594,53
TL-14-1,1958,-2.30764,54.1494,585,59
TL-14-1,1958,-2.30768,54.15457,568,68
TL-14-1,1958,-2.30779,54.16398,572,88
TL-14-1,1958,-2.30792,54.16728,579,98
TL-14-1,1958,-2.30794,54.17147,590,108
TL-14-1,1958,-2.30776,54.1744,599,119
TL-14-1,1958,-2.30808,54.17634,601,121
TL-14-1,1958,-2.30808,54.18887,626,129
TL-14-1,1958,-2.30759,54.19947,650,119
TL-15-1,1958,-2.15219,53.50464,391,74
TL-15-1,1958,-2.15236,53.50906,410,77
TL-15-1,1958,-2.15363,53.53696,405,46
TL-15-1,1958,-2.15355,53.54385,416,47
TL-15-1,1958,-2.15475,53.58688,485,35
TL-15-1,1958,-2.15518,53.59326,465,39
TL-15-1,1958,-2.1551,53.59496,457,35
TL-15-1,1958,-2.15331,53.63294,465,30
TL-15-1,1958,-2.15295,53.65268,512,24
TL-15-1,1958,-2.15293,53.65918,556,24
TL-15-1,1958,-2.15424,53.67822,632,36
TL-15-1,1958,-2.15423,53.68802,683,47
TL-15-1,1958,-2.15404,53.6929,687,51
TL-15-1,1958,-2.15294,53.70835,651,54
TL-15-1,1958,-2.15262,53.71161,655,51
TL-15-1,1958,-2.15182,53.71971,660,46
TL-15-1,1958,-2.15132,53.72795,647,37
TL-15-1,1958,-2.151,53.72915,637,35
TL-15-1,1958,-2.15083,53.73083,629,35
TL-15-1,1958,-2.15105,53.73357,611,25
TL-15-1,1958,-2.1525,53.73981,613,15
TL-15-1,1958,-2.15331,53.74689,637,7
TL-15-1,1958,-2.15344,53.7488,647,5
TL-15-1,1958,-2.15358,53.7584,656,-5
TL-15-1,1958,-2.15435,53.76969,625,-16
TL-15-1,1958,-2.15542,53.80222,608,-36
TL-15-1,1958,-2.15322,53.84028,554,-55
TL-15-1,1958,-2.1531,53.84841,508,-55
TL-15-1,1958,-2.15313,53.8538,488,-54
TL-15-1,1958,-2.15328,53.85705,484,-57
TL-15-1,1958,-2.15352,53.85999,481,-60
TL-15-1,1958,-2.1534,53.8616,482,-62
TL-15-1,1958,-2.15321,53.86374,488,-60
TL-15-1,1958,-2.15319,53.87382,515,-61
TL-15-1,1958,-2.15372,53.99973,450,-52
TL-15-1,1958,-2.15507,54.03119,491,-42
TL-15-1,1958,-2.15455,54.03847,509,-38
TL-15-1,1958,-2.15434,54.04406,525,-36
TL-15-1,1958,-2.15388,54.05523,527,-33
TL-15-1,1958,-2.15342,54.06312,546,-28
TL-15-1,1958,-2.15413,54.08674,691,-19
TL-15-1,1958,-2.15386,54.09958,721,-16
TL-15-1,1958,-2.15347,54.1092,755,-8
TL-15-1,1958,-2.15309,54.12078,706,1
TL-15-1,1958,-2.15222,54.1396,786,23
TL-15-1,1958,-2.15342,54.14983,783,32
TL-15-1,1958,-2.15405,54.15892,681,37
TL-15-1,1958,-2.15435,54.16365,657,38
TL-15-1,1958,-2.15452,54.16492,648,39
TL-15-1,1958,-2.15437,54.1757,713,51
TL-15-1,1958,-2.15464,54.17754,750,61
TL-15-1,1958,-2.15453,54.18166,831,73
TL-15-1,1958,-2.15507,54.18481,875,84
TL-15-1,1958,-2.15501,54.1892,848,93
TL-15-1,1958,-2.155,54.19559,788,100
TL-15-1,1958,-2.15503,54.1986,746,91
TL-16-1,1958,-2.00037,53.49731,618,82
TL-16-1,1958,-2.00254,53.50997,660,81
TL-16-1,1958,-2.0023,53.51481,683,82
TL-16-1,1958,-2.00164,53.52596,672,80
TL-16-1,1958,-2.0014,53.53349,608,81
TL-16-1,1958,-2.00091,53.55743,530,71
TL-16-1,1958,-2.00124,53.57133,580,76
TL-16-1,1958,-2.00132,53.57893,616,79
TL-16-1,1958,-2.00123,53.58398,631,77
TL-16-1,1958,-2.00173,53.61564,735,59
TL-16-1,1958,-2.00192,53.62573,704,48
TL-16-1,1958,-2.0028,53.6406,663,37
TL-16-1,1958,-2.00368,53.65247,681,27
TL-16-1,1958,-2.00545,53.67003,693,17
TL-16-1,1958,-2.00663,53.68653,618,9
TL-16-1,1958,-2.00745,53.69706,610,9
TL-16-1,1958,-2.0068,53.70088,599,7
TL-16-1,1958,-2.00578,53.70722,581,7
TL-16-1,1958,-2.0051,53.71401,573,4
TL-16-1,1958,-2.00438,53.71961,550,0
TL-16-1,1958,-2.0046,53.72425,542,1
TL-16-1,1958,-2.00422,53.72997,504,-3
TL-16-1,1958,-2.00306,53.74848,585,-6
TL-16-1,1958,-2.00278,53.75307,628,-8
TL-16-1,1958,-2.00263,53.76066,687,-9
TL-16-1,1958,-2.00262,53.76437,686,-13
TL-16-1,1958,-2.00274,53.77202,673,-16
TL-16-1,1958,-2.00174,53.80051,710,-24
TL-16-1,1958,-2.00235,53.8083,699,-27
TL-16-1,1958,-2.00376,53.8271,588,-37
TL-16-1,1958,-2.00362,53.82858,583,-39
TL-16-1,1958,-2.00429,53.83297,571,-38
TL-16-1,1958,-2.00311,53.8755,615,-28
TL-16-1,1958,-2.00325,53.88033,593,-28
TL-16-1,1958,-2.00178,53.91618,477,-21
TL-16-1,1958,-2.00189,53.91858,473,-23
TL-16-1,1958,-2.00167,53.92812,454,-24
TL-16-1,1958,-2.00151,53.94678,486,-27
TL-16-1,1958,-2.00071,53.96771,470,-25
TL-16-1,1958,-2.00065,53.97538,471,-28
TL-16-1,1958,-2.00085,53.98049,490,-31
TL-16-1,1958,-2.00155,53.99134,605,-29
TL-16-1,1958,-2.00192,54.04516,610,-20
TL-16-1,1958,-2.00251,54.05828,506,-12
TL-16-1,1958,-2.00204,54.06012,504,-8
TL-16-1,1958,-2.00143,54.06653,501,-10
TL-16-1,1958,-2.00262,54.08279,563,9
TL-16-1,1958,-2.00155,54.09015,600,19
TL-16-1,1958,-2.00192,54.0981,631,30
TL-16-1,1958,-2.00014,54.10819,678,41
TL-16-1,1958,-2.0008,54.12061,734,52
TL-16-1,1958,-2.00026,54.1324,803,55
TL-16-1,1958,-2.00061,54.14406,865,54
TL-16-1,1958,-2.0008,54.15078,899,57
TL-16-1,1958,-2.00124,54.17148,882,51
TL-16-1,1958,-2.00141,54.1795,849,50
TL-16-1,1958,-2.00116,54.18106,844,48
TL-16-1,1958,-2.00148,54.18661,804,49
TL-16-1,1958,-2.00187,54.19469,733,41
TL-17-1,1958,-1.69807,53.50459,599,81
TL-17-1,1958,-1.69798,53.50706,601,87
TL-17-1,1958,-1.69792,53.51506,579,90
TL-17-1,1958,-1.69797,53.51884,566,93
TL-17-1,1958,-1.69803,53.52036,565,86
TL-17-1,1958,-1.69816,53.52329,563,73
TL-17-1,1958,-1.6982,53.52783,559,76
TL-17-1,1958,-1.69852,53.53713,634,77
TL-17-1,1958,-1.6985,53.53987,628,74
TL-17-1,1958,-1.69864,53.55066,607,72
TL-17-1,1958,-1.69861,53.55565,602,66
TL-17-1,1958,-1.69798,53.57968,538,45
TL-17-1,1958,-1.69793,53.58701,496,38
TL-17-1,1958,-1.6978,53.59447,486,33
TL-17-1,1958,-1.69773,53.60467,495,28
TL-17-1,1958,-1.69806,53.62144,455,22
TL-17-1,1958,-1.69831,53.62859,466,23
TL-17-1,1958,-1.69858,53.63331,493,23
TL-17-1,1958,-1.69831,53.6604,456,24
TL-17-1,1958,-1.69789,53.667,435,21
TL-17-1,1958,-1.69762,53.67204,414,16
TL-17-1,1958,-1.69737,53.67644,386,9
TL-17-1,1958,-1.69712,53.67959,367,20
TL-17-1,1958,-1.69699,53.68575,388,25
TL-17-1,1958,-1.6974,53.69276,412,24
TL-17-1,1958,-1.69767,53.69685,418,27
TL-17-1,1958,-1.69794,53.70112,418,25
TL-17-1,1958,-1.69843,53.708,409,30
TL-17-1,1958,-1.69883,53.71465,390,30
TL-17-1,1958,-1.69881,53.71699,386,30
TL-17-1,1958,-1.69828,53.74057,435,40
TL-17-1,1958,-1.6989,53.76108,513,47
TL-17-1,1958,-1.69975,53.77793,467,40
TL-17-1,1958,-1.69746,53.80702,469,30
TL-17-1,1958,-1.69809,53.86468,444,44
TL-17-1,1958,-1.69816,53.87,455,42
TL-17-1,1958,-1.69491,53.92814,448,52
TL-17-1,1958,-1.69438,53.94194,483,51
TL-17-1,1958,-1.69431,53.95111,433,54
TL-17-1,1958,-1.6941,53.96845,485,54
TL-17-1,1958,-1.69418,53.97446,471,54
TL-17-1,1958,-1.6943,53.98137,480,55
TL-17-1,1958,-1.6944,54.00634,519,58
TL-17-1,1958,-1.69426,54.01347,530,63
TL-17-1,1958,-1.69446,54.01543,525,60
TL-17-1,1958,-1.69395,54.03512,411,65
TL-17-1,1958,-1.69475,54.04854,435,76
TL-17-1,1958,-1.69462,54.06253,478,86
TL-17-1,1958,-1.69434,54.08526,523,94
TL-17-1,1958,-1.69418,54.11321,546,87
TL-17-1,1958,-1.6934,54.1359,524,67
TL-17-1,1958,-1.69323,54.14487,484,56
