longitude,latitude,height_sea_level_m,height_geometric_m,gravity_mgal,gravity_disturbance_mgal,gravity_bouguer_mgal
25.015,-26.26334,1230.2,1257.4745347496853,978681.38,25.081592451548204,-113.25916483879348
25.01932,-26.38713,1297.0,1324.5741500447211,978669.02,24.538157923147082,-122.66210113701632
25.02499,-26.39667,1304.8,1332.4013221138152,978669.28,26.526959670824,-121.33932057180516
25.045,-26.07668,1165.2,1192.107147909697,978681.08,17.95481364976149,-113.81754289587766
25.07668,-26.35001,1262.5,1289.9717916856014,978665.19,12.70030669902917,-130.46012564733485
25.08833,-26.12334,1169.5,1196.4458809433077,978679.28,14.165058059617877,-116.72786692627301
25.12167,-26.05667,1189.6,1216.4251973896876,978664.89,10.69347898918204,-125.00019410482102
25.12334,-26.27333,1216.1,1243.3420243036123,978676.18,14.805681132595055,-122.29068536015401
25.12833,-26.19501,1204.9,1231.950696752899,978679.48,20.198354242020287,-115.51500829904145
25.17999,-26.05333,1193.6,1220.379579490748,978667.69,14.951434701797552,-118.54202667537942
25.18668,-26.23,1220.4,1247.4958456040804,978664.09,7.1007204302586615,-130.71558040466164
25.18832,-26.425,1313.1,1340.8045610794402,978651.89,9.69152535975445,-138.70628641826363
25.23833,-26.075,1221.9,1248.6982562329933,978657.19,11.643932096892968,-125.61085739193612
25.245,-26.16499,1222.2,1249.156249571555,978667.69,15.862554171355441,-120.42516534531771
25.29167,-26.53833,1360.6,1388.7082030400177,978662.99,27.402164789033122,-126.86034985187828
25.3,-26.10001,1237.2,1264.0542176307556,978639.09,-3.5019769771024585,-143.37484930351008
25.345,-26.05333,1279.5,1306.2876310255606,978631.2,4.965066930861212,-140.2507573983908
25.34666,-26.36667,1301.8,1329.3230496454064,978655.79,14.243586423574015,-131.4930857138176
25.35834,-26.13333,1268.6,1295.5392339160796,978634.19,-1.0664443763671443,-144.251912048812
25.36667,-26.61501,1355.7,1384.097096719633,978673.38,30.82970432145521,-122.82941309135919
25.42667,-26.14999,1289.0,1316.059893266249,978640.09,9.974533934728242,-135.4144436796398
25.44333,-26.93832,1344.8,1373.9492496059454,978709.97,40.80860824964475,-112.3524578759158
25.44667,-26.68832,1338.7,1367.2829720731875,978693.88,40.835768692079,-110.48373352915576
25.45332,-26.895,1335.9,1364.9764149509638,978713.47,44.69809641118627,-106.37715644017064
25.47166,-26.325,1381.3,1408.8807072508293,978643.29,29.27889614982996,-126.01842484838855
25.47501,-26.795,1346.6,1375.443747319791,978695.38,37.11260115040932,-115.19661976062349
25.50833,-26.21333,1341.4,1368.7102627241356,978646.29,27.888904144521803,-123.7774295138392
25.52333,-26.94833,1362.8,1391.959679580021,978708.47,44.13451194285881,-110.96677797236859
25.53168,-26.63667,1349.0,1377.4542023524077,978683.58,37.41351905791089,-115.65465697812468
25.55833,-26.27333,1357.6,1385.0986225109634,978651.59,33.94800305436365,-119.25067329443326
25.60667,-26.59167,1354.5,1382.8553759149574,978686.58,45.334094700287096,-108.86003564506106
25.60834,-26.78667,1377.7,1406.5249478079838,978688.28,40.20599398226477,-115.8433969588823
25.61,-26.50667,1350.2,1378.3299713559784,978675.38,38.87468194914982,-114.45607195068555
25.61166,-26.37833,1351.2,1378.9853826445187,978663.59,36.52637412585318,-116.66108513833026
25.61667,-26.35167,1352.4,1380.1131189527084,978661.69,36.88963713659905,-116.22891702639524
25.62334,-26.99667,1381.0,1410.2368201408847,978693.88,31.65428018849343,-124.78425669371859
25.63333,-26.45667,1351.8,1379.7841807919654,978669.59,37.13665445242077,-116.0882510093376
25.64333,-26.215,1366.1,1393.418090214205,978649.09,38.19161471922416,-115.94202565822874
25.68668,-26.55333,1379.8,1408.0228103307902,978673.08,42.36766661098227,-114.67617075656159
25.71001,-26.99167,1414.6,1443.7826789294247,978686.98,35.467744343099184,-123.85997567563732
25.73167,-26.79167,1386.8,1415.5587785232976,978674.58,28.92955302563496,-127.68539647983584
25.735,-26.16833,1394.1,1421.2714530196502,978633.1,34.13149844191503,-122.773946430536
25.77834,-26.96333,1436.2,1465.2847850794672,978676.28,33.469566399464384,-129.89718073699763
25.79832,-26.20168,1204.2,1231.454078489831,978672.18,12.2680847045267,-101.66392088051585
25.80333,-26.52167,1380.1,1408.1300826257952,978657.29,28.895778834819794,-127.74570953020881
25.83667,-26.795,1421.6,1450.2813623066136,978662.79,27.60891221964266,-131.64187051702902
25.84666,-26.96333,1449.0,1478.0598517192527,978672.58,33.71036555909086,-129.14662523326575
25.86667,-26.39333,1409.1,1436.7781919047652,978621.5,11.186535200919025,-149.21035598894488
25.905,-26.815,1456.9,1485.6601439922786,978659.99,34.26886855682824,-130.1520778968546
25.92332,-26.94333,1459.7,1488.7685947022774,978667.48,33.37288834573701,-131.73873765547833
25.92833,-26.33167,1399.0,1426.4710043912432,978632.3,23.23655129992403,-135.18669697887884
25.965,-26.97,1478.6,1507.7503901492983,978669.68,39.48229312826879,-127.99781616672647
25.97,-26.92332,1495.0,1524.0614426189666,978662.09,40.32884455739986,-128.68495110280628
25.98,-26.06168,1500.2,1526.9155778770055,978588.81,30.041496644262224,-139.59131725781614
25.98833,-26.735,1449.0,1477.6282127591778,978663.69,41.30109095037915,-120.96892731798815
25.99333,-26.84332,1524.3,1553.196645019947,978651.69,44.74224856728688,-128.2123650892233
26.0,-26.27834,1409.4,1436.6467954479779,978623.4,21.300958425737917,-138.9095791923592
26.00333,-26.80667,1481.6,1510.4147885868483,978656.99,39.510522067546844,-128.3622667998344
26.01334,-26.65668,1433.5,1461.9302179898286,978645.79,24.234786646440625,-137.5389308058057
26.04167,-26.60667,1441.1,1469.3968766867679,978641.29,25.656456671771593,-137.62282187497038
26.05667,-26.12666,1509.0,1535.8359304187118,978589.11,28.45863592752721,-142.98308838592374
26.06667,-26.53333,1446.9,1474.976428371387,978636.79,28.175405550166033,-135.8882101543326
26.08833,-26.23334,1428.9,1456.0085026758766,978605.5,12.597295064944774,-148.99971853564256
26.10001,-26.46832,1494.4,1522.2430429249023,978626.7,37.35347296553664,-132.54967538772235
26.10333,-26.03168,1508.1,1534.724389038125,978583.01,28.787214057985693,-142.0493789956865
26.11166,-26.37833,1473.1,1500.6433764370986,978627.6,38.0659234210616,-127.90473123870731
26.12167,-26.80333,1539.5,1568.307972553028,978638.49,39.11140960326884,-135.46537230927052
26.14,-26.31332,1472.8,1500.1424973778478,978616.8,31.779657311271876,-134.72952481947294
26.14,-26.10001,1492.9,1519.687051101322,978588.41,24.678882855689153,-143.5220525077877
26.145,-26.24333,1442.9,1470.0445080095355,978612.4,23.111848412430845,-140.55766589013334
26.15833,-26.13667,1479.8,1506.67162685166,978594.51,24.147547857719474,-143.15172701949024
26.16499,-26.535,1505.1,1533.1779910085977,978627.0,36.218540061148815,-134.69458596818302
26.19167,-26.79167,1572.1,1600.879658810546,978637.49,49.00577755342238,-129.16292159504042
26.2,-26.565,1508.1,1536.2857594763034,978638.49,46.50124289805535,-123.59966864177699
26.205,-26.98,1472.2,1501.3950251297529,978679.68,46.79186602460686,-116.60870095358905
26.20833,-26.21001,1448.1,1475.1338718277684,978602.4,17.0668172131991,-146.63573871243105
26.265,-26.295,1515.5,1542.767011919691,978593.71,23.152214536559768,-148.7845795967439
26.27667,-26.50833,1482.8,1510.8443384393602,978636.99,41.243338791653514,-124.01934605488015
26.28667,-26.96167,1424.3,1453.443964571089,978682.78,36.43807615560945,-122.4322371680276
26.28667,-26.39833,1480.1,1507.729680645886,978626.4,37.614076709374785,-129.6954040706203
26.28667,-26.11,1514.2,1540.94177373943,978576.31,18.422658696305007,-153.40732913048004
26.31833,-26.935,1463.9,1492.9879695128413,978671.18,38.981969359098,-126.62168808070916
26.31833,-26.78,1534.0,1562.7538437826097,978644.79,45.39321398641914,-128.94480236809693
26.325,-26.32668,1481.3,1508.6462202191285,978613.3,29.94414950942155,-137.40234213818877
26.32668,-26.59332,1543.8,1572.1025752531293,978633.3,50.31329324678518,-124.6614842080485
26.34332,-26.08,1520.6,1547.2454827104511,978570.11,16.30689743673429,-156.21808901524705
26.36333,-26.66167,1518.5,1546.9421912587998,978647.49,51.797378714894876,-118.98961866500477
26.37666,-26.05667,1517.6,1544.1877569279643,978569.31,16.226467813947238,-155.0206220807786
26.405,-26.345,1435.6,1463.0139171712879,978632.1,33.352433752967045,-128.98410188984076
26.42168,-26.75833,1460.3,1488.9054525230129,978653.29,32.68678138591349,-132.0623636296786
26.46001,-26.78,1431.9,1460.505723045258,978653.79,22.852617983473465,-139.7863805018236
26.47,-26.00833,1523.7,1550.1854496313738,978586.11,38.31852674274705,-133.88783895337448
26.48666,-26.33,1436.8,1464.143308039575,978629.7,32.37770748010371,-130.56160212816167
26.51167,-26.89667,1385.6,1414.404515486757,978686.88,33.23441995540634,-123.12347287317107
26.52333,-26.81332,1371.6,1400.1906455019625,978675.28,23.315290345344692,-130.57910614957362
26.57333,-26.32832,1457.2,1484.5038139495023,978618.1,27.179086301475763,-137.87796254614028
26.59167,-26.68167,1346.9,1375.0737714302415,978665.89,15.7309820902301,-136.63658853264286
26.60001,-26.72501,1336.2,1364.4690904182266,978669.68,13.107901969458908,-137.31674914682995
26.605,-26.87334,1335.9,1364.5222015167164,978694.28,26.945421684882604,-124.24137229110113
26.60834,-26.62,1353.9,1381.9069226071365,978659.29,15.703151614987291,-137.13660205349916
26.61166,-26.78168,1318.5,1346.8953360485195,978685.18,19.073287072242238,-127.80959428409341
26.63,-26.55833,1353.9,1381.7328320648558,978653.29,14.106442579184659,-138.68124555511272
26.64166,-26.075,1501.4,1528.2335283280024,978607.4,48.08869986969512,-121.0700993824201
26.65668,-26.96001,1293.9,1322.6781473075646,978710.57,24.00952707079705,-123.37319469791112
26.65833,-26.48833,1358.2,1385.83267919394,978643.99,11.121471401420422,-142.08379321363554
26.66333,-26.345,1503.9,1531.2020041014523,978607.1,29.386817268677987,-138.62054827860868
26.66333,-26.87334,1307.9,1336.4711841291323,978699.68,23.691852309624664,-124.68073658718842
26.66667,-26.87,1317.6,1346.161493626522,978695.08,22.324432889465243,-127.64810697067202
26.66667,-26.88834,1314.6,1343.204685558195,978697.88,22.87678832130041,-126.33480652937826
26.66833,-26.93333,1291.1,1319.8099630661447,978706.47,20.970849182340316,-123.63183690498823
26.67,-26.87,1317.6,1346.1598293392053,978694.98,22.223919455776922,-127.74483575237613
26.675,-26.99167,1294.2,1323.0497219293052,978712.07,23.31302170548588,-123.04471920152432
26.71001,-26.11501,1504.8,1531.7175105119913,978603.2,42.10973020968959,-128.19377006862436
26.71333,-26.435,1370.4,1397.8664648695124,978633.5,8.185092444298789,-146.5346534826168
26.73167,-26.34167,1469.7,1496.9474240070242,978614.2,26.159293100005016,-139.21594515072547
26.73666,-26.84167,1351.5,1379.9936590675225,978686.78,26.523096223943867,-126.52642702137669
26.755,-26.17833,1545.9,1572.8875891911093,978586.01,33.09682815114502,-139.8064141892207
26.76833,-26.21001,1516.4,1543.421106339799,978591.51,27.24172087176703,-144.12472639806842
26.77,-26.38499,1421.0,1448.3119383555152,978620.2,14.044075911166146,-146.3351745226202
26.79167,-26.34167,1447.2,1474.4072665221358,978614.7,19.70615924091544,-144.05399816499633
26.825,-26.32001,1471.0,1498.1513037320915,978608.6,22.485400766134262,-143.7828547627768
26.83167,-26.82167,1319.8,1348.3040597983254,978685.68,17.101685590692796,-131.6862146086409
26.86667,-26.27167,1487.1,1514.1473256968545,978606.3,28.586334798368625,-139.59929999045065
26.89999,-26.37334,1457.8,1485.039255242498,978613.0,19.01103020645678,-146.40241860917445
26.90167,-26.32333,1502.7,1529.8256450680797,978603.1,26.517850439762697,-143.83274412555625
26.90167,-26.20833,1506.3,1533.2191259922947,978595.01,27.714904148946516,-142.8227974757442
26.92332,-26.79167,1339.3,1367.8517465966802,978688.88,28.512483105878346,-121.97974395983496
26.92999,-26.42833,1467.9,1495.2980686285023,978615.6,20.821113960584626,-143.88376853175595
26.935,-26.14999,1522.8,1549.578602441815,978585.51,27.431889957166277,-145.21685091292227
26.96667,-26.07832,1556.6,1583.177830787084,978578.81,36.21063833090011,-139.9015890785465
26.96667,-26.29167,1535.0,1562.0449901769261,978589.11,24.73764436505735,-149.08507354641793
26.98666,-26.75999,1389.0,1417.5932449048832,978681.38,38.657903894316405,-119.36668282046426
26.98666,-26.48,1477.7,1505.2948204719144,978621.0,25.583821259671822,-142.20631001130064
27.02499,-26.01167,1627.9,1654.2181451328354,978554.32,38.38106206897646,-144.87752533452405
27.05,-26.49667,1461.2,1488.884661212795,978633.1,31.420112134423107,-134.16318485073546
27.08167,-26.82832,1335.3,1364.315483267018,978704.57,40.447538484004326,-110.98514956880132
27.08667,-26.71001,1343.8,1372.4291167238155,978691.18,38.151226051617414,-114.14198465454322
27.09167,-26.28168,1520.6,1547.5786426109678,978580.51,12.391471031703986,-159.64892152730152
27.10834,-26.62334,1383.8,1412.0860935002233,978670.28,35.761492925696075,-120.92356966441375
27.12666,-26.57001,1403.0,1431.0391013129422,978659.59,34.77324158477131,-124.15417868896807
27.13167,-26.34666,1456.9,1484.052045466855,978618.5,26.123060610494576,-139.2337486000902
27.13333,-26.53999,1396.6,1424.5034287795575,978658.59,33.92474424664397,-123.7948338336368
27.14333,-26.50833,1416.7,1444.4653862467612,978649.29,33.06690870504826,-125.31344013227755
27.14667,-26.28168,1467.0,1493.953868333605,978599.9,15.239682315383106,-151.25887792098817
27.15668,-26.25,1455.7,1482.5634395161771,978594.11,8.205995753407478,-155.9926325420538
27.16,-26.66667,1365.5,1394.0419689076539,978684.48,41.25897697242908,-114.27669818205032
27.16667,-26.26334,1488.9,1515.7919489997203,978589.51,12.900566012132913,-156.19329675998873
27.16833,-26.47,1450.8,1478.4047679062007,978637.09,34.0994399379706,-130.62802982483768
27.19,-26.29167,1510.0,1536.9561101018257,978596.21,24.09851134044584,-146.1530769128183
27.2,-26.75,1436.2,1465.1453370040904,978688.18,60.85197469149716,-101.4778053819469
27.21667,-26.41333,1485.3,1512.6663610926257,978619.8,31.458065625163727,-136.89861502218415
27.23666,-26.32832,1505.4,1532.4474060231157,978604.1,27.968456240952946,-142.06662066343893
27.24918,-26.8445,1460.0,1489.2807596131427,978704.52,77.77030711283442,-86.23904298431242
27.25667,-26.575,1411.2,1439.3395164307508,978660.99,38.37330316589214,-121.27931375596751
27.25751,-26.75583,1432.0,1461.0063852715275,978691.61,62.58204574906267,-99.44486115796545
27.27299,-26.89549,1327.0,1356.408875029383,978723.84,52.3893802606035,-90.41039398603766
27.27533,-26.94768,1440.0,1469.4946762121517,978701.76,61.390067316242494,-98.50849862497594
27.28333,-26.24167,1548.1,1574.851904403121,978569.91,13.070959311327897,-161.19823424866226
27.28551,-26.81284,1491.0,1520.2073676789278,978695.77,80.86275195993949,-85.97657461763669
27.28833,-26.37833,1478.0,1505.2226573541132,978614.1,25.978516568779014,-141.4276190282669
27.31332,-26.62666,1368.8,1397.2446560467085,978678.98,39.64292491809465,-114.0099847693291
27.31332,-26.395,1525.5,1552.7983062997669,978606.9,32.25587792834267,-134.93240792655791
27.31667,-26.75833,1454.0,1483.036295319681,978688.04,65.62629302125424,-98.6334327719855
27.32167,-26.76167,1465.8,1494.8492679417798,978684.78,65.76782641210593,-100.9121889460587
27.32333,-26.41833,1541.7,1569.1089644233955,978607.0,35.709155007614754,-129.46179196224026
27.33133,-26.88467,1350.0,1379.3965722652815,978716.64,53.06900035776198,-96.46278429151073
27.33467,-26.99667,1423.0,1452.555543578983,978679.76,30.58882164140232,-129.97513308418164
27.34167,-26.45667,1628.5,1656.104018265734,978595.51,48.29364962596446,-131.34024624400146
27.34167,-26.94633,1419.0,1448.4994412807373,978686.31,39.561980895115994,-119.9862420062631
27.34833,-26.35167,1501.1,1528.2381659261866,978602.5,23.393565369653516,-147.04057613992683
27.35417,-26.81799,1429.0,1458.2285843462537,978693.97,59.569494649767876,-96.87146117911084
27.36867,-26.77116,1468.0,1497.0853555647902,978696.87,77.85855585290119,-86.54383730462288
27.37334,-26.98833,1403.6,1433.1193241738954,978688.48,33.92221339547541,-124.42254427015664
27.37833,-26.89999,1382.6,1412.006222576104,978681.18,26.552706595743075,-128.01123268738843
27.37833,-26.38,1557.8,1585.0909363805954,978599.21,35.60535807989072,-139.99230370442723
27.38417,-26.99733,1410.0,1439.5202782198246,978687.06,33.81950611772481,-126.04321641996523
27.38667,-26.32167,1479.8,1506.8666893364177,978599.7,16.15476008236874,-151.91169236237144
27.39633,-26.88718,1366.0,1395.3717241392708,978701.32,42.494345504557714,-110.2610427567592
27.39667,-26.28667,1508.4,1535.3427762938295,978577.51,5.25934253341984,-164.740319705759
27.39999,-26.71249,1445.0,1473.871564045404,978679.47,57.55483278585598,-106.68717231826415
27.40334,-26.9435,1370.0,1399.4458144930238,978693.76,32.08620266022626,-123.84224554464117
27.40334,-26.95332,1382.0,1411.4568454441624,978692.28,33.5950829857029,-123.63962266805072
27.405,-26.19833,1553.5,1580.1326285802652,978565.81,13.701566672301851,-162.1912719608081
27.405,-26.60834,1410.0,1438.3969132602265,978666.69,41.37281693902332,-119.07595392615653
27.41167,-26.94333,1368.5,1397.9380413236713,978693.78,31.653474498423748,-122.29047122049121
27.41667,-26.81734,1459.0,1488.2151543959267,978695.48,70.37690405501053,-91.11681884922675
27.42332,-26.36833,1565.7,1593.0050225935536,978592.91,32.58519713114947,-142.8428489346881
27.42332,-26.23,1557.5,1584.2573923101804,978562.32,9.2177565068705,-164.7581352301172
27.42416,-26.77467,1529.0,1558.090670538877,978685.84,85.3919016267173,-87.73636629107628
27.435,-26.39166,1614.2,1641.6211876716545,978587.21,40.20442785031628,-142.58936411015594
27.435,-26.91833,1381.7,1411.0872147790594,978687.38,31.132685204036534,-126.03039734748072
27.43533,-26.99718,1399.0,1428.4840870144592,978696.89,40.25600586622022,-117.67818304557258
27.44,-26.17168,1525.5,1552.0584721076236,978571.71,12.847061010077596,-157.5176222013596
27.44167,-26.035,1548.7,1574.8401274121359,978573.61,31.525294816703536,-143.73051932477765
27.44501,-26.13167,1548.7,1575.1205230778328,978568.41,19.519038904458284,-156.14835977132358
27.44501,-26.11667,1558.4,1584.7718863283278,978568.11,23.26686580677051,-153.34623213289902
27.44667,-26.15833,1585.0,1611.514101406419,978551.62,12.051019765203819,-162.1955627664694
27.44749,-26.87801,1399.0,1428.3180615100619,978682.23,34.235601371736266,-122.57756100043514
27.455,-26.32333,1505.1,1532.255930121874,978599.4,23.567523239413276,-145.92061086602536
27.45583,-26.94366,1417.0,1446.4078722718245,978686.12,38.92152953881305,-122.02365344395514
27.45667,-26.43333,1623.7,1651.3389956051903,978595.31,48.304320319904946,-134.61875251267503
27.45667,-26.7195,1538.0,1566.8986341879333,978665.29,71.56260613817722,-102.34706366498943
27.45833,-26.215,1538.9,1565.629742123096,978566.01,8.235339785460383,-164.8968406704339
27.46001,-26.41499,1702.9,1730.4601804066842,978573.91,52.628772266209126,-139.9728541224543
27.46167,-26.44167,1578.8,1606.4793790322312,978606.8,45.35674141999334,-131.4325871002957
27.46167,-26.89999,1382.6,1411.9418124511062,978680.98,26.332837042980827,-128.86124111014016
27.46832,-26.20833,1569.4,1596.1109777665304,978557.92,10.024962489958853,-165.4490720258906
27.4725,-26.82832,1540.0,1569.2067703685802,978666.85,65.93186335032806,-103.8481220080607
27.48033,-26.77917,1442.0,1471.0842892240994,978681.15,53.53615545819048,-105.11651033563692
27.48466,-26.99451,1438.0,1467.447237361283,978690.58,46.16032957471907,-117.3789661534284
27.485,-26.21667,1544.7,1571.451285302977,978561.32,5.221587540814653,-170.14253451271534
27.48833,-26.36,1553.2,1580.5486104711752,978586.11,22.541316105634905,-150.72519724949686
27.49333,-26.29832,1508.1,1535.1865403032994,978583.71,10.575775247532874,-159.44551453379327
27.49367,-26.83383,1428.0,1457.2071218572873,978685.19,49.32252623059321,-112.71655965674975
27.50166,-26.31,1520.6,1547.7406392839196,978584.11,14.010548254940659,-158.47165143692135
27.50166,-26.27167,1544.1,1571.0780298942423,978571.31,11.15773627127055,-163.61220601536087
27.50166,-26.23666,1594.7,1621.5357197913838,978557.32,15.239871735335328,-163.36678998683067
27.50333,-26.75166,1537.0,1565.9963816152688,978658.26,61.92109365412034,-106.003398470783
27.50616,-26.94318,1459.0,1488.377545849477,978672.01,37.79320096853189,-127.74644365739093
27.50833,-26.625,1483.1,1511.607325502375,978653.09,49.1516545873601,-117.72058698018586
27.51334,-26.88,1428.0,1457.2853258400758,978666.09,26.886529722250998,-134.0720221261011
27.52333,-26.31833,1525.8,1552.9802506438257,978583.41,14.32914527261164,-158.4038712183501
27.5235,-26.72301,1460.0,1488.894108689385,978675.06,57.01606179762166,-106.76374011956273
27.52667,-26.42667,1580.1,1607.754782477247,978598.91,38.9398204816971,-139.89488828318005
27.53,-26.16,1557.2,1583.7456558136662,978554.72,6.466176453279331,-169.28757118574416
27.53467,-26.7715,1473.0,1502.0496612529166,978665.93,48.42522023036145,-118.53075431193986
27.535,-26.99333,1475.0,1504.4339448847593,978673.97,41.04593018931337,-126.3730567983358
27.53833,-26.48167,1474.9,1502.7803543839348,978627.4,31.087822763831355,-135.0056550998272
27.54668,-26.37,1569.7,1597.109759795151,978588.11,28.931355593609624,-148.09030272209174
27.55,-26.39,1581.3,1608.799542376118,978587.31,30.299705364042893,-145.2843107077178
27.55167,-26.35001,1559.0,1586.3167995993012,978587.61,26.538134790956974,-148.93469672725377
27.55167,-26.62334,1489.5,1518.0198893510765,978650.09,48.249831350753084,-120.28396184073912
27.55167,-26.49333,1502.0,1529.9293237570298,978626.6,37.82208376843482,-131.94149041263103
27.55333,-26.40668,1602.3,1629.871639409291,978588.51,36.80010973231401,-143.57326369464823
27.55667,-26.19167,1634.0,1660.666322386756,978545.02,18.229218375403434,-166.87445782421756
27.55766,-26.94167,1446.0,1475.3751485417308,978665.46,27.342428607982583,-136.29685488841704
27.56133,-26.873,1476.0,1505.2695174002226,978670.47,46.578149400884286,-117.77872317550654
27.56332,-26.87334,1477.7,1506.9702358286563,978660.29,36.89801768690813,-127.81314900176781
27.565,-26.27834,1627.6,1654.604944994028,978562.41,27.54435557301622,-154.2950855617077
27.56633,-26.8255,1444.0,1473.18070495499,978674.29,43.9558269828558,-120.05410746446975
27.58051,-26.72083,1441.0,1469.8481500814482,978672.07,48.30893815786112,-115.73338544431556
27.58167,-26.48666,1532.5,1560.4084644840784,978619.0,40.10472649161238,-133.11949451607688
27.58501,-26.73833,1435.0,1463.903303540659,978679.58,52.715671725571156,-110.01163572040491
27.58633,-26.77451,1412.0,1441.0323488685724,978681.35,44.80419663270004,-113.78577539679887
27.58667,-26.01833,1509.4,1535.4741835143736,978585.21,32.16886779270135,-138.84114785375948
27.59167,-26.13333,1595.3,1621.748094397288,978550.42,15.793377485824749,-164.65998075952473
27.59332,-26.26666,1591.7,1618.6588456131965,978567.51,22.39364291029051,-157.91438775599727
27.5965,-26.98849,1475.0,1504.4315889509874,978660.62,28.048657949548215,-139.7238281265228
27.60001,-26.86501,1491.4,1520.6590301116971,978667.48,48.917031949269585,-119.30382995635881
27.60667,-26.23833,1675.5,1702.3467362966514,978548.72,31.446672451216727,-155.09431304995624
27.61667,-26.47166,1527.3,1555.157407092872,978618.4,38.96590497670695,-134.1555814837086
27.63,-26.45833,1549.0,1576.79972230282,978612.4,40.60205332364421,-135.14309010446928
27.63167,-26.44501,1582.5,1610.2323854965448,978603.5,42.973925951635465,-135.2093295037002
27.63167,-26.42332,1605.7,1633.3262037431596,978596.41,44.568585607921705,-137.25688232446984
27.63167,-26.21832,1706.6,1733.3648483801226,978541.62,35.346424733288586,-157.01906946362865
27.63499,-26.84167,1431.0,1460.206559512149,978673.08,37.567496977513656,-123.15796999323936
27.63699,-26.71533,1462.0,1490.7922085348105,978665.44,48.5385185246123,-109.33725744027524
27.63834,-26.40668,1647.7,1675.2534233500264,978585.21,47.49825718009379,-135.91492116742285
27.64166,-26.05833,1582.5,1608.7006401420333,978568.11,34.80823173432145,-144.05693914059077
27.64333,-26.08167,1578.2,1604.4784414797855,978567.11,30.8422595144948,-148.10536419125555
27.64867,-26.82217,1469.0,1498.1365154540056,978670.99,48.59620384965092,-117.06577891269865
27.65167,-26.38834,1669.7,1697.1731059071994,978577.11,47.47814113739878,-140.49193421982426
27.66333,-26.205,1681.6,1708.3137269365209,978547.32,34.27261151489802,-154.4355764818508
27.66499,-26.80333,1456.9,1485.9674840774094,978674.28,49.50194106705021,-115.23902157715719
27.67332,-26.34167,1626.1,1653.3721319604608,978575.31,35.52078219910618,-146.73648464049387
27.675,-26.32832,1609.3,1636.5144686712433,978577.21,33.17933159368113,-148.18944198585191
27.67667,-26.31168,1596.5,1623.6434512445069,978577.51,30.703253483981825,-149.55590206922705
27.67833,-26.23167,1652.0,1678.816219228711,978557.22,33.16554872819688,-153.42105299954326
27.67999,-26.285,1565.4,1592.4322658924589,978580.21,25.689271017792635,-150.83712930746938
27.68083,-26.763,1428.0,1456.9289445373822,978675.46,44.65374216961209,-117.30929385210996
27.68167,-26.25667,1590.4,1617.3165934792362,978571.21,26.395366846583784,-153.08593546947046
27.68167,-26.77,1436.2,1465.1525583614916,978674.18,45.402299357927404,-117.90791782742625
27.68167,-26.75833,1425.5,1454.4132139950968,978676.28,45.03671605465934,-116.3599726344568
27.68167,-26.36501,1689.2,1716.5827540697073,978566.31,44.34164811309893,-143.9229511239921
27.69833,-26.17999,1706.0,1732.6129585910462,978541.82,38.05614441202488,-154.50664765317478
27.69833,-26.22667,1669.7,1696.498091695574,978551.32,33.07742840400897,-155.8522454747416
27.7,-26.21001,1723.9,1750.6300698951052,978540.62,40.266362096183,-153.41854183508596
27.70667,-26.735,1428.9,1457.7365904384965,978668.69,40.16496687789913,-122.43624026901799
27.71832,-26.15668,1726.4,1752.9156075265978,978535.62,39.78423116693739,-155.47691572477106
27.72166,-26.03999,1469.7,1495.740347763902,978586.41,19.569856695947237,-144.9486298264458
27.72667,-26.62833,1462.7,1491.2262359035708,978653.99,43.52372281695716,-122.85825211664957
27.73666,-26.14166,1717.5,1743.9451173045088,978537.62,40.09025422518607,-153.40980887804207
27.74667,-26.72667,1452.4,1481.2136544742698,978660.29,39.61137477122247,-125.1751160775747
27.75166,-26.03333,1578.5,1604.4553772852025,978561.41,28.579459502827376,-149.88750715532802
27.75833,-26.11667,1753.2,1779.5015417475472,978530.42,45.64132037584204,-152.20593421091695
27.76666,-26.11,1743.7,1769.9513966504542,978534.02,46.77168146206532,-149.61151842208656
27.795,-26.07832,1695.0,1721.0416524363366,978541.22,41.145432036952116,-149.6884265025217
27.80167,-26.11667,1761.7,1787.9110171627678,978529.12,46.9351031400729,-152.14718029357942
27.82333,-26.48334,1554.8,1582.8506876888457,978631.09,59.35663848230615,-115.88764980682998
27.83,-26.12666,1748.3,1774.5148524800304,978532.12,45.09018174232915,-151.37742421925535
27.83333,-26.06,1488.0,1513.890489278475,978573.81,11.143305069184862,-154.79340750488873
27.85167,-26.70667,1525.8,1554.552001993839,978645.09,48.48437790002208,-119.33781030278453
27.86667,-26.405,1603.5,1631.2534378304986,978606.3,55.13716614677105,-126.56262928775911
27.86833,-26.27667,1615.4,1642.4573926844723,978584.11,45.617091694730334,-135.95512527573194
27.87,-26.02167,1499.0,1524.6900914543505,978559.32,2.7145292430650443,-163.72839207937758
27.87167,-26.16333,1733.1,1759.501252809447,978539.72,45.44035109761171,-148.91793766617553
27.87666,-26.235,1640.1,1666.9159876635772,978575.81,47.846505276393145,-136.24798056880255
27.89833,-26.69167,1439.2,1467.8937420061436,978664.69,42.439967170590535,-121.06263581413845
27.90167,-26.185,1691.9,1718.410762783251,978551.42,42.91737604467198,-148.39319310946584
27.90167,-26.34,1554.8,1582.1948474235064,978612.8,51.1754522039555,-121.81494963312869
27.92332,-26.10834,1661.1,1687.1518655649768,978528.53,15.861126444069669,-165.02324072908553
27.92667,-26.68668,1438.0,1466.6699606982759,978665.99,43.724040744127706,-119.78158541231781
27.92833,-26.07832,1628.5,1654.3824749533462,978532.02,11.38441557972692,-169.16658380565207
27.94501,-26.655,1438.3,1466.8793999753834,978663.49,43.58313380472828,-119.79559005526767
27.94501,-26.33667,1540.8,1568.1415274773124,978613.9,48.17957443615887,-126.55340131071574
27.94501,-26.20168,1665.7,1692.2738366695269,978557.62,39.862646669964306,-148.420879645318
27.965,-26.62833,1446.0,1474.49054035643,978660.69,45.06115801050328,-119.19539696285102
27.98334,-26.59666,1456.0,1484.383173743449,978656.79,46.50307217496447,-118.85739683572967
27.985,-26.33167,1528.6,1555.8963522600384,978613.1,43.96127757860813,-129.08241457881576
27.99001,-26.21001,1702.6,1729.19915781869,978552.42,45.45617885456886,-145.46626377874202
28.015,-26.55,1475.8,1504.025911080141,978649.59,48.733192519051954,-119.01459123900204
28.02333,-26.93333,1481.3,1510.5461900570506,978654.89,28.229962014826015,-139.64650355703455
28.03,-26.19167,1755.3,1781.7920897175918,978535.32,45.889776763971895,-150.83239467155755
28.03168,-26.83333,1494.7,1523.6789626387786,978657.59,42.26372094254475,-127.34663770039484
28.03168,-26.34,1515.2,1542.533229495337,978615.4,41.541172016295604,-129.006147945008
28.04167,-26.52333,1490.8,1518.9367888158372,978645.09,50.75763854617253,-118.27250136356747
28.05333,-26.2,1723.9,1750.4395736258816,978542.62,42.92370611196384,-149.70317540973664
28.05667,-26.63834,1503.3,1531.8370915647292,978646.49,47.82675153738819,-121.90225607928397
28.06332,-26.48666,1489.5,1517.5078853267335,978641.69,49.56122804200277,-119.10707008634634
28.06332,-26.21832,1694.1,1720.7426117669736,978552.72,42.55317990784533,-148.2466487489822
28.065,-26.17332,1764.8,1791.1945981074748,978525.43,40.211776784737594,-154.18550994888827
28.06667,-26.38,1501.1,1528.6455673982302,978623.4,42.38382184912916,-127.93145871017188
28.07167,-26.45168,1481.0,1508.870703027141,978637.99,45.716997459181584,-121.1105089101388
28.07832,-26.41667,1492.9,1520.6189618289359,978630.6,44.47094358445611,-125.06624710782168
28.08,-26.985,1487.4,1516.8369770142456,978659.29,30.80018831056077,-137.82549399398275
28.08501,-26.14999,1655.3,1681.5757980603962,978538.32,20.957735417759977,-165.9851388044612
28.08501,-26.14166,1675.8,1702.0328297348829,978536.42,25.962643978535198,-160.84557689153397
28.08667,-26.07668,1563.0,1588.9062360198948,978550.32,9.604565473855473,-166.47885376978286
28.08667,-26.87334,1495.0,1524.0796657621381,978652.59,34.47576376993675,-134.50792923302367
28.08833,-26.09332,1597.1,1623.0886877211735,978542.52,11.16202298970893,-165.4501510663598
28.09332,-26.38333,1513.3,1540.8686676358157,978620.1,42.614934097393416,-128.0685818098453
28.095,-26.235,1655.7,1682.4362145044913,978563.91,40.73373226914555,-145.42762817694097
28.10001,-26.045,1502.0,1527.769687208191,978563.91,6.593304904643446,-162.37954990378435
28.11501,-26.02,1503.6,1529.2778365881627,978564.71,9.638598033576272,-159.38408514098896
28.11833,-26.25833,1569.4,1596.271860252569,978580.31,28.88497626769822,-147.4218211628059
28.12167,-26.35834,1556.9,1584.3505370012772,978603.7,41.423316276981495,-135.32239712181683
28.13,-26.98833,1496.5,1525.9482275144294,978656.09,30.167565170209855,-140.05521916209918
28.13499,-26.85834,1502.3,1531.346826256793,978653.29,38.509367039310746,-132.0175861766855
28.13834,-26.28833,1542.9,1569.948545952272,978593.31,31.61510688776616,-142.09610133231726
28.13834,-26.32832,1561.5,1588.782286406062,978596.51,37.755897538154386,-139.08274292078423
28.14333,-26.78833,1513.0,1541.9022576010557,978651.59,45.15612391708419,-126.58468725400348
28.15167,-26.29832,1560.6,1587.7023869480631,978590.21,33.27517461928073,-142.42119786938278
28.16499,-26.24167,1670.9,1697.6740392252104,978557.82,38.86622923868708,-146.98913371730475
28.17,-26.29167,1532.2,1559.2528443445458,978595.21,29.97635944338981,-143.46394234470952
28.17168,-26.59332,1565.4,1593.7623450116205,978623.4,47.09450826665852,-130.58754165381563
28.17999,-26.71167,1503.6,1532.3059651708693,978647.59,43.75971104612108,-126.25927933981964
28.2,-26.30833,1560.3,1587.4167243971951,978589.51,31.769071114133112,-145.01201013227072
28.205,-26.16667,1704.7,1731.1085534344102,978546.92,43.64419767318759,-148.92507011238743
28.21667,-26.97501,1501.1,1530.4226133304333,978643.29,19.72027065535076,-150.9339827270325
28.22333,-26.325,1575.8,1602.9751971015035,978588.51,34.37214970798232,-144.47046183863148
28.23,-26.14999,1706.9,1733.2468579852161,978535.92,34.4954984721262,-158.03599810108372
28.23833,-26.34666,1563.9,1591.1656634248993,978593.71,34.374403044465,-143.2250962281815
28.245,-26.37334,1527.3,1554.689448659736,978601.7,29.196196393691935,-141.35931187597674
28.24667,-26.66667,1516.1,1544.5606309680827,978638.29,41.5006720405072,-130.63383333024402
28.265,-26.395,1567.0,1594.450091082751,978593.41,31.61397591268178,-145.68876182920567
28.27667,-26.02667,1594.1,1619.983428557988,978553.62,26.053441365482286,-152.83906056650423
28.28146,-26.0038,1548.9,1574.7078734687873,978565.56,25.655238549108617,-148.60994117472967
28.28333,-26.54333,1586.8,1614.754297112204,978601.8,35.580618532258086,-140.72830119775463
28.28667,-26.41499,1564.5,1591.9835326006928,978593.91,29.91541568352841,-146.57926253512784
28.3,-26.63167,1485.3,1513.5399276102319,978640.19,36.36525503580924,-131.7232503003026
28.31168,-26.37833,1581.9,1609.1822242772662,978584.01,27.95661314181052,-150.4354738966869
28.31168,-26.435,1605.4,1632.898372991288,978585.21,32.39602663228288,-149.32297143539384
28.32632,-26.02168,1574.1,1600.0390451630142,978560.32,26.956590484827757,-148.08392832233147
28.33667,-26.465,1631.3,1658.8555286196233,978578.11,31.14235544577241,-153.109543411508
28.355,-26.48167,1567.0,1594.5818008849633,978590.71,22.71559581172187,-146.08283986835482
28.35834,-26.49834,1536.8,1564.435549910782,978600.5,22.00494430877734,-151.20609409215754
28.36166,-26.50999,1532.2,1559.8717833462867,978602.8,22.057084070518613,-151.42482747218853
28.36276,-26.02094,1618.8,1644.7985089317801,978551.39,31.885756265954114,-150.9704789007858
28.36333,-26.53333,1555.4,1583.158153243521,978602.0,26.75623759208247,-149.68149309387735
28.36833,-26.10834,1642.2,1668.52074825344,978549.42,31.00433691579383,-155.07648518191746
28.38,-26.08167,1640.4,1666.647270169735,978552.22,35.128697402076796,-150.2433221082449
28.38167,-26.61,1552.3,1580.3530215257254,978621.7,40.05234203499276,-134.31036281379195
28.38667,-26.55833,1583.7,1611.538680670541,978600.2,31.905731476144865,-142.9332535417916
28.38834,-26.13499,1634.9,1661.34123291287,978549.52,26.987603372894228,-156.6568726461656
28.39,-26.66499,1583.1,1611.3705159290603,978624.6,48.54066097654868,-127.9188672450523
28.39333,-26.2,1593.2,1619.825092105683,978566.31,26.325730118900537,-153.28923178541174
28.395,-26.03999,1630.1,1656.230121789816,978550.42,33.08554959075991,-150.21212779470227
28.39667,-26.17332,1609.6,1636.1654006056913,978563.62,30.58370993763674,-151.8816651836404
28.40334,-26.23666,1619.7,1646.4104304439138,978560.92,26.512643724447116,-156.62254469248327
28.40833,-26.56667,1617.0,1644.8596409890429,978594.71,36.09143118734937,-144.66028229097554
28.41333,-26.56833,1633.4,1661.264343874196,978590.51,36.83158814709168,-148.05915047953474
28.42667,-26.73833,1556.6,1585.1319045783735,978632.6,43.131002873997204,-132.48167235328037
28.43668,-26.37666,1598.7,1625.7858383651164,978568.71,17.898157282732427,-162.32446853414405
28.43832,-26.245,1620.6,1647.3225133669305,978561.12,26.396777523332275,-156.7485191538403
28.44167,-26.59332,1652.6,1680.5628521705328,978591.21,41.67847992177121,-143.3692584675173
28.45667,-26.42,1557.5,1584.7175708544187,978580.21,13.613691670121625,-161.69062535238976
28.46832,-26.03,1628.8,1655.043275187612,978565.41,48.42083293595351,-135.89506856684363
28.47166,-26.595,1584.0,1611.9694923073641,978605.7,34.88923317112494,-141.12054517557303
28.47501,-26.83501,1560.6,1589.4455526476029,978611.0,15.83817127684597,-160.64078509645543
28.505,-26.265,1572.5,1599.27583718119,978570.81,19.83370381151326,-158.64142920882412
28.505,-26.61333,1568.5,1596.55006653573,978613.3,36.40768832806498,-141.06147100543555
28.51666,-26.88333,1539.2,1568.206221634183,978621.3,16.069835636997595,-158.54042008827824
28.52834,-26.265,1576.7,1603.5014171102086,978569.71,20.0371316409437,-158.59769356643463
28.535,-26.63667,1603.2,1631.3466647568023,978612.2,44.35251071897801,-137.19257086517226
28.53667,-26.04832,1623.3,1649.7096617338582,978572.01,52.07096584467217,-130.16719319376008
28.53833,-26.90167,1570.6,1599.6691179886375,978625.2,28.33891027478967,-148.23597816106513
28.54668,-26.64667,1618.8,1646.9866098232646,978610.2,46.452978362096474,-137.06406424992616
28.56332,-26.65167,1595.6,1623.8042660610997,978614.3,43.040356584009714,-134.70566828965738
28.565,-26.27834,1602.6,1629.4770622877254,978562.91,20.2935267474968,-161.20287694689173
28.58167,-26.075,1565.7,1592.2409017998848,978586.21,46.64295268524438,-129.738130722167
28.58833,-26.65668,1612.4,1640.622284843723,978610.6,44.1652429261012,-137.17008065877224
28.59332,-26.99333,1529.8,1559.1232193983592,978642.49,26.43576190469321,-147.1587506028127
28.59332,-26.66,1603.8,1632.03627257986,978612.3,42.97647224518005,-136.4332030862197
28.59666,-26.62334,1634.3,1662.3716207194018,978591.31,33.996670599561185,-149.30831505639702
28.60333,-26.295,1620.0,1646.9787995591728,978556.12,17.707596259191632,-166.01748135527262
28.61833,-26.095,1582.8,1609.4369714427507,978583.31,47.621189475408755,-131.49040804948277
28.61833,-26.58501,1629.8,1657.7005329293377,978569.11,13.12720214028377,-169.73470526846677
28.63834,-26.67168,1683.7,1711.9821397440712,978598.21,52.69981134322006,-138.20221044385548
28.64333,-26.12334,1597.8,1624.5401138147988,978578.71,45.65778144088108,-134.43785383666582
28.64667,-26.54333,1642.5,1670.2309091869365,978558.62,9.512580672977492,-175.66362435076306
28.65167,-26.32167,1643.5,1670.6329184786885,978545.62,12.590545880259015,-173.47509512356433
28.66499,-26.52167,1601.4,1629.0619181357647,978563.82,3.577004984021187,-175.38170479689026
28.67,-26.68832,1638.9,1667.259589438957,978610.8,50.289826537598856,-135.05087684117953
28.685,-26.15167,1559.0,1585.87381163787,978586.61,39.60775244492106,-137.2087285270049
28.69501,-26.495,1635.5,1663.1049349988705,978554.12,6.301118012866937,-177.92612415548788
28.7,-26.70667,1618.8,1647.255139617364,978622.0,53.98946316167712,-125.31620847962424
28.70833,-26.345,1639.5,1666.797553456157,978547.22,11.332776010618545,-174.21802466651565
28.72166,-26.27834,1622.7,1649.9094681126785,978563.51,27.196017760317773,-154.78147689278813
28.72667,-26.25,1606.3,1633.4725618541593,978566.61,27.25658130843658,-154.20038393597653
28.72667,-26.72667,1598.0,1626.5559026545025,978629.7,53.854422839474864,-122.39405276474542
28.72667,-26.16333,1574.0,1600.9738635536796,978580.81,37.63250385655556,-140.9762822342164
28.73,-26.22667,1611.5,1638.6344060872489,978566.21,30.119263437227346,-152.6033990219357
28.73167,-26.21001,1588.6,1615.701098739697,978569.21,27.237553489743732,-152.52265171635685
28.73334,-26.45833,1645.6,1673.1685000850025,978550.42,8.347647131304257,-178.00843630626485
28.73334,-26.515,1617.2,1644.9318566986192,978563.21,8.343324981047772,-174.47700785251033
28.73833,-26.73666,1591.0,1619.6031448142621,978631.09,52.37510596564971,-125.31976134607726
28.74167,-26.12,1533.1,1559.9941670182202,978595.61,42.88611097005196,-129.18504520829515
28.75,-26.30667,1640.4,1667.7421991405397,978566.51,33.665125081082806,-151.56356422905577
28.755,-26.425,1670.6,1698.1480969530064,978547.12,15.152070908225141,-174.30729787141013
28.755,-26.02333,1557.8,1584.3767533678447,978611.3,72.98788275860716,-103.09792060305895
28.75667,-26.74667,1586.5,1615.1568765369357,978632.5,51.68728646496311,-127.28880252114558
28.75833,-26.325,1676.4,1703.8071546696249,978551.72,28.68410769291222,-160.04350742344477
28.75999,-26.52667,1656.9,1684.7094374523583,978559.42,15.980824992991984,-170.27438203005073
28.75999,-26.09332,1571.8,1598.6598702278359,978596.6,57.7066866584355,-119.07337354326376
28.76833,-26.23,1579.8,1607.0464018788568,978569.51,23.43730755324941,-155.4250593176901
28.77333,-26.76167,1574.9,1603.6238927850366,978636.49,51.03107949113473,-126.91876356246183
28.77499,-26.34666,1663.0,1690.48915455647,978555.22,26.521237379522063,-161.22468973133425
28.77834,-26.38834,1676.7,1704.2580454864942,978547.82,20.373463316005655,-169.22491513495785
28.78168,-26.18333,1573.4,1600.5676057846583,978577.71,32.977660622564144,-145.65953444085218
28.78168,-26.37666,1662.1,1689.6526417380699,978552.62,21.508028358686715,-165.40113319988828
28.78333,-26.77,1580.1,1608.8611772024533,978638.39,53.94174289552029,-123.47037365644621
28.785,-26.075,1564.5,1591.3480922125602,978606.0,66.15755319560412,-110.47059831719932
28.78833,-26.355,1661.8,1689.3450757810162,978554.62,24.96937949571293,-161.95313857884963
28.79167,-26.02834,1526.7,1553.3557594816682,978633.3,85.06225353572518,-87.64270277663968
28.79167,-26.54167,1641.6,1669.5225478308516,978581.31,32.10391368647106,-153.28549114905317
28.79333,-26.13167,1574.0,1601.0671337476663,978586.11,45.222634895471856,-132.43947972219635
28.795,-26.015,1513.9,1540.4959185846415,978638.49,87.23493518715259,-84.63465119148606
28.80667,-26.05833,1549.9,1576.7213876742917,978618.7,75.53378998395056,-99.84831484032603
28.81168,-26.22833,1586.2,1613.6008641268647,978570.21,26.278644172707573,-153.82967510051995
28.81332,-26.375,1674.6,1702.2728960940713,978554.62,27.52000551717356,-162.12868127441163
28.81667,-26.33167,1604.2,1631.8225720872942,978565.41,19.691629252396524,-160.99922455895697
28.82001,-26.77834,1581.6,1610.4362023012566,978637.99,53.421896969899535,-125.98675533106496
28.82333,-26.785,1592.3,1621.1579213800362,978635.59,53.84531445580069,-126.96601528144336
28.84167,-26.17168,1594.1,1621.4689884237262,978577.41,39.95770489459392,-140.3770128568526
28.84167,-26.29167,1573.7,1601.3860064560972,978584.71,32.472930832067505,-145.85092716452056
28.84167,-26.53667,1671.2,1699.2802005253363,978586.71,47.04348237335216,-141.87549039928916
28.845,-26.81,1547.2,1576.1448902042832,978646.79,49.34400305279996,-125.95705762263785
28.85167,-26.25999,1545.9,1573.5888408485944,978586.11,27.569162259576842,-147.3781668906727
28.85333,-26.38333,1684.6,1712.5050453954043,978573.41,48.86735862097703,-140.89965622217997
28.85667,-26.22501,1543.8,1571.4204701720096,978590.31,33.60520490293857,-140.8648128807676
28.86,-26.82668,1534.7,1563.6940693281745,978653.19,50.690664706984535,-120.79540515636381
28.89166,-26.85001,1525.5,1554.5653996476003,978656.79,49.77770635636989,-122.36345357978098
28.89667,-26.82167,1563.0,1592.010834530757,978638.79,45.3895998300286,-131.8084396281967
28.89667,-26.37833,1671.2,1699.4066584466411,978593.11,64.88660353666637,-124.50324527837788
28.90668,-26.23666,1550.8,1578.7734744083227,978607.1,51.829359423485585,-124.14149291315016
28.91667,-26.30499,1599.9,1628.1204960388025,978609.4,64.45415093365591,-115.7651921498418
28.93167,-26.36501,1670.3,1698.7426161074957,978599.6,72.12894208333455,-116.90416807801611
28.93333,-26.85667,1561.2,1590.3280064846847,978650.19,53.724451353773475,-122.37123258548377
28.935,-26.79167,1571.2,1600.1822881334826,978625.7,37.00066787027754,-140.64953101573448
28.93832,-26.51833,1609.3,1637.8518027842529,978608.2,50.90924319787882,-131.39693637277355
28.95168,-26.86,1550.5,1579.6544649668147,978651.09,51.08973100641742,-124.56490007034412
28.955,-26.52499,1609.3,1637.9322085968947,978610.6,52.85355907352641,-128.3479741382303
28.96167,-26.49333,1603.2,1631.8332985267552,978610.5,53.155676297843456,-127.62567534946291
28.96167,-26.42999,1632.2,1660.8386766016665,978610.1,66.26491037511732,-118.15882442530193
28.96333,-26.75667,1542.0,1570.940629979438,978615.6,20.422561838408,-154.08615492022022
28.96667,-26.86166,1552.3,1581.471149822607,978647.09,47.52928329992574,-128.5647865725316
28.97,-26.36,1691.0,1719.6446160015025,978603.9,83.23598577373195,-107.4536011443067
28.97667,-26.72833,1544.7,1573.6034382465723,978612.1,19.800369594828226,-155.04867433857424
28.97833,-26.69,1563.9,1592.7509411754488,978605.4,21.785558430477977,-154.6902097400815
28.985,-26.265,1631.3,1659.7724164529136,978619.5,87.18430965160951,-97.98013321892938
28.99167,-26.87,1579.8,1609.0066966756501,978640.39,48.71574879414402,-130.0991485696509
29.005,-26.87833,1582.8,1612.03130052121,978637.99,46.64219592313748,-132.1282487892424
29.00999,-26.37833,1641.6,1670.4073674970216,978622.0,84.83181626722217,-100.30750374051624
29.02834,-26.89333,1540.1,1569.3703766891867,978647.39,41.79056670097634,-131.2958977695667
29.03,-26.63333,1551.1,1579.9324476510358,978607.1,23.635045413975604,-150.47657394708844
29.05,-26.97166,1546.5,1575.9624107146162,978667.48,58.202189970295876,-114.24081482674853
29.05,-26.39166,1665.1,1693.9502450035986,978622.8,91.93537185131572,-96.27954087905363
29.05499,-26.05167,1577.0,1604.2990792318349,978606.9,72.7150233250577,-105.73352133890015
29.06332,-26.09833,1592.9,1620.5130485965165,978607.7,75.19019778224174,-105.247874442007
29.06332,-26.57333,1564.5,1593.3303059134296,978618.1,43.10575742740184,-133.11050306649636
29.065,-26.01167,1559.7,1586.6774092971461,978609.3,72.5274427268887,-102.42636170485835
29.06667,-26.90668,1551.4,1580.6992110837969,978641.79,38.712410980137065,-136.02177165356554
29.08,-26.28168,1610.8,1639.374674684009,978652.39,112.58708938048221,-70.24858374361989
29.08,-26.41667,1638.6,1667.4693237393124,978630.6,89.7686161120655,-94.93907863402981
29.08833,-26.12666,1543.5,1571.2822015970926,978627.5,77.78271413652692,-94.74250912801699
29.10001,-26.91499,1573.4,1602.7134156997163,978635.99,39.09726082056295,-139.30971256175906
29.105,-26.18167,1583.4,1611.4972426361842,978632.39,91.1477089249529,-85.45618500971497
29.11501,-26.42667,1666.3,1695.1365843913738,978625.7,92.68300299299881,-95.05524303821176
29.12334,-26.55333,1576.7,1605.4858503757669,978621.8,51.99973370926455,-124.9650036160113
29.125,-26.96333,1518.2,1547.6327686769516,978654.59,37.181512551615015,-131.2272570098592
29.12666,-26.92168,1584.0,1613.327016084368,978634.5,40.39343851711601,-138.70788905466256
29.13167,-26.43333,1683.1,1711.9199993647599,978622.4,94.08044741279446,-94.61501379199484
29.14,-26.20667,1565.4,1593.6133883558423,978644.89,96.3433100002585,-79.79508115457747
29.15334,-26.45168,1673.0,1701.814368084494,978622.9,90.14231860730797,-99.01157767724422
29.17,-26.93333,1550.8,1580.162614183191,978644.09,38.90421423793305,-136.40458463549416
29.17,-26.29333,1567.6,1596.2192989753871,978666.98,113.03016816976015,-63.92255430003681
29.175,-26.01666,1581.9,1608.9202230398107,978617.9,87.63340928591788,-91.38164542799771
29.185,-26.52167,1590.1,1618.9610863956989,978626.1,62.74133839167189,-116.1718708204879
29.19,-26.25,1566.3,1594.8149947227168,978649.89,98.61228636617307,-73.96659274115422
29.19667,-26.94,1571.2,1600.5940287888645,978643.99,44.62003895023372,-132.96037423165947
29.19667,-26.46333,1649.6,1678.5096704981838,978626.6,85.81498106161598,-99.41650688149193
29.2,-26.32668,1606.0,1634.8039863859608,978667.48,123.03943209559657,-56.52973792320782
29.205,-26.38,1582.2,1611.0978662432865,978679.68,124.0974833931541,-55.580737449165184
29.20833,-26.43167,1595.6,1624.5463506376966,978652.49,97.33947434811853,-81.88178888553057
29.21667,-26.29832,1564.5,1593.3096350877877,978667.28,112.0748013202101,-64.6495759957478
29.21667,-26.09167,1556.9,1584.5561386632544,978634.89,91.76387427723967,-84.8442144284989
29.22501,-26.49667,1646.2,1675.2181824230793,978618.9,74.69704946107231,-111.32290811113378
29.22667,-26.94833,1536.5,1565.9386963397505,978653.89,43.22266425390262,-130.84384148306103
29.22667,-26.27167,1548.7,1577.4316874512795,978665.69,107.49761841178406,-68.44821737292179
29.23167,-26.49834,1655.0,1684.03619039295,978617.2,75.59654521325137,-110.41193040312515
29.25,-26.85333,1598.4,1627.6595451519513,978641.79,57.08267646608874,-124.33385833218495
29.25667,-26.96832,1552.0,1581.5037739538384,978657.19,49.8652644000249,-125.33640708002605
29.26666,-26.78667,1588.9,1618.0580551367461,978634.89,52.06782712985296,-128.1515231812941
29.26833,-26.285,1602.9,1631.8495555468207,978653.29,110.92791270045564,-69.92977516879583
29.27,-26.49667,1653.5,1682.6845999822476,978625.5,83.60005567327607,-103.32723922189552
29.27499,-26.13667,1589.5,1617.6493124312453,978648.89,112.76058575510979,-62.892457589609734
29.28999,-26.98167,1564.5,1594.055661258107,978659.49,55.062473757658154,-122.5726148782743
29.295,-26.705,1584.6,1613.7309702536932,978627.3,49.06985173560679,-130.26784542748373
29.3,-26.30833,1614.5,1643.6583393343878,978655.29,114.897301839781,-66.57790340600678
29.30333,-26.5,1653.5,1682.8045581503593,978625.0,82.89696073252708,-103.60816501435323
29.30499,-26.86667,1589.2,1618.5450769726242,978653.19,64.70033984002657,-115.395661484525
29.32668,-26.48833,1661.1,1690.4718474815522,978628.3,89.40324146999046,-97.78520370405147
29.32832,-26.17999,1581.0,1609.595231400278,978644.39,102.68111847213004,-75.40581615071608
29.33,-26.235,1590.4,1619.3357100301748,978647.89,105.25011098990217,-74.0649395077412
29.33333,-26.38333,1617.0,1646.3920189140235,978676.58,131.64484565367457,-50.72721998479793
29.34666,-26.64999,1660.2,1689.4060934305658,978602.2,51.296916157822125,-136.46706217220353
29.35333,-26.465,1599.3,1628.7067835440425,978645.39,89.12285688205156,-90.70799475444454
29.35834,-26.345,1568.2,1597.5385550896647,978675.18,117.92939917440526,-57.44919748367275
29.35834,-26.83,1612.7,1642.0227704744336,978653.99,75.4103044407675,-107.00979738536498
29.375,-26.42332,1600.8,1630.2092384132382,978662.99,110.18713921110611,-68.55215588307905
29.38,-26.295,1681.0,1710.1851376648624,978638.39,119.47358536312822,-67.91764105543112
29.39166,-26.565,1686.1,1715.371297300576,978607.4,70.65123551606666,-118.95760681489386
29.395,-26.45667,1654.4,1683.7655056756314,978637.09,98.40584026754368,-88.19370597797439
29.44167,-26.45332,1648.7,1677.9554684611724,978637.59,97.35500323027372,-88.4938192896345
29.455,-26.80333,1621.5,1650.7772286103263,978650.49,76.54961302666925,-107.20988086309063
29.45833,-26.355,1647.4,1676.538500694531,978666.78,133.17920537490863,-53.35708035105375
29.465,-26.21667,1574.6,1603.3565906212957,978655.09,108.83321322139818,-66.46605984968193
29.46667,-26.28,1592.3,1621.2689402211402,978662.29,117.02267807396129,-63.02127465167408
29.46832,-26.16167,1583.1,1611.6586830596027,978647.39,107.62697219057009,-70.65101022229786
29.47833,-26.11,1655.7,1684.041238194929,978625.1,111.35320794431027,-76.01662546904674
29.48334,-26.035,1629.8,1657.7153350209032,978621.9,105.37902467208914,-78.78645794778794
29.485,-26.435,1693.2,1722.3374321584736,978639.69,114.46343224251177,-77.53056433888358
29.5,-26.80333,1652.6,1681.8693013204236,978650.89,86.53991838556249,-97.40334861499684
29.505,-26.53833,1673.6,1702.7067623025996,978614.2,75.47057745873462,-114.43894240051014
29.50999,-26.46832,1677.3,1706.4200293957847,978631.89,99.35436924709938,-90.7339358524448
29.52333,-26.37167,1635.8,1664.8745682071956,978674.38,135.9838400282897,-47.16343139221863
29.53333,-26.58167,1625.8,1654.8838443895786,978624.6,67.98974691343028,-115.39077074713592
29.54167,-26.47501,1694.1,1723.239429281982,978628.9,101.07018929463811,-90.80758547356214
29.55833,-26.32167,1602.0,1631.0342936259815,978682.98,137.73620075406507,-41.85715595948324
29.56332,-26.63499,1669.7,1698.803216755471,978612.9,65.9810375146335,-122.98993823068363
29.57167,-26.755,1628.8,1657.989731378671,978638.29,70.08463539369404,-113.63800515642387
29.59,-26.47667,1705.0,1734.1506822263718,978616.0,91.41605621704366,-101.81178765892744
29.59833,-26.67667,1617.6,1646.7410016693316,978626.6,60.60489863844123,-121.64080413271304
29.60667,-26.26334,1647.7,1676.630332543303,978657.49,130.49310339940712,-55.407032813061676
29.61333,-26.71333,1653.8,1682.97327708461,978625.4,67.9238341813907,-117.89380109646913
29.62334,-26.77,1666.0,1695.2120734915452,978632.8,74.9867501022527,-112.96385082776223
29.62666,-26.47501,1730.6,1759.7492274439385,978610.3,93.7312598208664,-101.66898209941763
29.62833,-26.58833,1719.1,1748.2524456210342,978609.0,80.70751638908405,-112.57277873388605
29.62833,-26.21667,1611.2,1639.9791475485893,978655.09,120.12975733366329,-59.97908905445689
29.64,-26.66167,1695.9,1725.033704928407,978610.6,69.84039054031018,-119.92482971925975
29.64667,-26.00333,1629.5,1657.2505857026842,978631.89,117.47986503026914,-66.58371122068075
29.66167,-26.46333,1694.4,1723.5081455075076,978624.7,97.79456387285609,-92.67923560612988
29.675,-26.60001,1684.3,1713.3894607037848,978622.0,82.11009020579513,-107.27293486393802
29.68668,-26.175,1718.5,1746.9873654842,978620.2,121.22652317036409,-71.54599970636704
29.69,-26.07832,1627.6,1655.6126584968765,978643.89,123.6338713944424,-60.35094293682377
29.69833,-26.47501,1734.6,1763.566136516409,978608.3,92.90853488142602,-99.56472373469671
29.70332,-26.84167,1606.6,1635.7916219546871,978657.89,76.5394308908144,-104.82432792967683
29.705,-26.88834,1597.4,1626.6532082456667,978662.89,75.32339020585641,-103.44959604634977
29.73334,-26.15167,1651.4,1679.5937899512135,978635.09,116.99637599824928,-70.3346105851146
29.735,-26.93167,1755.6,1784.8834047950509,978627.3,85.38045205979142,-107.68508962599822
29.73833,-26.49001,1721.5,1750.2521254367914,978600.8,80.22092902916484,-111.48599755672774
29.75999,-26.66167,1613.0,1641.8314862502134,978636.49,70.06691908731591,-111.01457637603573
29.77499,-26.14999,1687.0,1714.948738644182,978619.1,112.03154995141085,-78.00327687922967
29.77667,-26.50667,1664.8,1693.3502179250045,978607.6,68.26876419305336,-117.13691271427857
29.78,-26.955,1691.6,1720.8477494044664,978626.6,63.22790032369085,-128.53764290127123
29.785,-26.23666,1645.9,1673.984050959061,978600.0,74.0978077306645,-109.64913863525561
29.79668,-26.97333,1696.2,1725.4519500268627,978624.7,61.410306307370774,-129.49783735963746
29.79832,-26.51666,1624.9,1653.3281723719294,978617.7,65.30344995344058,-118.76304832154011
29.81667,-26.13667,1725.8,1753.4206165100572,978602.0,107.74922548886389,-85.5035624686239
29.82167,-26.51666,1668.8,1697.0853920685954,978607.2,68.3003225257853,-119.29098460506387
29.84666,-26.26334,1722.4,1750.0701660054906,978562.82,58.4752569302218,-135.52892413701738
29.86333,-26.50999,1699.5,1727.545686314265,978589.41,60.38671205355786,-130.06587262117566
29.87,-26.90833,1593.8,1622.7628201081745,978656.39,66.16699809522834,-112.6819728703291
29.88667,-26.59,1682.2,1710.341237884768,978606.5,66.39345761644654,-121.12837434429437
29.89833,-26.33833,1825.4,1852.8670153802361,978540.92,62.90255552041344,-140.792347654676
29.905,-26.515,1653.8,1681.658338044461,978594.11,50.57163686340209,-135.76577097236824
29.905,-26.13,1609.6,1636.624940960469,978600.8,71.00000923429616,-110.11150687873979
29.91667,-26.84666,1679.4,1708.1318646120546,978643.29,83.88955255411565,-105.22905036455771
29.925,-26.77,1590.1,1618.6414422649077,978649.79,68.35852828179486,-110.41845946422168
29.93668,-26.41333,1690.1,1717.555691233239,978586.81,61.667899217572995,-128.5667567399645
29.94,-26.51167,1675.2,1702.8935781314144,978592.41,55.66176535876002,-132.14415304533003
29.95168,-26.70168,1690.4,1718.6857103560599,978608.7,63.083723032148555,-127.44011264603208
29.95332,-26.10834,1632.2,1658.8702739549822,978585.51,64.11761724518146,-117.83371476177885
29.97,-26.59666,1782.2,1810.048266841661,978592.51,82.67532143660355,-116.99461137895798
29.97833,-26.63499,1773.3,1801.2649752525444,978600.5,85.18408237386029,-111.18431380965163
29.97833,-26.30833,1782.5,1809.4394928070296,978551.72,62.46131620777305,-137.21201297440697
29.99333,-26.21832,1716.6,1743.218732709746,978555.32,52.08577368920669,-141.21342750512954
30.00166,-26.26167,1725.5,1752.1778088773688,978557.82,54.24499195907265,-140.72518295755606
30.00999,-26.51334,1729.1,1756.5205062178145,978586.81,66.48206343583297,-128.42967589244196
30.01334,-26.535,1726.1,1753.5752291957713,978592.31,69.51085029938258,-123.98942889689891
30.01833,-26.425,1802.6,1829.7211734053917,978561.41,70.02404073660728,-131.07464114484546
30.02834,-26.48334,1795.6,1822.859038566604,978569.61,71.90607107186224,-128.09999899511803
30.03168,-26.01167,1547.5,1573.5227492718323,978595.71,54.87967852887232,-117.010256083216
30.03667,-26.15334,1675.8,1702.0210032571242,978557.62,46.32472825446166,-143.16260292068765
30.045,-26.28,1733.4,1759.8855043895205,978553.92,51.40871583588887,-144.53582986626134
30.05,-26.55833,1704.4,1731.8178960134096,978613.1,81.90577125514392,-110.78034603694374
30.05333,-26.09,1604.8,1630.804528623148,978576.61,47.86881764233112,-132.26428244491754
30.06168,-26.02499,1546.5,1572.346827629731,978589.81,47.66888846177608,-125.30708577487988
30.07001,-26.11667,1649.0,1674.9432550661597,978562.41,45.38095111306757,-140.84254761512818
30.07167,-26.52333,1738.3,1765.5185961406,978587.31,69.03673081845045,-124.94785133807196
30.075,-26.39667,1763.0,1789.7544110685656,978563.82,62.14499060402159,-132.96367016461028
30.07668,-26.57832,1656.9,1684.2953313279183,978626.9,79.60376235935837,-107.51890483959181
30.10167,-26.06,1693.2,1718.8366840932574,978554.62,55.171081897220574,-133.5077963132745
30.105,-26.35667,1669.1,1695.5388384973521,978573.91,46.049876753706485,-138.87847546017366
30.10834,-26.26666,1762.6,1788.677081016811,978546.32,53.64516241417732,-144.91113345371886
30.11667,-26.60333,1708.4,1735.750496977339,978616.5,83.26713080401532,-105.24756503549506
30.125,-26.07167,1706.2,1731.7021055128782,978550.82,54.507643972872756,-137.36295586969635
30.16167,-26.64999,1647.7,1675.0679050886838,978629.3,73.97434204269666,-112.58425832231401
30.16499,-26.30667,1751.1,1777.0083115617658,978549.92,50.77754537726287,-144.95159674179502
30.16667,-26.55499,1692.5,1719.4903571575514,978609.7,74.94463535700925,-115.781147094418
30.17,-26.685,1730.6,1758.0624209777907,978615.6,83.33784671965986,-106.67122401608216
30.18832,-26.06332,1709.6,1734.6519687312161,978541.22,46.41263139527291,-142.65160612615796
30.18832,-26.72,1668.8,1696.3112346986727,978637.89,84.04419600835536,-101.53332175094917
30.19,-26.91499,1639.2,1667.1409830713071,978651.79,74.77010084944777,-109.79183178379702
30.19,-26.215,1806.2,1831.6183980757148,978530.12,54.388872077455744,-146.68088072341038
30.19333,-26.13,1890.3,1915.469443848149,978531.42,87.62590724707115,-111.62349983996162
30.19501,-26.28667,1682.2,1707.8624286550148,978563.91,44.87444805447012,-143.84373207685923
30.21001,-26.18167,1807.5,1832.6967801500077,978527.42,54.405441747861914,-146.95858371991838
30.21167,-26.56332,1632.5,1659.3703432333639,978623.3,69.39924980781507,-113.91961391071462
30.21667,-26.72833,1585.0,1612.424370364354,978676.98,96.65506140142679,-79.91931340625322
30.24333,-26.27667,1741.9,1767.2569210206602,978551.22,51.22103281982709,-144.89709741515526
30.24667,-26.87833,1668.8,1696.371904772283,978636.69,71.35704396094661,-117.2838222108524
30.25833,-26.55667,1639.5,1666.1852296187765,978633.0,81.68155554728583,-100.21692616389498
30.26167,-26.72501,1463.0,1490.229300365622,978683.08,65.3028796633007,-99.88942044708298
30.27167,-26.06833,1800.4,1824.875017618106,978522.83,55.49366546922829,-144.51724628125285
30.29668,-26.715,1447.8,1474.8532689313547,978684.38,62.58567098365165,-100.47580516563357
30.30333,-26.30499,1706.2,1731.3637794498763,978562.01,48.909508426790126,-142.9828634498454
30.30783,-26.69118,1466.1,1493.0457793156377,978672.39,57.93428091017995,-107.9337622384001
30.31667,-26.155,1725.8,1750.2136559092598,978533.12,36.570865813526325,-157.0540013742422
30.32333,-26.82333,1476.4,1503.4718269862146,978667.78,46.947653064737096,-118.37304038788085
30.32668,-26.74001,1448.1,1475.0639135306,978670.58,47.036575056030415,-115.36706070390886
30.33333,-26.565,1619.1,1645.533511140412,978632.89,74.5999110324774,-107.0160202647304
30.33667,-26.05499,1646.5,1670.4527371455151,978544.82,30.804075478343293,-154.08739002249456
30.375,-26.75833,1430.7,1457.4556481102004,978668.69,38.385244222474284,-123.48704939539098
30.38,-26.175,1772.4,1796.4443848063652,978520.53,36.81090408109594,-161.09552902628002
30.38834,-26.31833,1670.9,1695.6626593185824,978575.51,50.440623829956166,-137.05809465489756
30.39667,-26.80333,1456.9,1483.6042683492124,978665.79,40.28294832143001,-123.8279504808909
30.39667,-26.68433,1517.9,1544.3999788527663,978642.5,44.38189228007104,-124.69383010741848
30.40334,-26.53999,1650.2,1676.17646429178,978631.09,84.05757436051499,-97.50869585940504
30.40833,-26.785,1451.8,1478.421348937602,978664.59,38.81599356455263,-125.16414064947438
30.41499,-26.035,1315.2,1338.4719456165296,978601.9,-13.100431969156489,-157.3477415701034
30.42168,-26.59,1533.1,1559.1856682533419,978645.99,59.25884786329698,-111.92814133056424
30.42999,-26.68333,1490.8,1517.1161343481508,978645.49,39.02812468074262,-129.93288490687976
30.43333,-26.38499,1718.5,1743.4310789812978,978589.21,74.08692668646108,-119.84860052723855
30.43668,-26.22667,1781.5,1805.4152730099054,978526.42,41.77182457386516,-157.09577521701314
30.43668,-26.46667,1616.6,1642.0054685953373,978637.09,84.8046001699986,-96.31628080757392
30.43832,-26.80499,1443.2,1469.6903996236188,978669.19,39.270206670393236,-124.07056041128064
30.4525,-26.793,1441.7,1468.0961711844468,978666.11,36.56971905368846,-126.98242698603013
30.45332,-26.79167,1449.6,1475.9896743559498,978665.79,38.78131433343515,-124.75915322174026
30.45534,-26.73383,1432.5,1458.7835311040492,978659.7,31.58280616113916,-129.38861272753667
30.45667,-26.01666,1250.3,1273.1851587040153,978609.3,-24.536176561843604,-158.1510022336189
30.46001,-26.73334,1439.6,1465.8560768717493,978661.79,35.89008237083908,-126.91766771889434
30.46083,-26.67467,1496.6,1522.7196237496992,978642.29,38.183990044053644,-130.5505378050735
30.47,-26.55667,1624.6,1650.2756257575675,978628.0,71.77421816496644,-106.12065874457392
30.48,-26.82668,1421.9,1448.200272206244,978674.38,36.25409765250515,-125.14181079125456
30.48167,-26.65668,1448.7,1474.6501165388581,978656.39,38.75859808269888,-122.73810789479813
30.48167,-26.61833,1462.1,1487.935553704689,978665.39,54.63200027204584,-108.58662386140409
30.49167,-26.23,1790.1,1813.6686589625715,978536.52,54.17905280657578,-144.12927267267258
30.5015,-26.703,1449.3,1475.248735564583,978657.31,36.50765223428607,-125.39135880356909
30.50833,-26.63834,1517.9,1543.6381575963449,978660.91,65.8870055989828,-101.4280625233632
30.50932,-26.77333,1435.6,1461.6496045129916,978664.2,34.09989951062016,-126.68338994945458
30.52834,-26.845,1404.8,1430.881319309074,978681.28,36.47897365281824,-120.04653591265881
30.53999,-26.645,1390.5,1416.0611016765192,978694.48,59.62047036981676,-94.03276688626858
30.55367,-26.75433,1461.5,1487.2519053021529,978664.68,43.85705738700926,-120.28692505355525
30.56416,-26.63918,1318.2,1343.5920780822178,978711.01,54.21562474837992,-94.26437429519117
30.57668,-26.21333,1722.1,1745.0244807113913,978539.72,37.399821515078656,-154.7428815323587
30.57668,-26.85834,1412.4,1438.259886654144,978681.58,38.084413889213465,-117.02747495285436
30.59167,-26.20833,1774.8,1797.6026526951755,978528.12,42.37462292681448,-150.260274687927
30.595,-26.28,1535.0,1558.2530421044096,978588.51,23.804612410487607,-147.71734382670715
30.60249,-26.733,1353.3,1378.70337610733,978705.25,52.48949815740343,-100.16497042971673
30.61166,-26.87334,1367.0,1392.722480570749,978695.08,36.44492231251206,-116.92376190541748
30.61166,-26.50999,1586.2,1610.8037826907735,978642.89,77.8576766467886,-98.09016836728665
30.62,-26.63167,1307.6,1332.6285961937542,978722.97,63.33683825330809,-84.25802342352588
30.63167,-26.17833,1799.5,1821.8892690195541,978520.83,44.72087041276973,-155.38574564028002
30.63499,-26.58333,1284.7,1309.484375524062,978716.77,53.492127159493975,-87.06818802131565
30.63667,-26.42833,1678.5,1702.4954239363522,978580.41,49.54334568674676,-137.28532213562363
30.63667,-26.35667,1672.1,1695.6350528605087,978569.31,41.47955378051847,-146.4963640280206
30.63834,-26.88499,1396.0,1421.6271454749372,978693.28,42.713262264151126,-113.8358474204208
30.64,-26.67,1234.7,1259.716899811647,978743.46,58.558711573132314,-78.48506453261035
30.645,-26.67751,1213.1,1238.1077387922314,978745.18,53.06811317324173,-83.44044082245358
30.65134,-26.631,1232.9,1257.7433294134717,978732.64,49.95294850051869,-88.81279342576445
30.65401,-26.72867,1271.0,1296.0885575398272,978731.58,53.64719180366956,-86.71819343860352
30.67168,-26.74834,1236.0,1261.0444046708687,978737.06,46.888759950059466,-89.67355679392969
30.685,-26.89166,1361.8,1387.2344118023398,978706.17,44.50777026894502,-107.59501028959534
30.70168,-26.17833,1754.4,1776.4269338223814,978532.92,42.78878030623309,-152.9996826627401
30.70717,-26.71049,1357.9,1382.6520884661252,978714.83,64.92012085276656,-81.54682397133723
30.71001,-26.815,1242.7,1267.7703178476706,978735.97,43.031924031092785,-91.55720006038737
30.71333,-26.03,1009.2,1030.3976059181828,978668.98,-40.71250838146079,-151.93380972282785
30.72166,-26.60933,1408.2,1432.5799505453137,978663.67,36.48679507197812,-120.4050754084796
30.73666,-26.90833,1367.0,1392.2692219331132,978708.37,47.046416522120126,-104.1894489586038
30.74001,-26.10834,1414.3,1435.7622688721935,978596.71,6.495472225942649,-145.98952610696452
30.74333,-26.87,1257.0,1282.1052020484176,978726.87,34.35311467165593,-107.70713294632452
30.74451,-26.67368,1402.1,1426.5540490234382,978699.96,66.26081422122661,-85.5251491595294
30.75333,-26.5715,1496.6,1520.675554680591,978649.1,51.82644887967035,-110.53950229960498
30.76334,-26.92667,1345.4,1370.6286463608378,978720.37,51.03372892655898,-100.62332714459382
30.77817,-26.53,1478.3,1502.0691484173283,978627.2,27.183163567446172,-138.0291959232882
30.785,-26.14333,1607.8,1629.2660622569406,978565.31,32.28827079304028,-144.9276481910457
30.79167,-26.96667,1339.0,1364.2697217506663,978721.17,46.9542794493027,-103.47110410759723
30.84167,-26.56612,1423.1,1446.6910504791608,978660.0,40.29258461704012,-117.4654953841245
30.84666,-26.93333,1321.3,1346.2396147251543,978739.96,62.614294241881,-85.70896440852684
30.85667,-27.0,1335.3,1360.466075961043,978726.97,49.1473704384407,-101.33633381146532
30.8625,-26.78333,1296.6,1320.8955293751117,978727.8,53.5525760644814,-88.0684258652756
30.86917,-26.67332,1046.7,1070.5548910656016,978753.1,9.59759533079341,-105.80387699491213
30.88333,-26.87167,1298.7,1323.254895709395,978726.07,46.12625285657123,-97.66890516020987
30.89166,-26.16,1685.5,1706.6620585405747,978559.32,48.98042546771467,-135.3938643187127
30.89917,-26.61528,1346.3,1369.779677603375,978684.1,37.11337252904195,-112.49014049223427
30.91917,-26.73639,1006.4,1030.255664865851,978776.9,16.391873150481842,-96.74139277297937
30.92084,-26.54694,1171.6,1194.6858441985046,978698.18,2.113895316841081,-125.31164836816737
30.92084,-26.83778,1239.9,1264.1761948932667,978751.0,55.29658128763549,-84.60734810103844
30.92833,-26.33501,1316.4,1338.4925017987566,978668.1,31.656074907048605,-109.38856179600694
30.93333,-26.4789,1364.0,1386.7737291779874,978667.4,35.50140621711034,-113.6492186447071
30.94,-26.18167,1600.2,1621.3329321878366,978576.71,38.50162194005679,-138.47033557205907
30.94556,-26.40388,1468.2,1490.5929830496805,978645.3,50.82870613865089,-113.4021949591916
30.95222,-26.85611,1275.3,1299.535707724225,978743.4,57.27149255562108,-86.25980131358244
30.95667,-26.85834,1267.7,1291.928922481933,978731.17,42.53249194833916,-99.33626288167048
30.96973,-26.83528,1310.9,1334.971128349112,978734.5,60.818774590152316,-84.05820038331811
30.97,-26.84167,1304.5,1328.6003028839464,978721.47,45.35857463814318,-100.22076181598342
30.97362,-26.285,1416.1,1437.7318899216548,978652.5,50.25827556999866,-99.06150210518723
30.98418,-26.89362,1091.8,1116.0928810084902,978790.5,45.0456184213981,-71.32638390302435
30.98444,-26.96918,1219.5,1244.1530506669465,978778.4,66.94508668396156,-70.00028930136429
30.98833,-26.765,957.4,981.0540802968558,978786.75,8.984617511392571,-97.40784796024745
30.98833,-26.21333,1432.5,1453.6584871041532,978624.0,31.804513712530024,-127.16565008497557
30.99083,-26.58556,1399.0,1421.855295611684,978674.5,45.7266838591313,-104.12566127729141
30.99139,-26.75917,982.7,1006.3124481779525,978795.1,25.551232211873867,-85.68696267401313
31.00694,-26.21584,1381.0,1402.1076805221214,978655.3,47.02216883271467,-106.4665402001005
31.01334,-26.48361,1286.2,1308.5768146982168,978693.7,37.338478046120144,-106.4459865583926
31.01389,-26.66806,1156.4,1179.4891524211089,978741.4,31.88781011616811,-92.0079287221244
31.03751,-26.76334,902.2,925.6225561269922,978818.6,23.85161094274372,-71.74724287872218
31.04279,-26.32611,1158.5,1180.0781108783247,978708.7,24.02238613879308,-98.0763905957906
31.05861,-26.38638,1071.1,1092.8999354534005,978741.6,25.696518079726957,-90.04132601619253
31.06889,-26.82167,1089.7,1113.289247389285,978792.0,50.91687904507853,-66.9619301097696
31.07083,-26.26582,1467.0,1488.1339845983905,978640.0,54.681058926275,-102.74331196765883
31.08028,-26.19028,1383.2,1403.895702285891,978659.5,53.602131281630136,-100.55048372759026
31.08333,-26.60194,893.4,915.87048835306,978793.1,7.03528862982057,-90.563283782004
31.08583,-26.12029,1339.9,1360.217981562304,978660.3,45.927922818344086,-97.93252151024683
31.09361,-26.50667,1296.0,1318.0777428784922,978713.4,58.30707754381001,-80.00993598901428
31.12611,-26.32861,1268.3,1289.504040001425,978689.0,37.902400479186326,-97.55096549940453
31.12639,-26.24194,1386.8,1407.5663871336062,978657.4,48.93782140838448,-93.81563001085459
31.12971,-26.7,866.2,888.8747127760956,978822.8,21.30730500072241,-74.5801213842225
31.13779,-26.14694,1531.6,1551.8406632360593,978615.2,58.037521763239056,-110.35825029559905
31.14778,-26.82472,1146.3,1169.5551434006677,978782.2,58.25452093419153,-70.48311131427067
31.15527,-26.64307,1209.7,1231.9905493647123,978742.8,51.29453444946557,-74.01319141361404
31.16028,-26.55611,754.1,776.0257764401603,978827.6,1.6947271111421287,-81.64416928057351
31.16222,-26.03667,664.8,684.3918346891846,978778.0,-38.93464181397576,-109.25356882525469
31.16583,-26.10306,1039.0,1058.900688666065,978704.7,-1.40476788172964,-112.44977394433316
31.18167,-26.54167,754.1,775.8697292474524,978827.3,2.389019565889612,-80.06612688635221
31.19444,-26.35361,1147.9,1168.8756904062616,978726.4,36.29183143109549,-91.52692409892902
31.20667,-26.21973,984.2,1004.4519004096677,978742.1,10.859302705037408,-92.00849483173381
31.23473,-26.71918,866.5,888.7241646278093,978822.3,19.37036717031151,-62.64695692187004
31.23862,-26.85834,943.0,965.9226841020165,978823.8,34.581025435589254,-67.47867129449074
31.25,-26.60249,728.8,750.4595509205652,978844.6,7.454558179248124,-73.20697157427182
31.26556,-26.35806,1012.2,1032.8065341953434,978758.1,25.690336479921825,-74.79183882428457
31.26639,-26.96529,828.4,851.716303733678,978865.5,33.247615224681795,-58.936522262943754
31.26862,-26.51167,680.3,701.5372591437637,978844.5,-1.1843861675588414,-76.72173952322002
31.27333,-26.28027,941.2,961.3882967820755,978760.8,11.936065237387083,-91.04422456655608
31.2886,-26.90195,518.8,541.6440621960295,978916.9,-6.418608216918074,-64.3301637016192
31.29916,-26.45917,678.2,699.0703132296369,978837.0,-5.661977306823246,-80.86781275326325
31.31139,-26.18777,839.1,858.6225158824465,978765.6,-8.351511008455418,-94.12762996552554
31.31917,-26.71249,382.5,404.23375985501923,978923.5,-28.45689695701003,-66.65288416946606
31.33389,-26.39027,980.8,1001.1858476838202,978776.1,31.619324692641385,-68.29642865562364
31.33472,-26.56389,478.8,499.91657731869736,978893.1,-18.57418469840195,-70.47460205662199
31.33945,-26.63583,448.4,469.7418832493918,978905.2,-20.98702739761211,-62.64366267497314
31.34306,-26.09694,506.3,525.2119276282939,978823.1,-47.253767821821384,-92.11640916940684
31.34639,-26.18668,1018.6,1037.9296565949342,978733.2,14.652812486281618,-97.98148038630782
31.35918,-26.69583,345.9,367.3568463243228,978929.1,-33.03083312371746,-69.11502072884338
31.36166,-26.94444,1008.6,1031.253070929145,978827.8,52.46534428047016,-51.573482698897806
31.37639,-26.51138,575.5,596.2033664155374,978876.2,-1.9693011455237865,-65.39328556860625
31.37917,-26.76279,393.5,415.1541832449766,978928.5,-23.735601784312166,-58.54476778298198
31.38333,-26.01778,957.4,975.7305944809315,978730.1,4.409863144857809,-95.10788873390737
31.38556,-26.24361,746.5,765.9152185893514,978806.3,-0.2543115046573803,-84.02772474898303
31.38861,-26.87056,744.0,766.1371759053503,978874.8,23.04488191206474,-61.41429703811623
31.39166,-26.2,875.4,894.5696152839089,978768.2,4.465985174640082,-90.76448251824485
31.40417,-26.44221,799.2,819.4719155728003,978823.0,18.71302586584352,-66.21870592703073
31.40556,-26.34583,731.8,751.622539119584,978826.8,8.50548367970623,-70.5299003359709
31.40862,-26.29723,593.1,612.6733304691427,978848.9,-8.78609240485821,-74.32193720400586
31.42667,-26.12334,450.8,469.43100565076253,978845.1,-44.352583022322506,-86.52928215452043
31.42751,-26.61,334.4,355.22471000461815,978929.6,-30.062372913351282,-68.47226760437393
31.43167,-26.8186,577.6,599.2943680033711,978901.4,1.938735194853507,-56.799165432471774
31.45416,-26.06667,474.9,493.13493004664184,978841.7,-36.3953776989365,-90.50021777576953
31.46167,-26.28583,570.6,589.9071384139232,978856.3,-7.594521235791035,-70.61067562925626
31.47444,-26.46333,544.1,564.1848225659264,978883.0,-1.5873689349973574,-60.37263124893425
31.47917,-26.54056,485.5,505.8930102978659,978900.2,-7.945407546358183,-57.68684222309958
31.48056,-26.76807,922.9,944.1639685695958,978821.1,31.729244805290364,-65.89758463310726
31.48418,-26.88139,493.2,515.0222018430313,978922.7,-7.33694661676418,-61.42381566581753
31.485,-26.67,295.4,316.232369228907,978943.5,-32.53877162421122,-62.30882758751153
31.48721,-26.16972,545.6,564.2429174369632,978842.8,-20.70415284333285,-80.04725546175752
31.52222,-26.40056,414.2,433.9003801499798,978904.5,-15.778424476156943,-63.3689753273879
31.53667,-26.32722,454.8,474.13149039110573,978892.2,-10.393532939022407,-62.70511860698648
31.53694,-26.09917,368.5,386.72547843281836,978874.6,-38.65368930262048,-80.25844415533274
31.54527,-26.5089,486.1,506.24524959520676,978901.5,-4.252624195767567,-59.43737822821355
31.56139,-26.67583,258.5,279.2387159955511,978949.3,-38.57901854044758,-65.67333429353069
31.58528,-26.26028,425.2,444.1806662508771,978890.3,-16.737451508408412,-62.29939326162965
31.58583,-26.16888,307.5,326.04587764101774,978898.4,-38.558799590799026,-73.35151961519912
31.58861,-26.41667,442.3,462.06380511835755,978905.6,-7.14507148321718,-58.279489418576276
31.59778,-26.73167,311.5,332.4498671400974,978942.3,-33.202968691359274,-66.93913660003608
31.59833,-26.81277,285.9,307.17775649669767,978964.0,-25.19181551632937,-57.18782527954082
31.61667,-26.02779,367.0,384.9921930443435,978877.6,-31.102389191277325,-73.30282597027863
31.61694,-26.88472,342.6,364.23189740612764,978959.8,-17.01725980709307,-56.191456566306755
31.61722,-26.5536,392.6,412.88953682021787,978922.8,-14.98993937659543,-58.542061548052104
31.63,-26.33972,403.6,423.05193348046674,978912.1,-7.155347738531418,-53.828207338668804
31.64194,-26.68529,205.1,225.92040771257163,978969.8,-35.22121658199467,-55.92516344099688
31.65167,-26.61749,360.0,380.5791698371101,978939.7,-12.678636524244212,-52.81250568789749
31.65334,-27.0,345.0,367.3066398518869,978965.8,-18.475671209744178,-57.983305145431146
31.65527,-26.21417,356.6,375.49799115017674,978907.2,-17.73415443394333,-59.180225946819334
31.65668,-26.45917,648.9,668.9416690548992,978782.0,-69.95947293192148,-131.41141709956256
31.67667,-26.95084,318.2,340.2796819332452,978976.9,-12.128940906724893,-47.801533946362035
31.67833,-26.40611,425.5,445.39260471588847,978917.1,-0.030700781848281622,-45.7122064697753
31.69749,-26.05139,329.2,347.594294113872,978905.1,-16.825493144453503,-55.043419186218536
31.69917,-26.53999,361.5,381.9472236330337,978943.1,-3.2573578357696533,-42.42749102410288
31.70168,-26.12694,271.0,289.7270519067539,978922.6,-22.573266796185635,-52.384952565905834
31.70805,-26.86917,210.0,231.7267094060587,978992.2,-24.382392125204206,-47.82817902377924
31.71028,-26.27417,351.1,370.4951523726219,978928.5,-2.274571352521889,-41.579616046625254
31.72305,-26.70583,181.3,202.4006187189749,978996.4,-17.369284828659147,-37.138374697928015
31.76472,-26.45139,295.6,315.99939783157447,978959.7,-0.6246414636261761,-34.829408773613075
31.76862,-26.92889,217.9,240.15576131307483,979012.4,-5.93122682988178,-30.566913359160463
31.77472,-26.56389,285.6,306.4566131327549,978979.9,8.517617477453314,-24.650956365851137
31.77556,-26.33057,306.6,326.56123325002454,978949.9,1.5206647207960486,-34.343179956330964
31.78111,-26.22028,254.2,273.7745992541028,978958.7,1.9320466773351654,-26.485117073146014
31.78612,-26.15417,262.7,282.0102499417251,978952.0,2.500561082852073,-27.794906937475734
31.79694,-26.6375,243.5,264.6664537998063,978999.2,9.598041432560422,-19.307680481573346
31.79944,-26.71832,227.7,249.14427252994227,979011.8,11.5530374761438,-11.680336971801978
31.80194,-26.05611,250.5,269.5010697757135,978950.4,4.034779782174155,-25.20109252218617
31.82056,-26.28583,298.7,318.7514762213833,978963.2,15.619349226355553,-19.246707964968195
31.83139,-26.53444,262.7,283.71757953663075,979004.0,27.725202717934735,-3.074927873229953
31.83278,-26.4314,304.2,324.84503805412754,978981.2,25.04448846366722,-9.906813944232233
31.83778,-26.93889,294.7,317.2511148571699,979050.4,55.13504960923456,20.38825321876712
31.84167,-26.52444,288.3,309.3276225289602,979003.1,35.45123398210853,3.549843147390593
31.85083,-26.75166,188.7,210.4858414028252,979043.6,29.002326233196072,6.3002131465385744
31.86417,-26.37193,313.6,334.1637754260045,978985.8,36.79703557770699,1.7842566217569242
31.87889,-26.685,245.1,266.76251842208376,979039.5,47.10593017889187,19.211081067279977
31.87944,-26.61333,288.9,310.355487020386,979028.5,54.74825736740604,22.134106686154126
31.88806,-26.05583,291.1,310.52916799825886,978990.8,57.11816802434623,25.09048401392728
31.90222,-26.87721,143.9,166.39123395041076,979110.3,72.96577816852368,57.413040279971156
31.91556,-26.21167,256.9,277.07551624554895,979024.2,69.06693991622888,38.647063304444046
31.92361,-26.56778,267.3,288.7567225410776,979066.6,89.47363094729371,60.43130060154283
31.92917,-26.81612,119.5,141.8131804303506,979119.1,78.62361449189484,65.01213990680623
31.93668,-26.12778,197.5,217.39575792354688,979043.9,76.3411606720183,53.4278674925877
31.94083,-26.71083,128.9,150.84968159912057,979104.2,74.15627742966171,59.47276280663204
31.94556,-26.41861,639.2,660.2596058696669,978958.1,106.38083210086916,36.54542964676381
31.95277,-26.93388,156.7,179.4620881923036,979130.8,93.37130005843937,74.61816890866314
31.95528,-26.63943,154.2,175.96083072890778,979097.7,80.57856177852955,61.61136020831756
31.96777,-26.49417,726.9,748.2415175392183,978956.4,126.38975704729091,57.350991006899335
31.96918,-26.85278,96.0,118.55949668487179,979135.9,85.57970382715575,74.2008136994178
31.97083,-26.34,653.2,674.0482463421368,978952.6,110.78543221496511,38.46148988162339
31.97694,-26.05194,310.9,330.6058395444242,979023.8,96.591913938988,63.461570349528614
31.98418,-26.78639,94.2,116.52152789764494,979131.6,85.47711308475118,73.78795678300014
31.98444,-26.2375,207.0,227.457125763727,979063.0,90.70327832410112,68.85003376307199
25.00806,-25.60361,1196.7,1222.8049137289697,978653.73,33.58049698872492,-101.90591774504688
25.015,-25.71861,1141.2,1167.573808993574,978676.65,31.356090105022304,-97.6554987496209
25.02167,-25.76334,1162.2,1188.6708014175722,978673.48,31.535790359135717,-100.60628933439818
25.07722,-25.57027,1193.2,1219.2244601621699,978667.53,48.62050188484136,-86.95959304564468
25.10834,-25.74055,1129.7,1156.1271759672015,978690.25,39.8753586175153,-85.09712880438363
25.11667,-25.77,1161.0,1187.4830599746815,978691.08,48.29861181706656,-83.92144056109186
25.14362,-25.65416,1165.8,1192.032114086614,978680.34,47.13725550007075,-83.44144135785854
25.17387,-25.41888,1208.9,1234.5542418680175,978639.88,36.31880682008341,-101.22436434586982
25.17471,-25.57166,1191.8,1217.8144832517653,978658.89,39.44778615492396,-95.49439092256685
25.21333,-25.78833,1178.0,1204.4595708555744,978671.08,32.24023322563153,-101.67205445009583
25.22638,-25.56776,1200.7,1226.6872564565863,978658.12,41.689354160800576,-94.68009017168663
25.26666,-25.47333,1230.2,1255.9354573076123,978632.76,31.98132950323634,-107.26727953848939
25.27722,-25.56915,1209.2,1235.161007318512,978637.25,23.335967937018722,-113.82122244813746
25.28166,-25.38777,1248.2,1273.7354494549872,978632.95,43.65332089853473,-96.91838570061705
25.35167,-25.79167,1214.0,1240.3655122440757,978640.69,12.691677022259682,-125.12941090674292
25.39055,-25.50722,1237.5,1263.1746218955136,978632.93,32.00790217705071,-107.70159995398174
25.40277,-25.56055,1256.1,1281.9092019823636,978632.3,33.4129222194897,-109.48363550752532
25.41833,-25.97,1231.7,1258.342746890714,978646.39,11.293454271391965,-127.68571311006238
25.44083,-25.29639,1249.3,1274.332915912541,978621.78,39.04938315437175,-103.20439759996151
25.48582,-25.61111,1288.5,1314.376187975725,978627.39,34.96372862311546,-111.13031712452343
25.50027,-25.14082,1190.7,1214.9691231436987,978625.1,34.88045467296615,-100.48419142790644
25.50833,-25.47694,1280.3,1305.786319109063,978622.27,36.61787260638084,-108.71115765652871
25.515,-25.90668,1281.7,1308.2192858745225,978645.59,30.37767531827558,-114.48313393045544
25.51666,-25.80833,1245.4,1271.7111173566054,978639.89,20.383606768911704,-118.16002669743162
25.52306,-25.31444,1283.8,1308.7506854752382,978613.81,40.43843984720297,-105.59164759649812
25.56833,-25.66667,1286.5,1312.5011786349005,978634.0,37.08224634011276,-107.85967648970842
25.56888,-25.56776,1321.6,1347.358832012206,978616.13,36.927874821354635,-113.34940699195306
25.57304,-25.20944,1229.7,1254.2483883131135,978619.3,36.429758981685154,-102.09142132467966
25.575,-25.63889,1268.5,1294.440969755989,978635.46,34.92780044360552,-107.65549292451948
25.57797,-25.64833,1268.0,1293.9615633812207,978634.84,33.49496302357875,-109.37029836922667
25.58667,-25.43668,1346.6,1371.9806514276513,978604.6,42.190009652869776,-108.61320890533125
25.605,-25.44527,1334.4,1359.8116192075613,978604.1,37.33425108983647,-114.194287790993
25.61111,-25.2711,1282.5,1307.3242359822252,978608.83,38.040837201755494,-107.29821552114723
25.62888,-25.34888,1322.6,1347.6954140144135,978603.8,40.038652770919725,-110.34431615216747
25.63055,-25.62315,1286.0,1311.9003646709543,978629.13,35.09247470286209,-110.03987262715498
25.645,-25.86166,1278.3,1304.7218335758487,978644.69,31.59114015265368,-113.10289439701205
25.64833,-25.86166,1277.4,1303.822786575851,978644.19,30.813777997274883,-113.67428406503507
25.65901,-25.57677,1329.0,1354.7820979253368,978609.42,31.87458918581251,-116.95215387459848
25.67242,-25.47845,1397.0,1422.495125653693,978592.65,42.89672712632455,-114.26481173346409
25.67612,-25.2086,1199.6,1224.1412217650634,978620.67,28.569529315340333,-105.12849163242032
25.68832,-25.08,1214.3,1238.243911526432,978622.7,43.88035819050856,-90.34151992868405
25.6931,-25.53166,1372.0,1397.6387714100129,978596.99,35.83528655744158,-118.74025512071324
25.69316,-25.6234,1320.0,1345.8843874485826,978613.26,29.689105728524737,-118.92642599865255
25.70534,-25.38113,1387.0,1412.1376501017037,978588.72,42.58525063586421,-114.98161391941193
25.70805,-25.10944,1123.8,1147.843919435032,978631.61,22.858147961786017,-104.20270579060698
25.71416,-25.27388,1226.2,1250.921911440999,978618.78,30.396170781808905,-108.57387840655139
25.71893,-25.27364,1234.0,1258.7083370959933,978617.75,31.785147548187524,-108.03931786056265
25.72313,-25.32935,1311.0,1335.9079645315378,978604.07,38.03598677588161,-108.64756940068384
25.73212,-25.49008,1417.0,1442.4569667325452,978587.42,43.00924071727786,-117.75299921778617
25.73833,-25.89667,1363.4,1389.9238941516007,978620.6,31.303728032158688,-123.46498283766098
25.7401,-25.42776,1402.0,1427.2340250034233,978590.72,45.97999552183319,-112.73520756345337
25.74554,-25.02306,1109.2,1132.6910929308563,978625.35,17.90740382298827,-104.73929113491853
25.7489,-25.62061,1347.0,1372.825720143062,978610.05,34.98691856325604,-117.26006223478237
25.7541,-25.56682,1411.0,1436.662898852049,978586.48,34.89388075773604,-125.2753974671707
25.77211,-25.36252,1280.0,1304.8817980555564,978614.18,36.25740875676274,-106.9821856895868
25.78513,-25.46887,1417.0,1442.2756808644763,978586.44,43.46041286410764,-117.36822322286187
25.78767,-25.27399,1189.0,1213.4604139496982,978630.93,30.980852429405786,-103.46082719136692
25.80167,-25.91667,1417.3,1443.8717218082863,978602.8,28.726974229328334,-131.85527264683608
25.8063,-25.40683,1326.0,1350.9435950989887,978605.32,38.509473723126575,-111.78896432151322
25.80927,-25.21997,1143.0,1167.1520354954757,978639.54,29.065732684684917,-100.50995322815041
25.8127,-25.57497,1433.0,1458.5779550861776,978580.42,35.021504354896024,-127.31790436666464
25.82422,-25.34872,1234.0,1258.6143395397382,978621.48,30.247421049978584,-109.46439127546631
25.82991,-25.52028,1433.0,1458.3459307114845,978581.18,39.55183111911174,-122.96343836618436
25.8394,-25.4706,1445.0,1470.1054814923964,978579.15,44.634286366868764,-118.9253579109108
25.85333,-25.79167,1406.6,1432.7461430558408,978609.9,41.25159665592946,-118.47922222969675
25.85512,-25.1768,1088.0,1111.787676023101,978646.77,22.21627687534783,-101.89813435147818
25.85797,-25.28752,1158.0,1182.2150205564647,978637.48,26.947616188554093,-100.99337589179181
25.87,-25.99834,1465.8,1492.511121736873,978596.3,31.42821603885386,-135.1391181351468
25.873,-25.56532,1428.0,1453.407897374645,978584.53,38.21494288148824,-123.43900372038493
25.87379,-25.43463,1250.0,1274.8154915657558,978616.72,24.477466595475562,-115.31417444179155
25.88255,-25.33792,1173.0,1197.3195438117527,978633.73,24.340956389554776,-108.58815623613148
25.88834,-25.86667,1429.5,1455.8206318916402,978601.1,34.25940974231344,-128.09158692538662
25.88834,-25.76666,1428.9,1454.8929321515882,978602.5,42.451965404325165,-119.95717726390828
25.89767,-25.38927,1204.0,1228.4620948950185,978626.11,22.740808763424866,-112.46056384981435
25.9006,-25.2477,1128.0,1151.8889230704065,978641.81,24.696040458977222,-103.36774802252702
25.90636,-25.0936,1097.0,1120.2660980260891,978636.84,20.67792859626934,-103.9469237227609
25.90732,-25.15553,1097.0,1120.513261596102,978646.93,26.546345899696462,-97.79619645553619
25.92447,-25.02402,1082.0,1104.9239441430748,978629.88,13.803736996254884,-109.44564604354473
25.93225,-25.54706,1417.0,1442.191645637974,978587.11,38.61791721219197,-121.51115154794536
25.93233,-25.49316,1298.0,1322.929865327459,978603.56,22.059386545908637,-122.9882520485128
25.93468,-25.34818,1189.0,1213.1468871309607,978628.0,22.77752944326494,-111.60245956986353
25.94333,-25.73833,1429.5,1455.2364590587663,978598.1,40.15956889919471,-121.79564086565011
25.94821,-25.20912,1158.0,1181.600904904706,978635.03,29.768583239987493,-101.80222491150292
25.97166,-25.74834,1429.8,1455.5091611937748,978600.2,41.636626737657934,-120.75246900174491
25.97305,-25.09612,1131.0,1154.1078552554711,978632.22,26.324584407149814,-102.21319080765471
25.98836,-25.13942,1173.0,1196.2608381161938,978624.95,29.055675109964795,-102.08449003922556
25.99268,-25.04031,1113.0,1135.854413788118,978627.21,19.549527295515873,-106.54480233573426
25.99597,-25.55179,1295.0,1320.0468655137054,978606.76,20.254259667592123,-124.52449346440696
25.99673,-25.36491,1183.0,1207.0104537786522,978624.64,16.355437717866153,-117.00072840230084
25.99773,-25.4538,1250.0,1274.4596667599048,978611.66,17.96499085461255,-123.59280177857167
25.99831,-25.28413,1128.0,1151.7579454643937,978637.14,17.447052570991218,-110.52456717909992
26.00333,-25.77667,1444.7,1470.468087426787,978598.1,42.14903194701765,-121.61716057605545
26.01167,-25.87334,1467.3,1493.455878766807,978594.31,38.60640481580049,-126.97210504304914
26.01833,-25.60333,1339.9,1365.098085756487,978600.6,24.36904717795551,-126.92549380428886
26.02499,-25.53333,1267.0,1291.896317231179,978613.2,19.30616532289423,-124.56675047901433
26.02499,-25.72333,1422.2,1447.7534411848633,978598.91,39.720331261632964,-121.37867265872507
26.02667,-25.79668,1448.7,1474.5352276203173,978595.61,39.4985382494051,-124.27912229692706
26.03156,-25.58109,1280.0,1305.0770208542117,978608.17,14.986594084417447,-130.26534746313106
26.03667,-25.61667,1306.4,1331.5869150129556,978607.4,19.892024726374075,-128.59814944123318
26.03841,-25.97424,1497.1,1523.5739255096312,978587.13,33.554176183533855,-136.0674906212136
26.0414,-25.63544,1295.0,1320.2282370069042,978611.53,19.196339733083732,-124.62148170106161
26.045,-25.67332,1311.5,1336.8277079577852,978612.4,22.518341111717746,-124.22621190826754
26.04668,-25.815,1474.9,1500.811717979778,978590.61,41.3080152424518,-125.55565897712279
26.04832,-25.84332,1501.7,1527.7288869326314,978585.31,42.30612714251038,-127.66335196173534
26.04832,-25.86166,1510.0,1536.103817095332,978583.51,41.79016479710117,-128.97805628166128
26.0538,-25.05238,1128.0,1150.8825163480183,978625.48,21.620496224961244,-106.12576437081017
26.05499,-25.57167,1253.9,1278.8674094926416,978613.2,12.592929976643063,-128.65754601389776
26.05667,-25.90833,1493.8,1520.0763275235477,978586.51,36.53650406328961,-132.6125152829028
26.05667,-25.80167,1479.2,1505.0581817571165,978589.61,42.561244740965776,-124.28976624179157
26.05968,-25.37971,1219.0,1243.0537606605612,978614.29,16.09107917989604,-122.2179465254938
26.0598,-25.09509,1111.0,1134.070721060582,978634.58,22.57385449623689,-103.82115125700977
26.06093,-25.53929,1219.0,1243.8244339144646,978616.24,7.096771320793778,-130.32554333955545
26.06416,-25.1452,1119.0,1142.2908083903533,978637.38,24.432931595831178,-101.76193936341656
26.06442,-25.20146,1067.0,1090.4972163347784,978649.71,16.87273320357781,-104.63670210062048
26.065,-25.78667,1484.4,1510.1959937999827,978586.61,42.207191830850206,-126.04445931108415
26.06572,-25.26234,1113.0,1136.7049913571666,978637.38,14.561438425211236,-112.21072018192172
26.06667,-25.82668,1468.2,1494.1660322633275,978590.01,37.83114745479543,-127.59142387856048
26.06761,-25.32382,1204.0,1227.9082412860516,978615.25,16.282667197519913,-117.99234944913212
26.075,-25.76833,1501.1,1526.8429743696026,978583.31,45.33909601974301,-123.8579091972141
26.075,-25.93333,1491.4,1517.763773416359,978586.71,34.248516266816296,-134.70071318063867
26.07863,-25.47807,1231.0,1255.5567692515779,978615.49,14.262203394901007,-124.43353811608586
26.08479,-25.43185,1231.0,1255.3025430351263,978616.16,18.092082329909317,-118.81913045936832
26.09,-25.965,1501.4,1527.8627381268248,978583.81,32.213944893097505,-138.27889256982272
26.09167,-25.54167,1199.7,1224.4375340412407,978627.1,11.808390517835505,-116.1226839162495
26.09332,-25.54668,1203.3,1228.0495719305218,978620.5,5.970871750148945,-129.02196635540045
26.09474,-25.58319,1021.0,1045.8858448009858,978658.39,-14.908596865832806,-108.8385879973871
26.09976,-25.65799,1292.0,1317.1827518598304,978617.19,22.328267599456012,-123.62677352727178
26.11166,-25.01753,1073.0,1095.746336360505,978632.91,14.451093956595287,-107.5837576052166
26.11501,-25.60667,1264.9,1289.8095353530732,978616.1,16.40714347490575,-126.78361393115134
26.1232,-25.14999,1082.0,1105.3340432279763,978653.19,28.507750367745757,-94.82553733543402
26.1284,-25.95586,1501.7,1528.1394312069494,978581.77,30.908806924475357,-139.53343452580734
26.14043,-25.07153,1072.0,1094.9922170019615,978650.33,27.899669191450812,-93.8602569305636
26.14226,-25.47041,1180.0,1204.3882286332068,978620.09,3.612664485699497,-122.53123200708579
26.14339,-25.69655,1341.0,1366.4208530410747,978608.07,25.6796727970941,-124.86019737367653
26.1469,-25.52856,1167.0,1191.5256125320336,978623.42,-1.1050711536081508,-127.9639441165017
26.15044,-25.32214,1155.0,1178.9197261815007,978622.37,8.405762487091124,-122.457202032731
26.15073,-25.20451,1036.0,1059.5308432257596,978661.63,19.02609618601855,-99.15557857570771
26.16333,-25.52167,1161.3,1185.7572285872861,978625.3,-0.5210711010731757,-131.18574682860805
26.17227,-25.26511,1097.0,1120.6970054859567,978636.82,8.86938909383025,-116.03069071655653
26.1732,-25.64615,1387.0,1412.0454636696863,978595.37,30.60754207277205,-125.13576542461118
26.17542,-25.39034,1201.0,1225.1101220873643,978618.67,14.191827152622864,-115.3730551584992
26.18562,-25.1377,1039.0,1062.2271077702444,978670.9,33.7707852544263,-83.40785259675614
26.19333,-25.69833,1380.1,1405.4397571964432,978596.3,25.821277381153777,-129.05452230009536
26.20403,-25.33643,1158.0,1181.8562462303164,978623.08,9.024159825756215,-120.73652468245106
26.20865,-25.0434,1067.0,1089.7400215817006,978641.67,19.567492781672627,-101.01688569839664
26.20905,-25.55067,1195.0,1219.4255370304325,978618.86,1.3898858587490395,-132.40178291725678
26.21906,-25.6033,1311.0,1335.6403221204844,978602.52,17.203387872781605,-130.800364985944
26.22153,-25.18912,1042.0,1065.3048570325182,978662.68,22.92792660871055,-95.26941347372498
26.22578,-25.70857,1417.0,1442.3010780927004,978584.25,24.420136621920392,-135.3914542298288
26.23,-25.56332,1185.4,1209.819994952943,978623.7,2.377504280535504,-130.40710297981053
26.24419,-25.49361,1100.0,1124.137661834333,978628.86,-14.003697415580973,-136.81288155070354
26.24623,-25.27563,1076.0,1099.4968623233121,978638.19,2.965163624030538,-118.57839178241349
26.24738,-25.07541,1052.0,1074.7836783840105,978664.24,35.30559522297699,-84.36954671983226
26.24744,-25.01115,1049.0,1071.3871332591393,978660.49,34.956544863875024,-84.51273528690001
26.24805,-25.42892,1119.0,1142.9890015581323,978624.4,-8.11427626432851,-130.84587894312517
26.25848,-25.13097,1003.0,1025.9573701340119,978677.72,29.866977831698023,-83.80752704754111
26.27257,-25.35533,1113.0,1136.6649331451104,978627.75,-1.5688166205072775,-127.63782955679268
26.28961,-25.19019,1052.0,1075.028487769194,978651.58,14.75370578514412,-104.36299498926846
26.29333,-25.755,1492.9,1518.2266213322312,978562.51,22.823225091095082,-141.22376103833952
26.2989,-25.30821,1068.0,1091.399853375943,978635.83,-4.165078875026666,-125.29712682812973
26.30128,-25.59177,1180.0,1204.3827226410745,978622.49,-2.5102418801980093,-136.07992203600668
26.31,-25.58833,1195.1,1219.4486284565955,978620.8,0.6898598636034876,-133.9680847178166
26.31038,-25.47221,1106.0,1129.8970638639776,978626.69,-12.89619664743077,-136.34404387980527
26.31236,-25.53426,1106.0,1130.1086544415757,978630.63,-13.244246569112875,-137.18686757656036
26.31277,-25.07867,1015.0,1037.5349039199436,978665.34,24.686654702294618,-90.41197528836067
26.31721,-25.26994,1049.0,1072.1858528016023,978640.81,-2.444854588364251,-121.45340734445676
26.33054,-25.12759,983.0,1005.6653434913832,978664.23,10.350407649297267,-100.58934973205412
26.3479,-25.37791,1049.0,1072.48906753215,978634.92,-15.777574643841945,-134.75845695832714
26.34792,-25.19774,1021.0,1043.8426100410813,978650.41,3.4364034343743697,-111.65297405007207
26.35287,-25.48254,1076.0,1099.8363303893818,978635.32,-14.265237808926031,-134.80251646369354
26.35667,-25.77333,1546.8,1572.1138101802771,978554.32,29.960418626782484,-140.72676816729043
26.37575,-25.28667,1024.0,1047.091271522635,978642.69,-9.473898670286871,-126.14889392068324
26.37833,-25.78168,1499.6,1524.9423403483572,978567.21,27.708968054270372,-142.31747302814463
26.3819,-25.07001,981.0,1003.2545612607537,978657.94,7.3094659766647965,-104.52010107788594
26.39,-25.515,1084.8,1108.713207638443,978641.39,-7.733434159425087,-123.08299951874554
26.40106,-25.42825,1045.0,1068.5394092724987,978639.63,-15.807915615965612,-134.58242704648382
26.40382,-25.18967,997.0,1019.6937187521027,978653.67,-0.19357776828110218,-113.00784119102106
26.40924,-25.33792,1024.0,1047.2195189268812,978641.26,-14.440361467306502,-129.87867456948624
26.41008,-25.52846,1076.0,1099.9537035241453,978642.33,-10.440899590146728,-127.57562909664537
26.41084,-25.00575,969.0,990.8529316396191,978647.67,-2.338930863654241,-112.17494244748107
26.41325,-25.1384,997.0,1019.4856170700515,978660.62,10.254327403730713,-102.50142239203534
26.4147,-25.58946,1090.0,1114.24348717397,978640.65,-11.998387216357514,-126.19626994613917
26.41667,-25.59666,1106.4,1130.6802450287275,978638.69,-9.393500909092836,-134.22776027704464
26.43333,-25.80833,1426.5,1451.9871209491648,978587.11,23.218538107001223,-134.6846109926314
26.43808,-25.06824,978.0,1000.0743524212493,978653.91,2.4208303374471143,-109.03407108121303
26.44507,-25.45927,1082.0,1105.6061007494798,978637.61,-8.563956897822209,-131.63369249060622
26.44675,-25.37213,1058.0,1081.2537847086237,978638.95,-8.639250149135478,-129.02640598113777
26.45589,-25.27438,1018.0,1040.9266865827117,978644.82,-8.38920363818761,-124.35198962994512
26.46687,-25.21686,998.0,1020.6886531048641,978651.86,-3.5878370134159923,-117.33856501231078
26.47166,-25.815,1507.8,1533.3549040823991,978574.41,35.146814903011546,-134.26429955387863
26.47833,-25.62334,1183.8,1208.2238841803653,978616.0,-10.036617243662477,-142.83359949478893
26.48573,-25.02078,991.0,1012.7144438254519,978638.77,-5.533090408309363,-118.21473990780206
26.49448,-25.11467,1000.0,1022.157614867012,978649.39,1.4956832010066137,-111.94703060019104
26.50162,-25.42709,1088.0,1111.4185471558355,978635.98,-6.146754935267381,-129.65444768997156
26.51143,-25.36723,1058.0,1081.1672342921913,978640.81,-6.463486207649112,-127.06670071982185
26.51624,-25.0679,1009.0,1030.8715805103645,978639.58,-2.3830217311624438,-117.20598323014174
26.51804,-25.48053,1149.0,1172.6610378642051,978625.8,-1.1754445688566193,-131.4054074207918
26.52299,-25.29712,1024.0,1046.9030058164171,978644.92,-8.030721489223652,-124.91902014215316
26.52499,-25.84332,1544.7,1570.438733713563,978575.41,45.5808945025783,-129.2640890105424
26.53464,-25.17191,1024.0,1046.3676043114867,978644.23,-0.16881936928257346,-115.98775499322157
26.54066,-25.00459,1021.0,1042.5116276674464,978626.95,-7.039230345515534,-123.11607635195375
26.54333,-25.65334,1248.1,1272.7272084280723,978616.5,8.25096169556491,-133.29936261684335
26.57881,-25.09102,1024.0,1045.8643422532539,978636.53,-2.4093720256350935,-118.01765332973191
26.58333,-25.34309,1065.0,1088.0408968881613,978637.75,-5.716194831416942,-126.65261005695315
26.58377,-25.14629,1036.0,1058.1507624642677,978642.29,3.306611007777974,-113.76201505290574
26.59666,-25.92168,1544.4,1570.5987236930207,978586.71,51.37372717901599,-123.18365909589735
26.59755,-25.44348,1094.0,1117.4855159154765,978633.84,-7.562546275090426,-131.59485486988618
26.60059,-25.39253,1088.0,1111.2641194565122,978634.87,-4.8861701196292415,-127.29731355933255
26.60262,-25.49702,1195.0,1218.735782910235,978616.0,2.083313186070882,-132.29356255253134
26.60287,-25.20958,1052.0,1074.4396072146758,978640.43,2.073430555057712,-117.70330731499519
26.605,-25.77499,1467.0,1492.374664452823,978584.11,35.03558527131099,-130.65935245480966
26.60667,-25.99333,1516.4,1542.92292854939,978599.21,50.24536894063931,-120.83509091273191
26.61333,-25.66167,1271.6,1296.277860693661,978612.5,10.929617203655653,-131.90348153579018
26.61333,-25.84,1513.9,1539.6624723832156,978585.91,46.82247920380905,-121.67139360317739
26.62206,-25.29869,1070.0,1092.833596384405,978634.97,-3.918606885825284,-125.90442878861752
26.62833,-25.68167,1309.1,1333.9004318954228,978605.3,13.926546397269703,-134.3801613311385
26.63942,-25.06181,1055.0,1076.614636424663,978624.81,-2.617198980296962,-121.78598395402372
26.64386,-25.34543,1082.0,1105.0530395359942,978634.86,-3.520694295759313,-126.77152124844456
26.64494,-25.10564,1065.0,1086.8365580186926,978629.97,2.6586139338323846,-118.53019655318356
26.67622,-25.24684,1111.0,1133.5703785243177,978631.6,8.894043336855248,-117.52530581002381
26.68228,-25.48404,1161.0,1184.6915731463391,978624.99,1.4801935757277533,-130.14961496970878
26.68573,-25.19154,1091.0,1113.2760266413043,978633.7,8.580783747020178,-115.20831771540514
26.68668,-25.64667,1249.4,1273.9755505950943,978609.8,2.4059968687361106,-137.9221302060344
26.70055,-25.02113,1041.0,1062.3423178679652,978614.66,-14.354598500300199,-132.68229435946358
26.7112,-25.43294,1164.0,1187.456611703693,978623.33,4.253839006414637,-127.65805953824298
26.71667,-25.96167,1594.4,1620.800184226843,978583.81,61.11874115804676,-119.63376714187228
26.71669,-25.0946,1091.0,1112.7179410838944,978618.89,0.3296937053091824,-123.06250376935894
26.71944,-25.37759,1140.0,1163.1936661555994,978627.39,4.700500940787606,-122.7718358932129
26.73466,-25.32137,1152.0,1174.9286235565555,978625.01,9.868136355653405,-118.65359980935673
26.73488,-25.15154,1167.0,1189.0474807632543,978612.77,13.80853108735755,-117.96542616060083
26.74001,-25.60001,1252.7,1276.9963498813245,978606.1,2.922715726075694,-138.8784515412382
26.74429,-25.23509,1155.0,1177.5323584090593,978624.32,15.99592005892191,-115.04022512531407
26.75629,-25.46964,1128.0,1151.6297827247886,978629.98,-2.7207957977661863,-130.4960418327492
26.7823,-25.41209,1119.0,1142.3438925279772,978633.03,1.4946776716969907,-125.49611213734208
26.78333,-25.645,1353.6,1378.139880972037,978587.91,12.768849852262065,-135.5919181746056
26.78505,-25.03294,1097.0,1118.3848949819026,978604.95,-7.590320578427054,-131.53388405787763
26.78999,-25.79832,1562.4,1587.84550706056,978573.01,51.73582844808698,-123.71249187364475
26.79832,-25.5,1132.6,1156.3728676384696,978627.8,-5.566309627378359,-131.02653772020625
26.80493,-25.17828,1158.0,1180.2625770924255,978616.29,12.760235367459245,-118.48806727650333
26.80695,-25.27303,1204.0,1226.7677132633723,978613.82,18.043365864665247,-114.37242343902435
26.80956,-25.22951,1158.0,1180.5602025575397,978620.54,13.538555516744964,-117.66904018365943
26.81621,-25.12419,1128.0,1149.9376804409972,978618.55,9.420746495830826,-119.03181472554888
26.82167,-25.94167,1543.5,1569.7392678542355,978586.51,49.48919500934426,-125.29739753441538
26.82217,-25.31319,1173.0,1195.9521433797875,978623.31,15.225325236096978,-116.85544927225743
26.82452,-25.37294,1109.0,1132.1890281219705,978635.97,4.039612876717001,-121.31337621437605
26.83186,-25.47649,1100.0,1123.650906765145,978635.27,-6.543386065517552,-131.50962649446126
26.85287,-25.07967,1097.0,1118.7028115882772,978613.78,-1.8987552151083946,-126.31052072429893
26.8624,-25.42999,1097.0,1120.451764427466,978640.41,0.8672972558997571,-124.22066983251247
26.89618,-25.38133,1097.0,1120.2839320122766,978644.92,8.729950004606508,-116.13180956530427
26.89999,-25.87,1588.6,1614.4163001314232,978572.31,54.15590151248034,-123.81373179862646
26.9016,-25.47218,1094.0,1117.6768135995314,978640.55,-2.8044730371329933,-127.31131522906453
26.92,-25.63333,1270.7,1295.1422569720646,978609.4,9.475707696168683,-134.7880174774216
26.94135,-25.36005,1158.0,1181.2587399528752,978636.32,20.429975502192974,-108.87380143702927
26.9418,-25.10703,1052.0,1074.016708959082,978635.02,3.656716590281576,-115.09624101144247
26.9496,-25.15897,1067.0,1089.3217534214884,978637.56,7.3135616183280945,-111.48416792945052
26.97192,-25.05247,1042.0,1063.7631248441767,978626.92,-3.8255737292347476,-122.6244282198168
26.97667,-25.815,1436.8,1462.2857057482654,978603.1,41.913457241957076,-121.13084460399023
26.98547,-25.46262,1061.0,1084.7069123871418,978649.67,-3.1869315794901922,-123.77797339920676
26.99461,-25.3987,1128.0,1151.4901369701124,978638.22,10.443399879615754,-114.6819925327802
26.99623,-25.33276,1097.0,1120.237069726002,978634.24,1.4289038494462147,-119.62848465603751
26.99922,-25.10568,1082.0,1104.1264529770249,978637.82,15.840492016053759,-104.53395793708711
27.01167,-25.28667,1163.7,1186.7694934820909,978616.4,7.332064495887607,-116.92622194279126
27.02667,-25.78833,1402.1,1427.4290272058017,978608.3,38.247555576846935,-116.35234679824839
27.02834,-25.63834,1110.7,1135.1801458692933,978647.69,-1.938797886366956,-126.88516447031945
27.04167,-25.26334,1186.0,1209.0195011242388,978613.7,13.122918827808462,-116.87864855995986
27.04167,-25.07167,1045.2,1067.21625607432,978641.39,10.379864478716627,-108.18988932026294
27.04668,-25.95332,1543.2,1569.2904796680255,978577.41,39.42317379487213,-133.23244927675998
27.06168,-25.32167,1153.3,1176.6118539135666,978623.4,8.756522577023134,-112.25249151591723
27.06332,-25.355,1077.5,1100.946178541411,978650.89,10.573688636533916,-102.51073369658477
27.07001,-25.88834,1540.8,1566.6053924667513,978578.51,44.30752527376171,-128.4990119416437
27.07333,-25.75,1228.6,1253.7218583869947,978640.09,19.157927995431237,-118.53355154821861
27.07832,-25.42168,1064.7,1088.4177133254805,978659.49,10.64529396162834,-110.74319040143077
27.095,-25.28999,1226.8,1250.0386085834684,978608.6,18.820523169706576,-119.01198154587715
27.10001,-25.13333,1106.4,1128.8664906990534,978636.39,20.12516435002908,-104.93317941994754
27.10001,-25.685,1175.3,1200.0950426021411,978645.39,12.500982045428827,-120.40090707742641
27.105,-25.49333,1145.4,1169.4107766731925,978645.89,17.01414152130019,-112.34162317362046
27.10667,-25.27333,1157.0,1180.1875571880319,978619.9,9.73131477239076,-116.32821864560832
27.10834,-25.245,1140.9,1163.958683935776,978619.9,6.697984643280506,-118.43238115654492
27.11166,-25.24834,1133.5,1156.5808640035589,978623.8,8.089081129874103,-116.06970136166456
27.11833,-25.22,1177.1,1200.053281035661,978613.3,12.974606156814843,-117.87257312420334
27.13,-25.64,1269.2,1293.8375620442857,978622.6,21.803466155659407,-116.55125770672893
27.14333,-25.18668,1128.0,1150.8240401418616,978629.0,15.803601858671755,-103.59591021457709
27.14667,-25.57832,1177.7,1202.1139309623989,978638.19,13.435607871273533,-117.1789157938255
27.15334,-25.24834,1134.2,1157.3560797841963,978635.49,20.018259880598634,-104.87981658778642
27.16333,-25.855,1317.3,1342.928030223887,978618.5,17.659841744345613,-126.14762370163646
27.175,-25.15668,1081.7,1104.4143057423248,978652.99,27.559310750453733,-94.53217921149519
27.18167,-25.63,1243.6,1268.282469792044,978631.89,23.913634709082544,-113.66184269972737
27.18668,-25.25,1140.5,1163.720119967434,978641.09,27.466146697755903,-96.99662762196553
27.19833,-25.63667,1219.2,1243.9360700275079,978637.89,21.93271533411462,-115.476762242321
27.21167,-25.25833,1088.4,1111.6998059541913,978667.89,37.63581062143203,-84.13518890899739
27.235,-25.27499,1074.4,1097.8060918424403,978673.78,38.07810245919973,-84.42776306491612
27.23833,-25.795,1214.0,1239.4662162362665,978645.69,17.178687784355134,-120.67216345032503
27.24167,-25.13667,1128.4,1151.067583541248,978661.19,51.543117197579704,-76.69499434501907
27.245,-25.09167,1090.0,1112.421728987097,978674.28,55.831451390404254,-67.86294607015967
27.245,-25.05,1061.6,1083.7924276418503,978676.18,51.78541603125632,-68.78454733439695
27.24667,-25.78667,1229.9,1255.3421778705515,978642.49,19.465835097362287,-119.41369982824537
27.24834,-25.67667,1174.1,1199.0765776491994,978657.79,25.174120181123726,-106.64423231350654
27.25,-25.00833,1037.5,1059.4596578993285,978673.78,44.761409263825044,-72.96931977267133
27.25,-25.21667,1131.1,1154.2310705743475,978662.69,48.458848063251935,-78.82649643181986
27.25999,-25.17332,1161.0,1183.8865019982513,978657.39,55.32305147359148,-75.67446635268993
27.26666,-25.63333,1113.4,1138.2152406063994,978684.38,36.040440705488436,-90.64020990348256
27.26666,-25.26833,1099.1,1122.4978669126106,978670.38,42.76063514163252,-81.24131268509005
27.27167,-25.73334,1192.7,1217.9648578724868,978656.09,25.302987946895882,-110.0565982554032
27.27333,-25.77,1193.6,1219.011200148649,978651.19,18.135738154524006,-111.80700761197807
27.27667,-25.37334,1058.0,1081.8100979206458,978681.78,34.2778197361622,-84.94286433576421
27.27834,-25.30833,1046.7,1070.2588309642622,978682.38,35.853643596870825,-82.60410526315133
27.27834,-25.33333,1002.5,1026.1548656933994,978692.88,31.000652465387248,-82.99046189517308
27.28168,-25.70168,1149.4,1174.5438323430249,978679.48,37.5312622677302,-93.3248959397337
27.285,-25.60333,1104.0,1128.7153703640497,978686.28,37.12102949654218,-88.73589218008452
27.28999,-25.40833,1110.7,1134.65793600167,978680.38,46.736400157329626,-76.77783050145302
27.3,-25.86166,1254.2,1279.9744763408191,978636.39,15.656368445255794,-123.56332356894885
27.30333,-25.27333,1045.5,1068.9082007191876,978683.98,39.47757952439133,-76.82709440769608
27.30667,-25.45168,1106.4,1130.5374833329215,978687.58,49.63005915237591,-75.0229864496637
27.30833,-25.56,1091.5,1116.0625063644252,978690.28,40.263899189187214,-81.25899648686689
27.31,-25.52667,1097.3,1121.7319175227965,978685.08,39.15415335842408,-84.41343827725616
27.315,-25.22833,1100.0,1123.202262921932,978670.28,45.663893022341654,-78.06052682160258
27.31667,-25.73833,1152.7,1178.0236246008947,978677.08,33.61780586245004,-96.23748106113149
27.31667,-25.86166,1304.2,1329.9802122207632,978628.6,23.29347471112851,-121.05804896287438
27.32167,-25.49001,1074.4,1098.6932211149206,978690.88,40.41823847393971,-79.63495941885584
27.35167,-25.44833,1139.3,1163.4095274212018,978680.08,52.506816574023105,-76.09458597777717
27.35667,-25.19167,1142.4,1165.352596202592,978651.09,42.029176685842685,-86.06536197199236
27.36166,-25.53999,1059.5,1084.0043128688258,978700.38,41.87844605441205,-78.15905706848993
27.37,-25.05,1107.6,1129.8107316740677,978643.29,33.09391836740542,-92.81084854113477
27.37666,-25.42833,1110.4,1134.3991433361114,978675.68,40.556770863593556,-85.02871894848332
27.38499,-25.51833,1050.6,1075.0100720288822,978703.18,43.424093596986495,-75.61915858997983
27.38667,-25.395,1083.9,1107.725010338481,978677.28,36.259129044250585,-87.16799524461149
27.38834,-25.13834,1075.3,1097.8640422585695,978661.59,35.41190416365862,-84.36179426870571
27.39333,-25.36667,1053.4,1077.0542283970615,978684.58,36.0766130174743,-82.93104413039885
27.395,-25.92833,1485.9,1511.825606360363,978594.71,40.77175698871724,-125.81183492270588
27.39999,-25.96001,1545.0,1570.9831872103982,978579.21,41.26996001100633,-131.8383953945734
27.39999,-25.33,983.6,1007.0272550985875,978704.18,36.63127848692238,-74.56146880216517
27.40334,-25.755,1239.0,1264.3536203477984,978651.29,33.28471135615837,-107.32497993102908
27.40334,-25.27167,1049.4,1072.5594520545174,978682.88,39.619848245056346,-77.23066865727239
27.40334,-25.895,1464.9,1490.722231693804,978602.5,44.41715601377655,-120.30555411483928
27.405,-25.22,1084.2,1107.1335661351584,978667.98,38.9858515181113,-82.57687406106503
27.405,-25.11333,1060.1,1082.5386316383865,978660.59,31.41908065113239,-87.67724193779878
27.40833,-25.16333,1110.1,1132.7248830186497,978652.29,35.13222298666369,-89.67383893824322
27.40833,-25.175,1098.5,1121.1851841074722,978655.49,33.960870657116175,-89.75444244187561
27.41,-25.14,1053.7,1076.2197428082698,978665.89,32.91846428788267,-86.72320589059217
27.41499,-25.81667,1320.4,1345.938198675209,978630.9,33.7029093663441,-105.13463998160324
27.41499,-25.10167,1080.5,1102.8960221289515,978653.79,31.708971922053024,-84.8575727229065
27.41667,-25.47501,1042.1,1066.2944097611105,978700.88,41.473621117998846,-77.16619976986765
27.41833,-25.98334,1595.3,1621.3140815430345,978565.91,41.83681506244466,-138.5756965409734
27.42,-25.505,1049.4,1073.7440894417782,978708.07,48.858916234690696,-69.57830831577675
27.425,-25.42667,1107.0,1130.9446685456048,978686.28,50.20715916657355,-71.45760944230139
27.42667,-25.075,1084.8,1107.100077735963,978640.09,21.15498934383504,-102.12889645929063
27.43167,-25.83667,1336.2,1361.7817923351245,978628.6,34.87466829782352,-107.30065187234797
27.43167,-25.57167,1097.9,1122.559924232593,978694.78,45.94838156749029,-78.21087839386661
27.43333,-25.99001,1588.0,1614.018981174871,978567.41,40.61223323154263,-138.94058607605928
27.44167,-25.80667,1336.8,1362.2850278205956,978627.1,35.653603715705685,-110.4015997938532
27.44167,-25.04668,1052.2,1074.3751758060198,978638.49,11.419665258610621,-104.62015778870905
27.44667,-25.86667,1710.2,1735.8593158674603,978555.42,74.96140323730651,-110.31704596463308
27.45,-25.91333,1437.4,1463.197280685862,978607.7,39.82566660642624,-120.9556491759044
27.45168,-25.00833,1022.6,1044.5965390057936,978639.49,5.885415980708785,-103.60032707982843
27.45332,-25.61833,1118.0,1142.8403395896426,978687.58,41.72346185531933,-84.91983720131412
27.46667,-25.65334,1129.9,1154.8585160440784,978684.28,39.66596937237773,-88.6531900997324
27.47166,-25.03999,1015.0,1037.1303697330845,978645.79,7.691034945775755,-107.34728263014323
27.48,-25.48666,1025.0,1049.2213452222077,978713.67,48.178992867819034,-61.40933245462456
27.48167,-25.27081,1017.1,1040.0224897907087,978679.5,26.260624088696204,-88.65774824727161
27.485,-25.45168,1036.9,1060.9249015796308,978688.18,28.751824338338338,-88.07703133760599
27.48517,-25.284,988.0,1010.9929735584982,978691.0,27.884121392387897,-84.16949744029834
27.48666,-25.78667,1268.0,1293.3803643232804,978640.09,28.801057924865745,-110.83129726318882
27.48833,-25.75667,1219.2,1244.48568788101,978658.19,33.937160705565475,-104.37149452588355
27.48833,-25.72166,1189.9,1215.0725119613187,978669.78,38.925287978257984,-95.71626342484547
27.49001,-25.29333,977.5,1000.5413984976034,978698.68,31.688683007727377,-78.07781625840944
27.49333,-25.68668,1164.3,1189.3615197601748,978675.48,39.160959575441666,-91.96492090270618
27.50166,-25.30499,990.3,1013.3960127487575,978700.38,36.54173616704065,-75.67433655503116
27.50333,-25.05499,966.2,988.3584267791028,978663.99,9.803633584990166,-99.64433961306031
27.50471,-25.2513,1009.9,1032.6822184688588,978669.81,15.665113437571563,-98.29031875293619
27.50685,-25.04437,947.8,969.9156000369982,978667.08,7.93832695344463,-97.46043351266843
27.50833,-25.02667,962.2,984.2452848512421,978656.89,3.395025874255225,-104.38498340166198
27.515,-25.31,1004.9,1028.0071695205081,978698.18,38.50049750576727,-74.41413847713207
27.51833,-25.94833,1339.6,1365.4448177660665,978617.0,16.484832338639535,-130.92310185334998
27.52167,-25.05833,951.3,973.4447505849154,978665.59,6.570562772452831,-101.53163888423971
27.52844,-25.22603,977.3,999.9464680056781,978668.44,5.953922080458142,-105.2648565073758
27.53,-25.09167,951.9,974.13512134226,978671.78,10.663215980981477,-93.66265320338368
27.53,-25.42999,1081.7,1105.5393750210194,978677.68,33.536270742537454,-89.24652824280663
27.53127,-25.00841,942.7,964.639418563292,978656.16,-2.1213179894257337,-107.98227495427763
27.53168,-25.315,1002.2,1025.3115263740754,978686.58,25.719872937886976,-88.51407669225222
27.54167,-25.325,988.5,1011.6590912115939,978685.78,20.009477387415245,-92.07918435249269
27.545,-25.99834,1433.5,1459.5018217188772,978599.8,24.745471031521447,-136.7194539460159
27.54646,-25.2076,959.5,982.0533183273997,978674.44,7.715312054613605,-99.82618469798061
27.55667,-25.75833,1205.5,1230.7974554818488,978654.49,25.89680651552044,-110.1481684586027
27.55667,-25.36667,997.9,1021.3085739978126,978689.48,23.776468984549865,-89.82482113713671
27.57001,-25.13499,968.6,990.8702293065719,978665.99,7.031648918171413,-96.01788114420505
27.57091,-25.2014,968.3,990.8359991482909,978663.75,0.1665347529342398,-109.4383309387128
27.57167,-25.40334,1013.5,1037.1099325602627,978689.08,25.687936637201346,-89.12576945316133
27.575,-25.20332,973.8,996.3503314512576,978665.39,3.374469102593139,-106.8145769900061
27.57832,-25.25,973.8,996.5717562776795,978666.69,1.4936873054830357,-105.08175426112588
27.58501,-25.28333,993.0,1015.8926747377575,978665.69,4.132647838909179,-104.40111733819042
27.59,-25.37833,1024.1,1047.5245152073487,978678.58,20.150371736031957,-95.75954114209114
27.59167,-25.31833,983.6,1006.6436398063632,978669.88,3.0274769850075245,-103.33925446366715
27.59666,-25.155,965.3,987.6103884418329,978662.59,1.2363296461990103,-108.20261158014176
27.59833,-25.89667,1274.4,1300.1162230644609,978636.09,19.08799745584838,-123.87403566576003
27.60001,-25.75166,1225.3,1250.5890677222146,978646.49,24.4741365556838,-114.01987493476301
27.61604,-25.15079,971.5,993.799797370341,978663.56,4.408517574891448,-106.2296374648646
27.61833,-25.18832,986.3,1008.8050751370143,978656.59,-0.5394380093785003,-112.80808204052016
27.62334,-25.125,952.8,974.977398655578,978669.48,6.311183203244582,-98.09264257493214
27.63,-25.42,1024.4,1047.9930679243441,978686.28,25.080112594761886,-90.16909604081012
27.63333,-25.21001,999.4,1022.0214992079766,978654.99,0.43001928308513016,-113.08366002812515
27.63855,-25.10156,959.6,981.6727868783053,978658.69,-0.7867536643752828,-109.41930777777493
27.64166,-25.74001,1243.6,1268.8459812752421,978643.79,28.22960358974524,-111.0872969307222
27.64166,-25.08333,985.7,1007.7059097439734,978647.79,-2.3901345401536673,-112.44360244231797
27.645,-25.00667,1034.5,1056.2364359428432,978630.0,0.10169828904327005,-115.69997795948811
27.65167,-25.24667,1032.3,1055.080033800384,978655.69,8.778395685483702,-108.5056921809963
27.65331,-25.04604,1065.8,1087.6550891422958,978623.63,0.7014173740753904,-118.93055120277562
27.65833,-25.03999,1096.7,1118.524643113985,978616.9,3.9147972939535975,-118.58972733308869
27.67168,-25.29668,1108.5,1131.4444153659856,978642.09,15.254493396845646,-110.02793759529148
27.67168,-25.67,1129.0,1153.9411832175472,978678.98,32.9088643649593,-95.26721077618092
27.675,-25.85333,1260.3,1285.8706756905706,978629.5,11.17566372093279,-131.12186324773566
27.675,-25.46167,1029.6,1053.3588082884703,978688.78,26.31739133107476,-89.97808010638613
27.67667,-25.36333,1078.1,1101.2969765943815,978663.79,22.99990176304709,-96.7604238664841
27.67999,-25.70168,1167.7,1192.772765743164,978670.98,34.65534942049999,-98.32214047322302
27.68333,-25.62833,1097.3,1122.0262672953563,978682.88,29.8976594558917,-93.07821348246186
27.69,-25.73167,1235.7,1260.8762491884033,978647.59,30.159807046176866,-109.76446307521104
27.69333,-25.49667,1040.6,1064.552172636221,978684.18,22.71719090535771,-94.87786435333373
27.69833,-25.55667,1047.0,1071.3141762086982,978692.78,29.1912765345769,-89.46578008896138
27.7,-25.58667,1075.3,1099.7830701668988,978683.28,26.36624978238251,-95.99990237167252
27.72,-25.55667,1065.6,1089.8895057807506,978678.48,20.622529576532543,-96.18252214460927
27.72501,-25.39999,1175.0,1198.2878710192062,978646.09,32.661591422744095,-100.19734120112903
27.75166,-25.71667,1206.4,1231.4164122953678,978643.29,17.829928257968277,-119.12314719552927
27.755,-25.60834,1084.5,1109.0380936367894,978684.58,28.997380649088882,-94.08235830839114
27.76334,-25.48666,1101.8,1125.590302916756,978673.38,31.45191324024927,-90.38453203118178
27.76666,-25.79167,1196.9,1222.1228441906376,978636.99,3.363488220027648,-132.7309067819351
27.77,-25.57167,1086.6,1110.916466332906,978681.48,29.055958117358387,-88.23816531351689
27.77167,-25.52834,1147.9,1171.9552334273449,978663.19,32.64239205175545,-94.15737795983294
27.77167,-25.44501,1187.2,1210.6996853655112,978651.59,38.83962836046703,-95.72811512883814
27.77499,-25.52167,1134.8,1158.8083928562696,978672.18,38.044457802549005,-90.37103798839789
27.78168,-25.40833,1154.3,1177.5372221680375,978649.49,29.07599132938776,-100.46051935591169
27.785,-25.31332,1022.6,1045.2366107893636,978656.89,2.2949709657114,-112.80268979740393
27.785,-25.63,1118.6,1143.2074381417024,978674.18,27.615170300123282,-99.53905089370319
27.78667,-25.38667,1112.2,1135.288197630602,978650.79,18.85592041350901,-106.64205027756651
27.79668,-25.34666,1061.3,1084.112524737192,978649.59,4.662403601105325,-116.10434293229277
27.80333,-25.39,1079.0,1102.0816147356843,978653.79,11.377610475639813,-111.09647873464017
27.81833,-25.71832,1179.6,1204.481847228495,978642.99,9.103607029770501,-124.16041386726712
27.81833,-25.65668,1115.6,1140.2522797648128,978671.88,22.52415958570782,-102.16377364108398
27.82167,-25.73666,1219.5,1244.4382513838775,978633.89,11.0360590191558,-118.2628633258033
27.82668,-25.32668,1015.6,1038.2296440023501,978661.19,3.500567126320675,-111.07959875741484
27.84,-25.63333,1163.1,1187.6213199563047,978666.69,33.593635062570684,-98.49518809680981
27.85834,-25.675,1167.4,1192.0660296155556,978655.59,20.928936904412694,-109.88757359415558
27.875,-25.07001,1050.9,1072.4546776637821,978614.7,-14.57882354001049,-132.69243619787517
27.87666,-25.72333,1219.8,1244.6187859326196,978635.89,14.032967977575026,-112.03310390755215
27.895,-25.61,1197.2,1221.5619190389248,978661.29,40.30737689835951,-95.39728756821611
27.89667,-25.69667,1280.2,1304.9128023118258,978618.5,17.125772714265622,-117.20671034770035
27.90167,-25.73666,1183.2,1208.0445647640845,978641.79,7.707918498315848,-125.29897930510893
27.905,-25.70667,1245.4,1270.1420438486396,978632.8,19.993109552538954,-106.85426144588537
27.925,-25.99667,1456.0,1481.5415182849254,978568.91,0.7731126532889903,-162.3388698188646
27.92667,-25.76334,1267.3,1292.2193110113017,978621.7,11.702233746880665,-128.22427940956217
27.94501,-25.095,1028.4,1049.9247126043833,978619.0,-18.962500059395097,-134.55931489390775
27.94667,-25.625,1218.9,1243.2891907295004,978648.29,32.954856302938424,-104.10712841818935
27.95168,-25.77667,1252.7,1277.6511516187516,978621.0,5.565542979980819,-135.73232398797197
27.95667,-25.25667,1049.7,1071.8157257209407,978632.69,-9.754428342333995,-128.03476713289075
27.96167,-25.95168,1314.0,1339.3689840205295,978598.3,-10.497531634173356,-156.71846323545057
27.96832,-25.2,1036.9,1058.7510400804542,978623.9,-18.630816413555294,-136.5618031897685
27.97333,-25.72166,1230.2,1254.9718231319318,978634.5,15.954932736349292,-121.6238539470666
27.985,-25.61833,1254.5,1278.835095632549,978645.29,41.3908161787549,-100.94923466373291
28.01054,-25.7924,1337.0,1361.9611440339056,978601.13,10.593232868122868,-137.26407483980304
28.0134,-25.44666,1151.0,1174.3188104616668,978649.75,25.65962586447131,-104.6728107767953
28.01669,-25.62148,1250.7,1275.0472899674241,978646.12,40.83049980166834,-100.76134284290075
28.017,-25.11163,1042.4,1063.9476603362182,978616.62,-18.169132088078186,-135.6869754410381
28.01765,-25.96861,1417.0,1442.4153863847555,978579.81,1.5985703375190496,-158.23621215372384
28.01794,-25.17815,1020.0,1041.7664460576734,978626.5,-19.752180318697356,-135.10444176518496
28.01817,-25.73595,1278.3,1303.113099156001,978621.12,16.418095530360006,-128.52484912246692
28.01831,-25.84744,1426.5,1451.5789428863252,978579.31,12.523541534435935,-149.10097004564378
28.0186,-25.49609,1135.3,1158.937113891291,978664.06,31.759117881185375,-95.30037400085924
28.01889,-25.564,1187.1,1211.141940579294,978676.5,55.537564087077044,-78.53782924994167
28.02492,-25.33852,1047.0,1069.5892804033285,978657.31,8.469833984039724,-110.09756599511279
28.02592,-25.27504,1043.2,1065.411815244574,978632.12,-13.580398579477333,-131.1758885773069
28.02631,-25.89709,1460.1,1485.298004889827,978572.63,12.725634048925713,-152.5112476250997
28.02849,-25.38683,1087.8,1110.7057350354542,978657.5,17.97015805344563,-106.03416178755738
28.03194,-25.06398,1075.5,1096.9442619968638,978607.63,-13.674955238006078,-135.57525544943374
28.03381,-25.67747,1420.5,1445.1085878150325,978602.13,45.35991024412215,-114.01338105737693
28.05846,-25.01344,1102.0,1123.3845654426664,978598.81,-10.838468784699216,-134.7494809533673
28.06245,-25.217,1026.0,1047.9141203588365,978628.62,-18.43716470617801,-134.8000209082176
28.06493,-25.15717,1035.0,1056.6930057925756,978621.44,-18.748823399306275,-136.5415756242915
28.06828,-25.43642,1151.5,1174.7379057223607,978646.56,23.316094588139094,-107.79478686100813
28.07149,-25.71844,1298.2,1322.9524396919533,978625.06,27.71492358413525,-119.06578820387085
28.07428,-25.93915,1518.1,1543.4458738066353,978562.38,17.42745715426281,-154.5581239161876
28.0752,-25.49483,1210.5,1234.136344646229,978644.37,35.35831587703433,-100.56675691845894
28.07581,-25.62404,1274.5,1298.880960076558,978647.5,49.38322818803135,-94.62882085964813
28.07639,-25.98093,1504.3,1529.795466123935,978564.0,11.86772814381402,-156.28421419214058
28.08134,-25.33347,1062.0,1084.5213692090647,978646.0,2.119635888724588,-118.5480620125863
28.08145,-25.26662,1056.7,1078.835780086997,978630.81,-10.161698073614389,-129.8437853736367
28.0816,-25.05736,1104.6,1126.0382070761912,978602.75,-9.11976148514077,-134.79797883070214
28.08311,-25.78613,1508.9,1533.8363141923082,978574.19,37.11784558009822,-131.8161381081369
28.08688,-25.11095,1067.5,1089.053531692006,978613.75,-13.245684650843032,-133.51352211807276
28.08984,-25.56059,1293.0,1317.0360443454247,978650.37,62.3170701462077,-83.50001914637431
28.0918,-25.39063,1090.1,1112.9991411017493,978652.0,12.912026678444818,-110.32727534921291
28.09567,-25.81029,1419.0,1443.999266951491,978588.88,22.385693555814214,-135.77185958125463
28.10059,-25.67126,1317.0,1341.5857677240797,978625.94,37.6714363329811,-111.5166682334783
28.10632,-25.88211,1454.2,1479.3948877540583,978574.88,14.217070230748504,-147.36770165068785
28.10841,-25.20908,1029.0,1050.8525375274696,978630.94,-14.659475910011679,-131.5150975287139
28.11829,-25.16158,1020.3,1041.985353716046,978627.5,-17.533195706666447,-133.8164646044396
28.12502,-25.44487,1143.0,1166.2636354989872,978647.31,20.85975170182064,-107.5833381363334
28.12511,-25.00412,1114.2,1135.5832649719603,978601.63,-3.6101100710220635,-130.28966153822256
28.13586,-25.06532,1093.5,1114.9546194489055,978609.5,-6.340864213765599,-129.92244182266268
28.13788,-25.33096,1068.2,1090.664119499381,978639.19,-2.619831743184477,-124.1020576554633
28.14029,-25.95522,1512.6,1538.0628821128748,978564.5,16.745398068684153,-154.06149687228347
28.14319,-25.71712,1286.4,1311.1488591081447,978630.94,30.046621942077763,-116.19102236693143
28.14401,-25.62814,1242.3,1266.694947384696,978656.62,48.284823579364456,-91.8438033372218
28.14781,-25.79298,1482.6,1507.5793455994926,978578.38,32.7237215093337,-134.82351579272765
28.15384,-25.39183,1094.5,1117.3605402807268,978648.62,10.793758250889368,-113.7920061274792
28.15547,-25.26521,1034.4,1056.4671270086972,978642.19,-5.585174788953736,-123.15947040685838
28.15816,-25.53993,1281.8,1305.6992175468126,978638.44,48.341001120512374,-94.26225626724889
28.16045,-25.24406,1032.0,1053.9578729834316,978642.0,-5.076078370213509,-121.68588012427244
28.16113,-25.47287,1152.0,1175.4367430720108,978645.44,19.85794934653677,-110.6567250413556
28.16565,-25.6767,1262.4,1287.0017354930071,978640.94,35.44839626632165,-106.28144556858766
28.16946,-25.12445,1025.9,1047.4536099780664,978627.31,-13.45784073334653,-129.39976323865665
28.17303,-25.20828,1036.0,1057.79401917164,978636.87,-6.532048249035142,-124.33616157252465
28.1797,-25.16698,1024.0,1045.651541056219,978633.87,-10.407180461799726,-126.72679125030872
28.18211,-25.0153,1066.0,1087.3832472080078,978614.69,-6.195007334812544,-126.60287156097061
28.1828,-25.83813,1435.5,1460.6361616738466,978585.69,22.356999289942905,-138.6051609569146
28.19,-25.752,1337.0,1361.8759056192625,978615.3,27.592907020356506,-124.09629517853793
28.19034,-25.0687,1057.0,1078.4451844661799,978619.12,-8.219719008659013,-126.37325043040664
28.19218,-25.43193,1149.0,1172.111541138871,978639.12,15.380180995212868,-113.78782294672007
28.19936,-25.98354,1525.6,1551.2244702793187,978561.94,16.23238849407062,-156.5927738187587
28.20633,-25.62183,1206.3,1230.6332895964179,978668.5,49.48344361002091,-87.73024505948018
28.2077,-25.32185,1060.6,1082.9412380613364,978639.94,-3.6167400194099173,-124.05508939000768
28.21205,-25.37659,1101.8,1124.4972607232053,978639.25,4.69128909194842,-120.5409681088068
28.21922,-25.28435,1048.4,1070.5102467536813,978641.62,-3.1563136156182736,-122.41461416012558
28.22092,-25.54289,1175.1,1198.9486552942708,978655.87,32.62881726084743,-99.7017311897676
28.22337,-25.87738,1445.4,1470.7005284513848,978583.0,19.990394198917784,-143.70026047659948
28.22435,-25.22034,1048.0,1069.7858205160242,978645.06,4.518843114259653,-114.85229522290771
28.22443,-25.89619,1446.3,1471.6639932367748,978584.75,20.703639309853315,-139.8298868778013
28.2282,-25.84972,1470.3,1495.5163766967785,978580.31,26.9159423050005,-137.14338174374467
28.22874,-25.46738,1157.6,1180.9307827021767,978641.87,18.367820974672213,-113.42002595686739
28.23705,-25.16472,1030.0,1051.6052119102383,978642.44,0.15684128913562745,-116.89914248529941
28.24142,-25.82571,1498.1,1523.2517188521617,978576.56,33.42209942860063,-135.41206552311743
28.24496,-25.09325,1068.0,1089.4489833606954,978621.37,-4.276127367513254,-125.17911836767983
28.25999,-25.04996,1062.0,1083.3726601091948,978622.44,-2.081330720684491,-122.41395003496021
28.26752,-25.58092,1190.2,1214.2041462859186,978659.12,37.912902971031144,-96.87886037888421
28.27155,-25.71458,1300.6,1325.3364432502242,978626.56,30.222848100354895,-116.7322425959702
28.27374,-25.00407,1074.3,1095.6091423904334,978621.87,4.2997592316241935,-117.85372915366575
28.27469,-25.92909,1524.7,1550.2390018196218,978573.69,31.547312466893345,-141.01477445335283
28.28122,-25.87244,1470.3,1495.6493420403956,978583.56,28.596844334853813,-135.33651487448725
28.28326,-25.33926,1059.7,1082.0683761468847,978645.06,0.018498970079235733,-120.20643542068254
28.28345,-25.40198,1084.5,1107.2877306027879,978648.5,6.8559652717085555,-116.01861172975426
28.28888,-25.28105,1050.6,1072.6028361952704,978644.69,0.7894084296422079,-118.60426882936582
28.28986,-25.16357,1053.5,1075.033576916538,978641.75,6.775468448759057,-113.22285369863354
28.29095,-25.76732,1359.6,1384.5676476356684,978607.44,25.650622078217566,-127.17382468615841
28.29362,-25.22655,1038.8,1060.5198567619789,978656.44,12.607671405305155,-105.14005130970892
28.29564,-25.82787,1496.4,1521.6047974261683,978579.56,35.761135363718495,-132.95527086400705
28.29942,-25.45937,1115.7,1138.8657471734414,978646.56,10.640822983230464,-115.28624650622685
28.30331,-25.12648,1076.4,1097.8417984264165,978626.87,1.5082926448667422,-120.49700153661517
28.31578,-25.06535,1088.2,1109.5268863504011,978626.19,8.672387708560564,-114.83854295703861
28.32301,-25.95842,1558.6,1584.3087044356434,978565.31,31.593422578065656,-144.45202024448247
28.33066,-25.32195,1070.0,1092.1907237025641,978647.25,6.540130667039193,-114.85952874478592
28.3327,-25.54668,1141.9,1165.5807179142173,978640.81,7.007711244630627,-122.01517836196084
28.33624,-25.71764,1316.5,1341.2272233823883,978622.25,30.599229633342475,-118.7024027842952
28.33875,-25.67197,1269.8,1294.2661513821129,978635.37,32.45300044876058,-111.88962272553638
28.3419,-25.28062,1050.3,1072.2293783023003,978646.75,2.7641569452825934,-115.93133783864796
28.34445,-25.89565,1539.3,1564.808909317764,978572.69,37.414877349860035,-136.1859830928102
28.34525,-25.38229,1100.6,1123.1682769507697,978644.44,9.072755422559567,-114.94024298087533
28.34653,-25.0143,1094.2,1115.4024856188078,978623.44,11.269261027802713,-113.00381233648547
28.35431,-25.44032,1177.0,1199.9517987431498,978628.37,12.632129591540433,-120.88825615003307
28.35732,-25.19284,1064.5,1086.025818195699,978631.69,-1.9274051366373897,-122.3811076114288
28.35751,-25.81694,1471.1,1496.3067281918288,978588.06,37.23100915295072,-125.83308887455587
28.37074,-25.11726,1093.1,1114.430259842786,978621.75,2.1462986439000815,-121.90101442133496
28.37395,-25.0695,1089.2,1110.4252585187126,978633.87,16.3420484008966,-107.3752501846341
28.39067,-25.24049,1078.7,1100.3770696481363,978636.06,3.554861939046532,-118.7025247413592
28.39479,-25.53625,1227.6,1251.1436865773828,978617.12,10.448378109023906,-127.04227148426813
28.39595,-25.86903,1557.4,1582.8573702843937,978575.25,47.429863621946424,-127.91677185272422
28.39896,-25.65833,1269.4,1293.7596352054852,978632.56,30.448092661448754,-113.05991031334264
28.3997,-25.97581,1590.3,1616.21288886078,978565.13,40.01868323714007,-138.86894022393335
28.40329,-25.32645,1103.4,1125.5244330558698,978638.94,8.200757817015983,-116.63954755059265
28.40492,-25.60559,1212.8,1236.8118012457185,978634.81,18.84257675218396,-118.4571124921952
28.40906,-25.00507,1072.8,1093.8607271609078,978623.62,5.441144206910394,-116.69255035493912
28.41833,-26.0,1603.2,1629.2397140666362,978561.32,38.506628467934206,-142.4244020290003
28.41843,-25.18625,1089.9,1111.3406921867306,978620.87,-4.4785370468162,-127.81019032123444
28.41925,-25.28397,1096.3,1118.1649565385283,978636.0,5.953599841566756,-117.94409234722954
28.42059,-25.44144,1144.0,1166.878853654779,978634.5,8.47979805234354,-120.99617225741659
28.42319,-25.58418,1239.0,1262.8576895200138,978623.62,17.194166481029242,-123.13064293125086
28.42937,-25.39441,1115.6,1138.1462802980304,978639.81,8.216449965140782,-115.38281281958658
28.44212,-25.11243,1059.0,1080.166252942705,978623.44,-6.400464637787081,-126.14135675148748
28.44395,-25.73366,1343.7,1368.5075788241063,978616.19,31.82420655072201,-116.59189983270073
28.44472,-25.53917,1218.2,1241.7349524751962,978621.62,11.84055700164754,-125.81723558614561
28.44655,-25.84962,1374.7,1400.115235343777,978615.31,32.493102587992325,-120.21993240250501
28.45802,-25.21806,1073.2,1094.7014574782474,978627.37,-5.324950813665055,-126.51351785923273
28.45992,-25.6833,1381.2,1405.6985783773955,978608.5,39.16121981339529,-116.79599201338138
28.46085,-25.94186,1615.7,1641.562262919209,978567.81,52.93040974927135,-129.43513257228074
28.46175,-25.34717,1163.0,1185.1935016681791,978627.25,13.473753359168768,-114.83556189444866
28.46715,-25.28355,1050.5,1072.307157851171,978642.06,-2.1061117666540667,-120.69123178878988
28.46767,-25.0658,1045.3,1066.2807580797423,978624.31,-6.582076710648835,-125.643278665975
28.46815,-25.6311,1308.2,1332.3594239304844,978616.87,28.584485162398778,-116.29807147204056
28.47478,-25.01183,1050.1,1070.9710259042567,978618.19,-7.518878100905567,-126.6252485947662
28.47961,-25.1685,1073.5,1094.7684246381875,978623.62,-5.608032362884842,-127.7563004038451
28.48305,-25.45168,1177.0,1199.8894641795737,978625.94,9.387188971508294,-123.00682374685417
28.48882,-25.77643,1483.4,1508.4650312830843,978593.56,49.34731571178418,-115.06554078114249
28.49174,-25.73001,1392.4,1417.1914454481457,978608.94,39.85066195426043,-115.22920789277651
28.49591,-25.10777,1045.5,1066.5238836654623,978622.62,-11.10648822132498,-130.15978221846734
28.50121,-25.97562,1577.2,1603.2735815562457,978577.19,48.100908443913795,-128.19850040595483
28.50356,-25.53229,1321.2,1344.662979310622,978601.63,24.088065211079083,-125.59118842384703
28.51183,-25.58504,1329.2,1353.0347457122723,978611.94,33.27403020183556,-114.88881852237338
28.51593,-25.81731,1508.9,1534.2111378155246,978594.31,55.147439259220846,-113.97647765096778
28.51698,-25.23193,1054.5,1075.967617603503,978631.12,-8.32049987220671,-127.1935076028606
28.52074,-25.91139,1514.0,1539.799617762737,978594.25,50.14347414858639,-117.5060515737984
28.5248,-25.27972,1195.0,1216.7028632737408,978612.44,13.091807691380382,-116.2321111204262
28.52885,-25.01753,1041.0,1061.73429981242,978614.56,-14.393135733087547,-132.85424960866357
28.53236,-25.16946,1027.4,1048.563489797342,978630.56,-12.99102941295132,-129.2086810823999
28.53862,-25.48099,1293.0,1316.0606186198368,978605.06,22.2936274780659,-122.3349354534025
28.54082,-25.68594,1459.0,1483.5109502545374,978597.25,51.729193673003465,-112.4435659988581
28.54236,-25.37096,1137.4,1159.6556612003005,978626.37,3.052363462629728,-124.06496132570243
28.54619,-25.09573,1058.2,1079.0719628321638,978618.75,-10.269844356458634,-128.16744685361158
28.55167,-25.91476,1502.2,1528.063798383466,978596.13,48.16412010113709,-121.71621956443553
28.55286,-25.77586,1477.2,1502.2990237039805,978600.69,54.61553651152644,-112.56344815491877
28.55611,-25.3221,1195.9,1217.814399025285,978607.5,5.538549909484573,-129.47057457196564
28.56071,-25.63831,1375.8,1399.9883517179148,978608.0,40.07022147811949,-114.84581829528997
28.5609,-25.10928,1030.5,1051.3804647467625,978619.75,-18.753685530857183,-135.87330169530154
28.56635,-25.23845,1062.0,1083.4129955456049,978628.06,-9.53721121000126,-128.5029569205065
28.5688,-25.05605,1015.1,1035.813781686892,978618.12,-21.49723848514259,-136.8352024726735
28.57458,-25.54112,1264.5,1287.987606625909,978612.19,16.543216823483817,-126.39063615296581
28.58162,-25.58987,1328.6,1352.4413098832715,978604.5,25.311274020001292,-125.15322977289583
28.58189,-25.00533,1027.8,1048.3829663228278,978609.88,-22.348806794849224,-139.33362199226838
28.58347,-25.83536,1454.0,1479.4852880255917,978606.0,48.677804020931944,-115.89702209713943
28.58527,-25.85909,1516.0,1541.619712856514,978595.13,55.293795862118714,-115.38031725459871
28.59367,-25.1757,1000.7,1021.7615915443873,978628.75,-23.50440342258662,-136.8677438159928
28.59795,-25.72002,1475.8,1500.5295855829934,978594.81,52.134540526079945,-112.9523730651936
28.60246,-25.00801,1018.0,1038.531735785422,978609.31,-26.14374746265821,-141.11079417975787
28.60896,-25.47177,1239.9,1262.8278346561947,978621.31,22.767089051078074,-117.99715483084168
28.61366,-25.39981,1252.0,1274.3703806984206,978600.63,10.68711751268711,-130.76998501790038
28.61671,-25.64481,1362.6,1386.813418580053,978611.06,38.60799220378976,-113.68163805038762
28.62424,-25.34305,1205.3,1227.2535770817287,978603.63,3.1180556636536494,-131.45875501689437
28.63078,-25.23369,1006.4,1027.671602211364,978634.69,-19.774626347934827,-131.95206934163826
28.6329,-25.27931,1049.9,1071.429249562115,978627.75,-16.391395979444496,-133.7187749549853
28.63332,-25.10992,1010.0,1030.7217298497574,978617.75,-27.172323431586847,-141.25036325985923
28.63446,-25.05789,991.8,1012.359479649032,978619.94,-27.04155704053119,-139.69885869450894
28.6362,-25.52766,1365.2,1388.5370274970355,978588.69,25.008286055526696,-128.65571621793225
28.63863,-25.76437,1484.5,1509.5343305719828,978595.69,52.659688169602305,-113.1115863260107
28.63901,-25.02795,1019.4,1039.8714828401341,978606.81,-29.609853566042148,-144.73135035327633
28.64351,-25.98538,1493.2,1519.5054325546303,978609.69,54.06709452322684,-113.34345686370474
28.64807,-25.69852,1504.0,1528.5739454172242,978586.31,53.80282544612419,-115.80765181080065
28.65039,-25.93622,1455.3,1481.3957960464188,978615.19,51.30456847616006,-113.09300675296319
28.65201,-25.83633,1427.5,1453.0254586982219,978615.0,49.44669004366733,-112.31118109643978
28.65929,-25.57227,1386.2,1409.8598358674496,978592.75,32.51227661955636,-123.3419501055514
28.66113,-25.46072,1345.5,1368.2834069671828,978586.06,20.82537989760749,-129.274609978577
28.67142,-25.1767,985.5,1006.4073612188344,978626.25,-30.811499893432483,-142.64067210902914
28.68063,-25.24527,1021.9,1043.1468184035436,978629.25,-21.24606840359047,-135.69701235757393
28.68452,-25.92422,1440.9,1466.9553633800983,978619.25,51.76199380622711,-110.9786652700418
28.68578,-25.12886,984.0,1004.6709591356394,978620.56,-33.71455874142703,-145.8289474179034
28.69337,-25.66121,1424.8,1449.094052855273,978602.13,47.73554182972293,-111.39418915612163
28.69435,-25.40787,1240.6,1262.9348074368518,978593.38,-0.6548109308350831,-139.75500230893593
28.69534,-25.33644,1256.5,1278.3086159163427,978584.56,0.2610180509509519,-139.72357642984937
28.6962,-25.53595,1359.4,1382.7450595784505,978589.63,23.579383556498215,-130.45136214489636
28.71687,-25.4567,1405.2,1427.8935287718657,978561.88,15.31652905640658,-143.48902901043897
28.71822,-25.59323,1415.6,1439.3711493568123,978600.38,47.77238119125832,-112.30036530842995
28.72064,-25.83577,1396.7,1422.2336380222655,978621.19,46.17745215340983,-112.3993507958904
28.72214,-25.07355,972.1,992.48771573214,978620.69,-33.50799819629174,-143.73909936559784
28.72276,-25.88612,1435.0,1460.8382135013776,978618.5,51.82829838513862,-108.54021670176832
28.72331,-25.74481,1439.9,1464.7901661239891,978602.25,46.799044625950046,-114.82702702108526
28.72644,-25.00735,1013.0,1033.168452848538,978603.06,-34.00294689601287,-149.0330293514831
28.72789,-25.28276,1228.2,1249.6098521140186,978584.88,-4.527641256223433,-142.84706733152424
28.7287,-25.20903,989.6,1010.5605329067107,978625.06,-32.96811276348308,-145.30144045091845
28.72981,-25.96388,1480.8,1507.0814565851745,978617.44,59.51303166616708,-106.47171576854717
28.74933,-25.40129,1388.0,1410.2332227475906,978556.5,8.367824798217043,-148.40430900581705
28.7607,-25.63521,1430.6,1454.6748472560632,978600.19,49.34879515203647,-111.05495626521235
28.76289,-25.32399,1200.0,1221.6566238539663,978589.06,-11.847957835067064,-147.29157114702784
28.76425,-25.16202,946.0,966.6765140637517,978625.5,-42.80064780975226,-149.29559817027805
28.76575,-25.13165,957.4,977.9336886278257,978625.12,-37.59817184798885,-146.6050261340703
28.76787,-25.28824,1155.1,1176.4987740355389,978597.94,-14.406212325207889,-144.52313302011603
28.77075,-25.69083,1460.3,1484.7938203962872,978596.06,50.59005477570463,-114.30027065595485
28.77475,-25.56808,1442.0,1465.5212771326894,978577.94,35.16776087379549,-126.96661045345584
28.77701,-25.05659,975.3,995.5218243822003,978617.87,-34.216863518813625,-144.4752041025826
28.77991,-25.47455,1430.8,1453.5917507970871,978553.81,13.923134170938283,-148.21958093027428
28.78389,-25.99124,1519.2,1545.659197420495,978627.62,79.64807944418862,-92.46117380523913
28.78854,-25.1044,947.7,968.0880046231824,978625.62,-38.245427552610636,-145.5343283267968
28.7905,-25.80629,1368.2,1393.522075644329,978618.06,36.27701191173401,-117.11497105863637
28.79375,-25.90955,1481.7,1507.6655651016904,978613.38,59.49150682624895,-108.55306599352565
28.79904,-25.01395,1005.7,1025.7461505588533,978604.06,-35.74961279402487,-149.91144035750648
28.80284,-25.35629,1432.7,1454.5736353081675,978546.88,15.572481211507693,-146.08549857993304
28.80435,-25.27422,1084.8,1106.0722581969414,978611.38,-21.717787342495285,-138.74181521667944
28.80991,-25.85034,1417.8,1443.395062542576,978614.0,44.48348164046183,-114.61319623275907
28.82085,-25.65451,1400.0,1424.2085742792406,978607.81,46.21077921357937,-112.54275389258393
28.82333,-25.4137,1409.3,1431.6088374232727,978551.38,8.973726645344868,-150.46358092096094
28.82713,-25.0638,969.6,989.7941843572405,978617.5,-36.85358285729308,-146.92519452816578
28.82796,-25.73824,1469.0,1493.8496274321383,978581.63,35.60742632567417,-130.02451655369978
28.83269,-25.17337,955.0,975.671230770395,978623.87,-42.44389546685852,-150.52589625854012
28.83537,-25.46098,1363.4,1386.0794740749443,978565.13,5.367223069886677,-146.74857078083718
28.83626,-25.54314,1437.9,1461.2273002729605,978561.19,18.845530908438377,-143.97397443608844
28.83708,-25.5957,1436.3,1460.0443517087865,978580.63,34.226058357278816,-127.22180146785851
28.84715,-25.95915,1444.4,1470.721860523431,978626.94,58.132977211498655,-105.95418133760734
28.8486,-25.21979,1083.7,1104.630615097045,978608.06,-21.69179356144741,-141.42044762779636
28.85156,-25.81143,1369.9,1395.264546897432,978602.69,21.08082376839593,-132.8285244973067
28.86279,-25.71442,1414.7,1439.3913390171272,978594.06,32.919664225541055,-124.91687668971372
28.86336,-25.02509,969.8,989.8381016878798,978615.31,-36.349934460246004,-145.70402611554732
28.86584,-25.10991,934.7,955.092718710814,978625.81,-42.44745264109224,-147.3720339902082
28.8708,-25.50462,1419.0,1442.0623191634504,978554.38,8.827535328338854,-149.97273294708506
28.88696,-25.89038,1426.9,1452.817981449446,978606.88,37.432058399543166,-123.90926426930608
28.88936,-25.7628,1484.3,1509.3585397501477,978574.25,31.276422333321534,-131.74390904080903
28.89302,-25.82732,1392.6,1418.1178226697652,978595.06,19.376102396054193,-134.00692485819792
28.89394,-25.34688,1302.6,1324.462416905747,978571.94,1.1508489476982504,-144.0520934854149
28.89397,-25.62439,1413.0,1437.01620214108,978588.25,32.72317510296125,-124.62104714565481
28.89561,-25.18031,1024.8,1045.566665493152,978615.0,-30.229765636031516,-145.17203548687235
28.90227,-25.45576,1320.5,1343.2245816000209,978572.19,-0.42776440642774105,-150.24391289550482
28.90314,-25.07349,943.0,963.2582189861373,978622.62,-40.59286178695038,-147.0381381897181
28.91261,-25.98141,1536.3,1562.8968218113666,978611.0,69.04440683254506,-104.96659740344515
28.91489,-25.55746,1378.1,1401.6410969130895,978569.0,7.267732297535986,-147.2850348111345
28.91582,-25.40913,1283.7,1306.0771342891342,978575.5,-5.313030214747414,-147.99485650747985
28.92822,-25.67017,1364.7,1389.1022742698635,978607.38,33.84707329329103,-120.54332723997811
28.93027,-25.12009,949.1,969.5949384767756,978623.37,-41.11890377511736,-148.4596999184034
28.94247,-25.33099,1316.0,1337.8116646154247,978572.19,6.628793590003625,-141.93690675606433
28.94354,-25.89345,1548.2,1574.2221841085611,978575.0,42.78462711756583,-132.3831217772618
28.94566,-25.01794,1005.5,1025.547732267887,978607.13,-33.01685385464225,-146.78210401550507
28.96748,-25.70781,1307.7,1332.414479727948,978620.31,26.634223672328517,-120.60570729773411
28.96875,-25.28749,1314.7,1336.235777759433,978576.06,13.047699307790026,-132.33275179165747
28.97148,-25.07893,961.6,981.9465351116359,978619.69,-38.13339145318605,-147.07254454849948
28.97427,-25.19623,1018.5,1039.455279825011,978628.0,-20.222290741978213,-135.46761832540273
28.98364,-25.5509,1373.2,1396.7791409901834,978567.88,5.108758543035947,-149.99448020691946
28.98376,-25.61115,1220.2,1244.2289342763297,978613.0,-1.0703532316256315,-136.39722921459125
28.98949,-25.83623,1421.9,1447.5539096318294,978601.38,34.14587671426125,-124.72228631500508
28.99199,-25.13257,943.9,964.5238762739373,978630.62,-36.29975680075586,-143.49763263707882
28.99252,-25.34692,1182.1,1204.1008162702062,978605.69,-2.235390219721012,-135.24295708367188
28.99301,-25.4153,1262.1,1284.6187260264173,978587.56,-0.3049448565579951,-141.03498168750838
28.99583,-25.95673,1536.2,1562.756301498075,978598.38,58.13529972266406,-114.51485388944477
29.01556,-25.20917,1004.3,1025.3599185381981,978634.36,-19.11146819824353,-132.211244055113
29.01971,-25.93806,1488.5,1514.9143846488062,978602.63,48.95365343999583,-120.05680431606086
29.02417,-25.77444,1378.0,1403.213229200038,978609.17,32.62936688330956,-120.8324312201778
29.02972,-25.61221,1201.8,1225.8491337798155,978613.03,-6.785456560901366,-130.37242011726534
29.03806,-25.07222,943.7,964.0269048833433,978627.31,-35.57767349551432,-141.10000004796387
29.045,-25.70528,1436.0,1460.7124879548178,978590.75,36.831962477066554,-125.75926143211126
29.04584,-25.31,1080.0,1101.7305178399604,978628.11,-8.82254136505071,-127.72840915657798
29.04861,-25.82417,1480.2,1505.7633587953105,978593.67,45.246377674280666,-121.45128277423979
29.05057,-25.53027,1280.2,1303.629909508383,978585.41,-4.649045044672675,-149.71826057995756
29.06223,-25.42278,1359.0,1381.5896482454548,978571.54,13.06756034027785,-138.33405390819564
29.06361,-25.47139,1499.6,1522.5580009410658,978544.45,26.05953199369833,-142.67360841406318
29.06528,-25.97833,1557.9,1584.6044219671778,978606.0,70.95947525068186,-105.54854121240393
29.06805,-25.88306,1522.0,1547.9841245661992,978594.51,54.93786148249637,-116.59062583790598
29.07056,-25.64833,1558.6,1582.889222064259,978553.72,41.50586681487039,-132.89058444851642
29.07056,-25.29195,1036.0,1057.6087213791654,978636.09,-13.196948173455894,-127.77109628803802
29.07556,-25.20557,1053.7,1074.719396735493,978624.98,-13.011283314786851,-131.57218441544575
29.07639,-25.35806,1204.8,1226.8773137136072,978601.52,-0.156539068906568,-128.63012040841969
29.08917,-25.11945,926.6,947.1522973454096,978640.2,-31.16942957788706,-136.37292194852083
29.09056,-25.79111,1497.2,1522.513251837495,978589.21,48.29275262646843,-120.42261107656103
29.09889,-25.0386,936.1,956.2545476355734,978636.32,-26.637492227833718,-133.10215184137377
29.1039,-25.58583,1200.1,1223.9359023224326,978606.48,-12.069910116726533,-147.74520421861845
29.10973,-25.52667,1279.6,1302.979540577663,978590.93,0.9230653408449143,-135.69156428945524
29.11362,-25.92722,1541.9,1568.1975671157766,978605.98,69.50975011091214,-104.50659631914024
29.11722,-25.64278,1503.0,1527.2535719662471,978564.14,35.154802455799654,-134.71433114226355
29.1311,-25.87473,1488.7,1514.6096218092857,978607.72,58.44332292804029,-110.01195720891263
29.13972,-25.71584,1413.3,1438.0740771202868,978596.55,34.9030804107897,-123.5228928791418
29.14667,-25.10861,940.6,961.0943148509118,978641.49,-24.82541437994223,-131.91771636237345
29.1489,-25.21306,1047.0,1068.0707039450344,978628.84,-11.72377479611896,-129.50436381424888
29.15527,-25.43889,1450.8,1473.496836942715,978567.45,36.202193631906994,-127.33605139203846
29.15582,-25.79807,1529.0,1554.3750979488887,978586.4,54.81894765642937,-117.62421373673976
29.15833,-25.15833,1014.8,1035.5679252558616,978631.22,-15.56751458637882,-128.87382930407557
29.16472,-25.06029,916.6,936.8710978119057,978649.32,-21.12044662493281,-125.42804390231113
29.16972,-25.60667,1211.9,1235.9104240377064,978616.24,-0.08150716836098582,-130.20695432234032
29.17389,-25.68443,1376.3,1400.8707257539465,978601.4,30.492172697442584,-124.59205728334985
29.1825,-25.28111,1005.0,1026.5369948752355,978642.61,-15.508263696334325,-128.5479734321508
29.18944,-25.92751,1545.3,1571.670705087928,978606.46,71.04051226645242,-104.20287784740702
29.2075,-25.21167,950.0,971.1455427193242,978649.43,-20.94351962779183,-125.41438637990063
29.20805,-25.86722,1571.5,1597.457847540905,978583.7,60.51190112228505,-116.95152472200863
29.20917,-25.03082,910.9,931.1107506503491,978652.74,-17.437470341683365,-120.68972375007422
29.21194,-25.71056,1453.1,1477.9234220992962,978594.56,45.57866708561778,-116.94812624389183
29.21222,-25.42612,1447.6,1470.2720671294169,978566.39,35.04154888843186,-125.57526149512736
29.21222,-25.47833,1388.7,1411.788244125909,978579.21,26.162145041045733,-115.35390850757969
29.21918,-25.51833,1079.0,1102.422885171609,978638.7,-12.59795228834264,-130.18879152863494
29.22417,-25.79916,1508.6,1534.095141798359,978591.88,53.9660284712445,-117.11598682224431
29.22778,-25.9675,1580.5,1607.2801273213101,978608.96,81.68398365203757,-97.41669902776275
29.24139,-25.30806,1075.2,1097.0850867626991,978637.28,-0.9504881901666522,-119.68456503123416
29.25751,-25.31889,1091.3,1113.3030033163295,978636.5,2.5176651960937306,-120.88152439721476
29.25751,-25.9586,1520.2,1547.0042895424017,978616.51,71.27340148866642,-97.52643237396808
29.27472,-25.57556,1470.2,1494.2232067036884,978580.09,45.645999903208576,-118.19006912485858
29.2775,-25.82333,1429.5,1455.3379089302357,978614.92,51.00052719924133,-107.8523456878356
29.28972,-25.2114,946.2,967.5973977084163,978652.6,-18.84954805346206,-124.89628588982922
29.29527,-25.11,943.6,964.4633454461397,978649.9,-15.47228292922955,-121.32266183451927
29.3,-25.02,916.1,936.5425152052077,978667.67,-0.0827108877710998,-103.60011232823695
29.31667,-25.36861,1022.0,1044.5747627890628,978663.27,4.609651061240584,-109.71343682725228
29.32916,-25.15862,904.2,925.4507976851445,978667.23,-13.555181748932227,-115.30340385757235
29.32973,-25.27556,1060.7,1082.665089849566,978649.35,8.93674633023329,-109.74458761885612
29.33333,-25.72749,1499.0,1524.3744004003947,978599.48,63.63276296679396,-104.54715616269854
29.33972,-25.90833,1525.7,1552.402784318985,978611.42,71.41833988006692,-100.03926244626976
29.34111,-25.64471,1457.8,1482.6270884391922,978598.65,55.76251965225674,-107.10712594746391
29.35139,-25.97139,1589.9,1617.0960153448018,978608.99,84.46530453441665,-95.62344212497425
29.35806,-25.81583,1504.9,1530.9935451241342,978608.87,68.81965094292536,-99.82450157276156
29.35861,-25.55528,1511.5,1535.7602317793924,978576.04,55.83462810260244,-113.49247515490876
29.36833,-25.40417,967.8,990.9475418707433,978674.04,-3.653613470029086,-111.50215452062866
29.38222,-25.82111,1567.3,1593.5074461125232,978598.12,76.97955082776025,-100.26718090117004
29.38528,-25.92027,1570.7,1597.6175226052546,978609.18,82.27819434506819,-95.91407493405637
29.38693,-25.09193,951.9,973.0483940462447,978653.18,-8.290130071807653,-114.48315463888862
29.39667,-25.01418,886.0,906.8745028466155,978665.25,-11.25466804287862,-108.76602905299875
29.39694,-25.89194,1530.5,1557.2401127444634,978614.2,76.8532938612625,-96.75056480749711
29.39799,-25.85777,1484.1,1510.6060329647657,978618.15,68.84040002757683,-97.11845645508973
29.39833,-25.58722,1540.6,1565.323992496575,978577.04,63.7089843446156,-107.95292793670745
29.40028,-25.47639,1280.5,1304.405835264622,978615.61,29.57053951767739,-109.53317637949908
29.41028,-25.53972,1572.1,1596.538366747611,978566.89,66.52597982436419,-110.6978005631004
29.41083,-25.29723,928.3,950.7700472086865,978684.45,1.8293464496964589,-102.93166766634856
29.41139,-25.69861,1396.5,1422.081012021899,978621.29,55.92521695536561,-98.25956036165627
29.42194,-25.15833,905.6,927.233511684449,978673.13,-7.084951950237155,-109.4429706453034
29.44278,-25.37582,1006.8,1030.161092617488,978672.23,8.618382281274535,-96.89889696636678
29.44861,-25.66417,1480.5,1506.0295700500728,978605.51,68.470562724513,-99.3615231999434
29.4525,-25.25444,969.0,991.3429363934778,978684.58,17.46103695349302,-91.06140715615295
29.45332,-25.77722,1492.0,1518.23241764937,978614.2,72.9444749976974,-95.30299253531564
29.46111,-25.85611,1589.7,1616.358155060204,978600.81,84.23930607782677,-94.3510132330725
29.46388,-25.73334,1481.1,1507.1520874568107,978614.23,72.65700259362347,-95.39536330342057
29.46556,-25.1011,1019.9,1041.41417533173,978648.11,7.098582756239921,-105.06278513709105
29.46667,-25.32832,1082.0,1105.0335989564596,978652.62,15.428029049187899,-98.04161327147798
29.46806,-25.44444,1105.1,1129.1396178876748,978649.41,11.53592035814654,-106.40998573278962
29.47139,-25.2114,958.0,980.1445545813474,978674.17,6.59198588586878,-99.82095923109883
29.47694,-25.92027,1601.9,1629.0039768519505,978610.63,93.40971165325027,-87.57963772258046
29.47778,-25.54167,1398.0,1422.7629968291328,978606.52,52.41297568194568,-105.31046815785149
29.48,-25.98056,1594.6,1622.1337182735297,978618.97,95.34731177787762,-85.6035629266969
29.49306,-25.62138,1571.3,1596.6996815236826,978584.72,78.66382265405264,-99.17785503153587
29.50111,-25.4375,1141.0,1165.1024165776648,978646.7,20.40763927192893,-104.30846283541403
29.50444,-25.05444,1294.0,1315.4714116783887,978594.54,41.31712009035982,-104.37714411564562
29.50999,-25.72749,1563.9,1590.0476312276082,978598.24,82.65104638435878,-91.28155425733954
29.51306,-25.85973,1586.0,1612.8228933007006,978604.22,86.30229137057904,-92.69231522713466
29.52417,-25.53416,1437.1,1461.8984574485416,978604.98,63.473247139249,-97.18475259693972
29.53278,-25.3,1165.3,1188.2888596561481,978634.24,24.71120905992575,-103.13155317646026
29.53471,-25.43639,1105.0,1129.1196408223066,978658.05,20.733524226001464,-100.33086821088847
29.53778,-25.17528,1015.5,1037.7218034021125,978669.48,22.17932249919977,-82.62910889907943
29.5414,-25.59332,1590.7,1615.9595173941727,978582.41,84.26932976790704,-92.39817154495879
29.54388,-25.0125,1392.5,1413.9521431519931,978576.77,56.83160567085724,-98.93652374813527
29.55583,-25.76971,1522.2,1548.6569681948936,978610.45,79.110587190371,-93.36871363234559
29.56029,-25.65222,1559.3,1584.96968111408,978596.85,85.00355852453504,-91.04725674460889
29.56084,-25.91139,1630.7,1657.9093661826237,978607.44,99.76605550921522,-84.2318894788904
29.56194,-25.9675,1601.3,1628.87759419072,978625.51,104.8959527235711,-75.5668065022627
29.57639,-25.36389,1174.4,1197.93889352524,978649.93,38.917917685583234,-89.11019404635726
29.58057,-25.85306,1582.5,1609.432448555923,978610.5,92.00909801630769,-86.8453610915897
29.59639,-25.19611,1084.6,1107.2291442271855,978658.54,31.237295031780377,-87.67264314179967
29.59944,-25.25833,1175.0,1197.9766148912888,978628.7,25.064977520378307,-106.74831594694297
29.61221,-25.43806,1195.5,1219.535262049636,978645.08,35.54235068731941,-90.77502053819455
29.62306,-25.59528,1501.6,1526.8326184278935,978609.46,83.68851313064806,-85.0827684186468
29.62556,-25.54556,1495.0,1519.8568772560957,978602.17,77.74169644818176,-88.08742672990206
29.62862,-25.34029,1234.3,1257.7087431997088,978633.11,42.1867986501893,-96.95500134542326
29.62971,-25.72528,1626.6,1652.7272164175042,978594.68,98.58132797072176,-84.11045816536662
29.63638,-25.90778,1571.9,1599.16715214671,978629.0,103.46263988269493,-74.41418048284893
29.63693,-25.77667,1618.2,1644.6689464232356,978601.44,99.22487476828974,-83.53349198585732
29.64194,-25.0125,1523.2,1544.8752083778897,978560.27,80.71960027504247,-89.33892189482319
29.64833,-25.29083,1179.5,1202.783907349694,978638.53,34.11285368166864,-97.79472247372067
29.65388,-25.65723,1653.6,1679.260641974482,978587.05,103.93558121751994,-80.10769561640262
29.66055,-25.84889,1620.6,1647.5257826252787,978610.67,104.2248017648235,-78.16871227783037
29.66528,-25.42332,1575.2,1599.1519366142459,978574.25,82.85390934732277,-92.00556785342451
29.67612,-25.55472,1621.1,1646.0273355636164,978586.92,100.76774842268787,-80.88114244023359
29.67612,-25.96472,1603.2,1630.722252191035,978638.13,118.2825398016721,-63.46665909256913
29.67751,-25.20389,1200.9,1223.8852648751954,978644.57,52.71820717363153,-76.40420809952585
29.68889,-25.59721,1647.5,1672.749690514073,978587.83,106.93313511251472,-78.24434117151324
29.69861,-25.71832,1710.0,1736.0698175394791,978580.4,110.49978415260557,-82.78635875625716
29.69888,-25.78694,1632.7,1659.2184522541816,978594.8,96.34654757729732,-88.52775961405567
29.70889,-25.64528,1663.0,1688.6074994176438,978590.72,111.33059181447607,-74.51788009770758
29.71918,-25.91251,1607.8,1635.0039820032857,978627.56,112.74124755070079,-68.3462797072363
29.72166,-25.05779,1748.1,1770.2716179879583,978527.34,114.18049949780107,-76.1895486165973
29.73361,-25.84889,1610.5,1637.3739215535804,978609.44,99.86338051909115,-81.71238031327297
29.73582,-25.11,1726.0,1748.5515657548474,978537.95,114.4718616514001,-75.54161926198273
29.73639,-25.34583,1348.0,1371.685014733047,978624.77,68.6225271554431,-81.28616087339651
29.73778,-25.51723,1722.0,1746.7667196297532,978565.51,113.0638124201214,-79.58741222657986
29.74611,-25.60361,1756.5,1781.8705967674678,978574.85,127.16088128683623,-71.22839486217973
29.74973,-25.47083,1829.7,1854.1710062168872,978536.56,120.4959613053361,-84.15999161049876
29.75694,-25.62889,1703.6,1729.1516700611019,978585.78,120.05073004728183,-71.19181095833233
29.76418,-25.35306,1401.2,1425.0334895942235,978614.47,74.27529513800982,-82.13523576965343
29.76611,-25.78778,1689.9,1716.4079369341896,978583.96,103.08732944156509,-87.75610700677282
29.77083,-25.6936,1730.1,1756.045220972968,978579.63,117.63541481271386,-77.19124413802561
29.77139,-25.17027,1671.3,1694.2489352806617,978563.5,119.08742987352889,-66.67346419116015
29.77499,-25.93472,1663.8,1690.941391881939,978619.35,120.20867459767032,-67.6017077093166
29.78082,-25.42889,1768.0,1792.3548880111778,978550.7,118.50792557839304,-78.76168548245462
29.78583,-25.50833,1809.0,1833.8063724286799,978554.02,129.0447993989801,-73.73980099469088
29.79167,-25.73694,1740.5,1766.6925785960855,978578.65,116.88045381125994,-79.709193394457
29.79417,-25.4761,1793.0,1817.653827177912,978554.15,126.45344896276947,-71.629202264822
29.80305,-25.29222,1471.7,1495.298275750566,978603.26,88.98769811692182,-75.08630862288877
29.80888,-25.87193,1695.6,1722.399434921756,978598.29,113.30691176978871,-77.90887907854207
29.81139,-25.06694,995.6,1017.9190204693368,978694.51,48.61694844800513,-55.09651870141424
29.82639,-25.7025,1679.0,1704.9722448140672,978593.14,114.76428031676915,-71.96103944215668
29.83806,-25.75221,1670.9,1697.0858093936029,978581.58,97.26188406569418,-89.58761551941626
29.84444,-25.6525,1599.3,1624.9753717562146,978607.37,107.84416436264291,-71.15552086956106
29.84444,-25.04195,935.5,957.624544840183,978706.14,43.37332788633648,-57.99434967842777
29.84583,-25.52722,1621.8,1646.7882484553893,978600.63,116.64396629168186,-62.66899686700205
29.84833,-25.23778,1500.7,1524.0207475571065,978593.45,91.83161848364398,-74.47663925723677
29.85361,-25.58611,1589.0,1614.296989757685,978608.7,110.55360364238732,-63.06343538775016
29.85361,-25.80888,1723.0,1749.3899889428023,978573.37,101.17773967212997,-91.32927216709436
29.8539,-25.25639,1473.0,1496.4242614528187,978594.92,83.49248929286841,-80.9680094498371
29.85611,-25.3661,1506.4,1530.5016075037386,978579.92,71.3494396895403,-98.76742858563381
29.85667,-25.99194,1700.2,1727.1708501221574,978598.95,106.9169894020306,-83.74656904480491
29.86028,-25.43167,1480.8,1505.2852686967249,978593.69,72.75395071448293,-92.91837800305998
29.86057,-25.92444,1721.2,1747.967652426294,978588.07,107.24812025914434,-86.74672969596512
29.86722,-25.10918,1080.0,1102.5276633940935,978672.58,49.86442802334204,-67.17853299084744
29.89389,-25.6936,1610.6,1636.3326605212078,978577.07,78.14995779178571,-102.8959661316689
29.89833,-25.47667,1596.4,1621.0411311914786,978566.0,77.6185132265091,-98.30305930517034
29.90306,-25.20111,1443.1,1466.1214631581065,978593.52,76.59261963341851,-84.61064737667607
29.90388,-25.84,1728.0,1754.307019448468,978568.2,95.32114453276154,-98.70680248866
29.91528,-25.00166,931.6,953.2246891010558,978694.11,32.773326232563704,-70.95378094884553
29.91806,-25.35861,1566.1,1590.0739523657226,978560.74,71.06927906151395,-105.12050502918311
29.91917,-25.29361,1577.2,1600.7589170979586,978558.74,76.90271605818998,-98.47289028439297
29.92056,-25.79083,1821.6,1847.6510631293502,978538.56,97.95196924940683,-107.36757271120001
29.92583,-25.63834,1633.7,1659.0604000966487,978560.43,72.41548663715366,-112.15472423582332
29.92889,-25.54028,1572.8,1597.670456813713,978565.69,65.63586016150657,-96.56902134461654
29.94333,-25.7439,1825.9,1851.645978595421,978527.18,91.12139575241599,-111.56798081477072
29.94444,-25.61362,1603.5,1628.6646115610042,978560.13,64.48005196184386,-114.22880672917938
29.94583,-25.12444,1367.3,1389.6801334573026,978604.38,69.19783439731691,-78.33895992242591
29.95111,-25.23418,1538.0,1561.091117476739,978564.64,74.70759049407206,-96.80584253463925
29.95694,-25.94943,1705.5,1731.8665694009755,978578.81,91.24711895431392,-100.80247303857084
29.96388,-25.85556,1733.2,1759.270126094768,978562.04,89.58965085237287,-104.97626189815131
29.96556,-25.68083,1855.2,1880.570839850498,978510.95,88.2638992399443,-119.69396691894144
29.98334,-25.56639,1947.0,1971.7766531954383,978486.92,100.42025173269212,-115.90506273769961
29.99083,-25.31139,1791.0,1814.4344017047088,978509.39,92.22093154140748,-107.0879133433632
29.99417,-25.75778,1884.5,1910.0368307924825,978514.2,95.16985849640332,-115.95737114230133
29.99693,-25.355,1913.0,1936.6673227973781,978483.19,100.67589281871915,-110.28605272907436
30.00751,-25.51193,2000.8,2025.2273674722303,978470.59,104.39988734514918,-118.8908401059127
30.00751,-25.60777,1855.7,1880.5520766093546,978507.29,89.74467635585461,-115.78123603586636
30.01418,-25.14333,1692.0,1714.2090029379306,978529.53,93.14561397419311,-85.90168115716494
30.01639,-25.97722,1650.7,1676.7750458284731,978578.07,71.53923061885871,-113.96513661512566
30.02278,-25.57249,1951.8,1976.4334558814555,978484.52,99.02766238304321,-117.83795008129482
30.03389,-25.28583,1848.2,1871.2877766482475,978492.9,95.04923448024783,-110.47993909569783
30.03555,-25.22194,1778.9,1801.5658881029435,978507.7,92.79548858792987,-106.18818408733509
30.04916,-25.46445,1872.5,1896.5318451205999,978495.79,93.23834680777509,-116.82489509840252
30.05472,-25.70583,1921.5,1946.506044871026,978501.18,97.06609597685747,-117.40508472200386
30.0564,-25.37193,2144.0,2167.498378036602,978440.05,127.54134647396859,-111.3640524594926
30.05861,-25.91251,1743.3,1768.9807718273114,978553.56,80.0662312253844,-112.29073731410546
30.06694,-25.1675,1794.8,1816.9002221423184,978506.44,100.05115786171518,-98.71641834829069
30.06805,-25.52306,1963.9,1988.1224903261184,978481.25,102.8352456453722,-116.91393465248944
30.07111,-25.64528,1939.7,1964.4098360057799,978493.84,99.51695967616979,-117.43186761581651
30.08556,-25.96361,1546.0,1571.5913398882417,978587.48,49.47172041423619,-125.06355116229253
30.09222,-25.23167,1857.6,1880.0297160408886,978490.68,99.29900928761344,-102.71325885542382
30.09833,-25.30528,2110.7,2133.5791707932003,978441.27,122.95563824300189,-112.58784396092585
30.09862,-25.76193,1837.7,1862.6331754053388,978522.07,88.12619532435201,-117.98614072471145
30.1039,-25.81528,1803.0,1828.0855264490701,978535.15,86.77739388111513,-115.15391253554355
30.13055,-25.72945,1845.1,1869.7219442147282,978515.68,86.2170454292791,-120.13299928591428
30.13083,-25.895,1516.0,1541.151331489886,978591.94,49.41331920400262,-122.05509258402492
30.13167,-25.4575,1900.3,1923.9076868205873,978489.79,96.16868851671461,-112.88541143908134
30.13667,-25.56139,1907.7,1931.7529083587817,978494.62,96.12776103965007,-118.23274642680636
30.14861,-25.32306,2105.0,2127.729578464493,978443.51,122.150878120563,-112.09500414482548
30.16556,-25.04778,1470.1,1490.648067279028,978555.26,56.53986288770102,-107.89902362116882
30.16943,-25.81389,1667.7,1692.351823688696,978559.78,69.6399405321572,-118.26583666938527
30.17223,-25.94528,1574.0,1598.9527508630806,978574.65,46.38413610914722,-131.3699609323064
30.17444,-25.11333,1678.0,1699.0461444156201,978515.02,76.04087137093302,-107.79293133395339
30.17612,-25.15944,1758.0,1779.3984197671032,978501.21,83.81414373579901,-105.04062843725814
30.18111,-25.64861,1700.0,1724.0783302569064,978540.8,72.11697298660874,-119.10871218000031
30.18222,-25.4575,1713.6,1736.9278900309232,978524.87,73.57796369155403,-115.12110469181249
30.18777,-25.2086,1853.0,1874.6958819959414,978485.49,94.06948378845118,-109.25424574829049
30.20833,-25.56111,1803.6,1827.2206285240088,978517.59,86.87705121038016,-112.06010763708733
30.21693,-25.30833,1896.0,1918.2339317111978,978481.23,96.28918919852003,-112.39900346842839
30.22417,-25.04028,1524.7,1544.8119180394208,978528.92,47.427648528595455,-122.64092760577361
30.22667,-25.37889,1658.9,1681.5255917564573,978532.16,69.2811765614897,-113.64014339869155
30.23473,-25.89694,1452.0,1476.3842885426839,978595.04,32.39656259538606,-127.17871810277038
30.23557,-25.22556,1872.2,1893.7410024798833,978478.63,91.90326293942053,-111.52746241816996
30.23582,-25.71832,1594.3,1618.2307287547026,978563.45,57.20189329236746,-118.9982261647327
30.23639,-25.77499,1701.0,1725.0995635144527,978547.1,69.81264835700858,-121.04421531348754
30.23778,-25.98361,1735.0,1759.5180152849653,978537.92,56.456630057422444,-138.450346390807
30.23889,-25.81639,1562.0,1586.2025066285346,978578.13,55.07033414358739,-120.4540975084021
30.24417,-25.65443,1565.0,1588.7170072337547,978565.09,54.24377067212481,-119.91104496362843
30.245,-25.17307,1767.0,1788.0755092037796,978494.27,78.6034154543886,-117.56350857223808
30.24638,-25.11333,1711.0,1731.5875767015436,978497.22,68.27833001350518,-121.96879279058828
30.25833,-25.43417,1290.7,1313.4183670033522,978603.66,23.35908334807027,-108.4912050458588
30.26418,-25.61972,1604.1,1627.5537572221792,978556.6,60.17803704470862,-118.37160782596465
30.265,-25.85333,1764.6,1788.672508677581,978538.42,75.19649431994185,-122.38571810482574
30.26582,-25.92278,1471.0,1495.184570405841,978588.69,30.012387935770676,-135.52602321052413
30.27139,-25.67111,1591.0,1614.5825779408592,978557.42,53.37682002200745,-123.56001938199199
30.27806,-25.05943,1524.0,1543.9532409506603,978522.83,39.746638310025446,-126.7435494567587
30.2825,-25.96556,1798.6,1822.7371976896861,978523.89,63.20887348311953,-136.25584763960887
30.28416,-25.23611,1611.6,1632.9262809036418,978523.62,55.71207173366565,-119.40485311649701
30.28722,-25.645,1496.3,1519.6749716870431,978574.02,42.54060665832367,-123.26799580871867
30.2886,-25.19139,1825.0,1845.9653668034464,978478.55,79.46517162269447,-118.62190426456473
30.29195,-25.76778,1815.8,1839.5027140992718,978521.45,79.95862858835608,-123.24041261414038
30.29388,-25.10445,1787.0,1807.2305808924175,978475.11,70.11595825583208,-129.0866299949362
30.295,-25.57693,1681.0,1704.047844745498,978540.55,70.73339762329124,-116.13213263090765
30.29778,-25.51917,1676.5,1699.299174689305,978537.09,69.86636451201048,-116.04542964164418
30.30194,-25.01222,1216.0,1235.4119695787515,978572.47,-2.530263179447502,-129.74960161791466
30.31694,-25.73167,1865.5,1888.9231724241258,978508.5,84.80240705632605,-123.12636490340631
30.34528,-25.22833,1556.4,1577.2950940238504,978530.93,46.40332210971974,-128.53170135031957
30.34778,-25.77528,1712.4,1735.689886855723,978536.82,62.77868318138644,-122.41330879260599
30.34862,-25.44194,1317.0,1339.0844561806737,978603.25,30.323099862085655,-117.41938392414508
30.34972,-25.3064,1293.0,1314.3732566568237,978591.56,20.48403759021312,-123.0119469759224
30.36833,-25.37111,1168.7,1190.2952207138974,978625.75,11.875057552242652,-116.72889637866317
30.3725,-25.08444,1516.4,1536.0434270170126,978519.72,32.46359012438916,-125.4004058893124
30.37389,-25.25555,1361.0,1381.894013151661,978569.64,22.939471326302737,-117.06535367768225
30.38055,-25.02444,1481.7,1500.8483297625291,978527.01,33.052106107003056,-133.2686929409305
30.39307,-25.33501,1191.0,1212.2245164427184,978616.26,11.672697073430754,-116.85339913975352
30.39722,-25.7289,1947.0,1969.7845068914794,978492.21,93.64701096399222,-123.00776763827932
30.39833,-25.53168,1823.2,1845.2473695821163,978506.27,83.18448158283718,-119.10515270042941
30.40111,-25.30861,1224.8,1245.822960976449,978604.44,12.061148047912866,-124.21827355813173
30.40138,-25.37971,1150.4,1171.768394645501,978630.54,10.347849086043425,-114.66218625946453
30.40167,-25.46777,1307.9,1329.6701075525207,978603.16,25.518992987461388,-114.7776801359048
30.40361,-25.00667,1375.7,1394.618142649238,978544.99,19.49036002869252,-132.4861847354455
30.40472,-25.94888,1666.0,1689.1325966324157,978539.72,39.01501012605149,-143.97587424168887
30.40639,-25.22528,1522.8,1543.2849727869825,978530.7,35.89440434926655,-134.39075741246498
30.41,-25.81528,1251.6,1274.4798128865436,978629.08,9.935932313324884,-121.81815560740364
30.42612,-25.1675,1461.2,1481.1630053088613,978533.6,23.649336359929293,-135.78337604372356
30.44667,-25.11583,1400.8,1420.2869521083962,978541.36,16.217392550082877,-141.1292388717994
30.44833,-25.92528,1663.0,1685.7559243489893,978547.02,46.94948960538022,-136.02146565689318
30.45168,-25.87138,1250.0,1272.6391518723358,978633.34,9.654415870201774,-122.5908615036461
30.45944,-25.22833,1441.5,1461.6529091742073,978539.4,19.200091594015248,-127.19980298791987
30.46111,-25.29944,1679.5,1700.0295810442522,978515.87,64.2471123454161,-116.9413020125939
30.46194,-25.28722,1273.0,1293.4645157357431,978610.42,34.23121804976836,-68.10805885699897
30.46693,-25.98361,1300.0,1322.727078397625,978597.64,-18.56102898751851,-161.98749129463377
30.47278,-25.69778,1973.0,1995.0378829974327,978481.94,93.36183935275767,-123.31999647272843
30.48111,-25.60806,1088.0,1109.64107173289,978651.26,-4.116875778185204,-123.64342507740274
30.48306,-25.5089,1860.4,1881.6177034019825,978498.26,87.99118510284461,-118.00894095093832
30.49306,-25.41444,1094.0,1114.7221090538708,978645.43,5.207939525600523,-104.26758967067154
30.4939,-25.83083,1224.0,1246.2127741985057,978632.5,3.5343598091276363,-129.12562397362845
30.50166,-25.61667,1047.0,1068.487841721103,978654.89,-13.790204250486568,-126.38078737340305
30.50583,-25.90668,1893.5,1915.77224653449,978507.05,79.24462776328437,-88.87480745778501
30.50667,-25.98167,1196.0,1218.4200794726796,978615.5,-32.74294332275167,-165.46626420735043
30.51334,-25.39999,1032.7,1053.187287454364,978655.89,-2.3070904046762735,-105.2205528197655
30.51833,-25.61667,1047.0,1068.3343588712946,978654.89,-13.837560220621526,-127.10758422413454
30.565,-25.955,1109.5,1131.4117426654705,978635.19,-38.001601074123755,-161.57282845711157
30.565,-25.39333,949.8,969.8105515099378,978673.08,-10.377323400229216,-112.81509398165457
30.56833,-25.83667,1140.9,1162.497033395537,978627.9,-27.30729063518811,-153.26907808909047
30.58833,-25.35333,1215.8,1235.4550271775154,978617.3,18.600319673656486,-113.1817362429178
30.61667,-25.89833,1020.5,1041.877592847985,978654.29,-42.50307968177367,-156.33963862262948
30.62833,-25.96832,991.8,1013.2930289180365,978660.99,-49.592481171595864,-160.2431370320574
30.63333,-25.58667,925.7,945.8112469800934,978677.08,-27.34165346249938,-124.97027235658051
30.64667,-25.34666,938.5,957.6147656947879,978654.99,-28.968611758202314,-128.30013225837843
30.65334,-25.95332,1067.7,1088.973652325413,978646.69,-39.475853785988875,-153.00076642495117
30.7,-25.38333,834.8,853.5209059738734,978686.48,-32.1611505766632,-118.53864091741791
30.70168,-25.49667,839.4,858.4951021912251,978666.69,-58.35352373542264,-143.6671647930507
30.705,-25.84833,1115.6,1136.144584065447,978637.49,-26.673665634007193,-151.71239781137493
30.71333,-25.44667,782.7,801.5033232764126,978676.58,-62.54524321248755,-138.63854354817886
30.72667,-25.34,989.7,1008.0352800877722,978629.8,-38.13590815488715,-136.98964598859962
30.73334,-25.23,1156.1,1174.1414268686751,978581.61,-27.4059325120179,-148.5067624791974
30.74167,-25.425,757.1,775.5453750764102,978701.37,-44.2480788504472,-118.27236508239459
30.76666,-25.59167,1634.6,1653.4886969766774,978533.72,47.27165859611705,-126.97996959540617
30.76833,-25.29167,1062.5,1080.3531353513138,978609.4,-32.84976112213917,-144.75458047679473
30.77,-25.85167,1547.8,1567.9183345794058,978586.61,55.41190394083969,-112.98721508495876
30.77167,-25.19667,1302.4,1320.0624124544102,978553.22,-8.45748817618005,-149.86583554332265
30.77499,-25.10834,1058.0,1075.4609690377736,978599.6,-31.408531504217535,-148.17715982044007
30.78168,-25.82832,1371.6,1391.5342189482046,978609.4,25.44445942156017,-124.01404720620286
30.78999,-25.43832,730.0,748.0164824428077,978684.48,-70.56574927282054,-149.6312695391299
30.82001,-25.76334,1435.6,1454.959782852136,978583.81,24.017241220688447,-125.15713407103547
30.82333,-25.82333,1356.0,1375.6621044011504,978612.7,24.2012643100461,-124.2496128304401
30.825,-25.545,1165.2,1183.3667227769301,978622.2,-5.9968069195747375,-132.15540042935942
30.845,-25.35333,996.4,1013.6976771594649,978626.1,-41.01979512767866,-148.87626399269976
30.86667,-25.60001,920.5,938.6385657213075,978674.18,-33.393150950432755,-134.99630875315802
30.88333,-25.845,937.6,957.0987490153883,978699.48,-19.691353929345496,-113.98892742171275
30.88333,-25.63,929.6,947.8031202181951,978675.58,-31.276006969506852,-136.22931536709854
30.90334,-25.77333,804.7,823.6780794922059,978712.87,-42.39907303545624,-129.11279611592695
30.91333,-25.44501,680.6,697.6749235358639,978693.58,-77.46936171373818,-151.17907034582265
30.95332,-25.86501,1631.3,1650.6613353936243,978570.91,64.28971215337515,-114.5311680323372
30.955,-25.78168,717.8,736.6201187746369,978738.56,-44.164054240332916,-123.2843443661538
30.96333,-25.66667,823.0,840.9894334983402,978710.27,-32.12847101467196,-124.0533441822159
30.965,-25.42833,649.2,665.901900425441,978705.27,-74.41652270965278,-144.27659090854527
30.97333,-25.58333,981.5,998.8412324904683,978659.19,-28.634028887725435,-138.40397099667945
30.985,-25.47,659.6,676.3394961242196,978706.27,-73.11436675221194,-147.2337657522251
30.98833,-25.47333,687.3,704.0338106970048,978701.57,-69.5013580203522,-144.39599271253326
30.98833,-25.84666,1595.3,1614.429091663483,978570.61,54.1137910700636,-107.55200258209996
30.99167,-25.73666,658.4,676.7707694416279,978748.66,-49.35197847872041,-122.00848544002346
30.995,-25.375,834.2,850.5382990329911,978668.78,-50.19916640827432,-137.73528683878496
30.99667,-25.81332,827.5,846.3831725146803,978722.07,-29.021362745086662,-118.0695220439869
31.02333,-25.32832,909.2,925.2303175216598,978655.09,-37.58062990754843,-139.7711434892705
31.02499,-25.65334,662.9,680.5179409807331,978748.46,-42.51854579523206,-113.35806853346146
31.045,-25.73666,671.5,689.6740565074556,978750.36,-43.6700534846168,-117.54678898536257
31.04668,-25.78667,822.0,840.5259711859414,978722.07,-28.94341856718529,-118.77020417071273
31.05,-25.30333,900.7,916.5125152895907,978657.09,-36.526777792256325,-136.7390536845912
31.06168,-25.86166,1498.4,1517.379101396546,978591.11,43.61406639916822,-121.0936059677019
31.07668,-25.23666,769.3,784.7868933962109,978679.98,-49.63793032791,-125.86754419993156
31.08167,-25.67667,587.0,604.6101905068808,978765.06,-50.98820325138513,-112.16085098089837
31.10167,-25.47166,526.1,542.3758384626883,978746.36,-74.48324647569098,-130.89322531242988
31.11,-25.19501,838.5,853.7391707924951,978668.69,-36.75251761323307,-121.57977834198475
31.12167,-25.94167,1353.3,1372.5410194033655,978641.69,43.83705674496014,-90.01868548144935
31.125,-25.03333,491.3,506.0026615324814,978737.66,-63.87817114230711,-118.99929300287172
31.13499,-25.12833,774.5,789.4320536657399,978683.58,-37.0741079300642,-119.33407130075611
31.14,-25.96194,1221.6,1240.885275380551,978681.0,41.09041327110026,-86.70880475429675
31.16667,-25.49333,508.1,524.2732660214189,978759.26,-68.68944249255583,-123.4472826449167
31.16943,-25.8989,1246.9,1265.699750030623,978676.9,49.12198845401872,-85.89256857929087
31.17332,-25.68333,538.9,556.2488809976597,978775.55,-55.89270003512502,-109.76285335444398
31.19167,-25.53667,874.8,891.1673781038018,978691.98,-25.78914739843458,-118.79889349768388
31.20168,-25.155,623.3,638.050479943762,978719.47,-49.7516956445761,-118.44597477468919
31.20833,-25.94305,1204.0,1222.8704313546123,978681.0,36.87457186449319,-88.8398810853707
31.22139,-25.99583,911.3,930.3878482180202,978730.1,-8.019228983437642,-106.37675599168205
31.23167,-25.10167,693.7,708.1930256800894,978709.57,-34.30422694713343,-95.80086688000037
31.24667,-25.96832,999.7,1018.5102344450764,978696.28,-12.692722634063102,-123.42761494990971
31.25,-25.65334,490.7,507.59493693273123,978788.75,-55.59451565868221,-109.63513425577233
31.25333,-25.97221,1018.0,1036.7953041491048,978702.9,-0.707426879205741,-115.06223071415583
31.26833,-25.16667,591.3,605.9091352793342,978731.37,-48.581537924706936,-115.65594982261392
31.2739,-25.85056,799.5,817.5139599300935,978762.5,-0.13653307023923844,-84.47670975223947
31.30667,-25.60667,405.7,422.1795042871094,978798.35,-69.07042707467917,-112.75832002594782
31.31277,-25.98083,890.3,908.8174794172741,978732.3,-11.408326966455206,-109.58480064364865
31.32832,-25.53333,361.5,377.5481760727994,978813.34,-62.70059633732308,-102.04407471646621
31.35028,-25.81194,473.6,491.0892901755781,978819.7,-40.93717142753303,-91.34373386926993
31.35667,-25.91667,817.2,835.1896148661469,978747.5,-14.369967421749607,-103.11940793696087
31.35667,-25.215,508.1,522.7048810353436,978756.16,-52.830223987810314,-105.16230587498347
31.41583,-25.86806,914.7,932.2309259627793,978725.2,-3.2784737340407446,-103.32473593178973
31.41888,-25.80917,486.5,503.78132080088005,978810.6,-45.924090703134425,-96.25378157232197
31.42027,-25.75667,413.9,430.92653169632393,978833.7,-41.59700310078915,-86.75781969775326
31.42168,-25.52,316.4,332.23915549565504,978841.93,-47.159301053965464,-82.76431200531039
31.44333,-25.24167,412.7,427.3193144385733,978785.95,-54.33550485747401,-100.43351515308285
31.44667,-25.90971,759.9,777.489934253122,978762.5,-16.680944164982066,-92.07505844757267
31.47139,-25.81667,394.7,411.87027967957533,978832.1,-53.32134629553184,-94.70497554702193
31.48666,-25.95332,1067.7,1085.3577633766718,978646.79,-40.491492146626115,-88.43622244251925
31.50999,-25.47333,295.0,310.6111477427721,978842.43,-50.06136159761809,-82.20532842695766
31.51167,-25.27,392.9,407.645877374279,978798.65,-49.680939675774425,-93.78317523078485
31.52972,-25.92528,354.2,371.68061252927055,978857.4,-48.123779501533136,-87.99726809949529
31.53278,-25.82529,497.1,514.2222891879818,978819.4,-35.04267771251034,-90.58621849565299
31.54333,-25.99638,367.0,384.7795326218219,978864.9,-41.63301096437499,-81.24185712440905
31.54668,-25.48,343.5,359.15889657828245,978848.73,-29.24467871442903,-68.50867188579335
31.56,-25.395,293.8,309.1304384915088,978835.34,-52.12404628936201,-84.75731604153137
31.58333,-25.87556,331.0,348.3126933222033,978859.3,-49.90910458390135,-83.67145344749768
31.58333,-25.33167,349.3,364.3892460750304,978818.44,-47.54325741319917,-87.009449014631
31.6039,-25.94057,294.7,312.30267813951207,978880.8,-44.13615797716193,-78.25900046624332
31.62334,-25.24834,315.8,330.711163978745,978829.24,-41.32758887996897,-75.81676692645793
31.67139,-25.89111,334.4,351.99494189441367,978878.5,-30.67516049358528,-67.7248156721696
31.67833,-25.43668,269.1,284.90181874407966,978857.63,-40.22908056958113,-71.40002817305839
31.7,-25.94444,269.8,287.7408999275946,978905.9,-26.892049770336598,-57.4745052273165
31.74333,-25.43832,273.4,289.5052814617379,978876.72,-19.83302626630757,-50.831122478378475
31.76111,-25.93333,259.4,277.6333639750925,978926.5,-8.622836525551975,-37.74259107971663
31.76167,-25.93167,266.1,284.32881318857517,978912.61,-20.328392682014965,-50.953127775475096
31.77167,-25.2,345.9,361.1836145378379,978836.94,-20.858057558187284,-58.818443633202726
31.78889,-25.94943,288.9,307.3644560418718,978932.9,5.8103765056002885,-27.191232892383816
31.82832,-25.82001,253.9,272.03905307659437,978936.11,7.293801512219943,-22.411309108686854
31.83501,-25.435,208.8,225.38482992580447,978933.81,17.697938052355312,-5.50953906226254
31.84666,-25.72,250.5,268.3317247708672,978930.31,7.418355982517824,-21.385191666267644
31.86166,-25.605,213.7,231.22088878091802,978937.21,10.967642611009069,-13.288392866092178
31.91943,-25.99167,426.7,445.98784618884326,978990.2,102.89300076512154,60.328181093725966
31.925,-25.55833,182.9,200.57376842992076,978987.69,55.26922026707325,33.935916704002686
31.95332,-25.435,144.2,161.45697423038047,979009.29,73.4452861113241,56.694692700995844
31.98,-25.45332,167.9,185.35412189754845,979003.49,73.73866058932617,59.807412642600674
31.99167,-25.52834,235.3,253.12420714632708,978998.39,84.29599220573436,59.53099392191858
25.55833,-24.93304,1122.8,1145.94743814606,978613.26,16.127952091628686,-109.30888381807804
25.62334,-24.70084,1143.3,1165.3671663946682,978586.77,11.598498828127049,-116.37718586968029
25.64806,-24.95555,1080.2,1103.5113112994745,978623.82,12.040861212997697,-109.40166070405408
25.68388,-24.75722,1121.0,1143.2890385371325,978598.56,12.709406958892941,-107.29530038823913
25.72333,-24.96527,1069.8,1093.0169842182975,978627.09,11.401607338455506,-109.1948951380011
25.75362,-24.80556,1045.4,1067.7305640159393,978619.32,6.8355217922944576,-110.88387499639828
25.76833,-24.51334,1008.0,1028.9770970583943,978597.3,-7.140109766158275,-120.5972247673512
25.78806,-24.92332,1091.4,1114.1787960190923,978620.5,14.236805159715004,-108.37097082300463
25.83,-24.57166,1010.7,1031.6403373785215,978604.9,-2.6961416370468214,-117.40923603867206
25.8325,-24.84776,1024.1,1046.340152686971,978627.37,5.382527491776273,-110.29350301491424
25.83694,-24.76944,1005.2,1027.0604885072862,978625.31,2.758603699388914,-110.91783840013599
25.87416,-24.71638,987.3,1008.771112058801,978618.57,-5.983718636678532,-115.10702510036585
25.88277,-24.87,1019.4,1041.6191900621554,978627.74,2.764480773010291,-112.43870129071071
25.8885,-24.82045,1030.0,1051.9623154833753,978622.12,3.7463605341035873,-112.96000590838459
25.89275,-24.87672,1030.0,1052.23392226164,978625.48,3.3167353444732726,-111.98779756021219
25.89668,-24.9456,1052.0,1074.6088983062873,978626.98,6.970207482925616,-110.95229039397317
25.89999,-24.47028,972.2,992.5502890427266,978599.28,-13.467446051188745,-123.10303631673723
25.91248,-24.76534,1033.0,1054.5743818989888,978620.55,6.769605357665569,-108.63778131984661
25.93887,-24.65639,965.3,986.3424809520792,978615.06,-12.304751480463892,-119.38517480533075
25.96638,-24.57083,990.5,1011.1753539928302,978608.8,-5.054064508178271,-117.96132347341339
25.9679,-24.81004,1113.0,1134.6862743311467,978601.47,9.336192918359302,-109.77854199459088
25.96918,-24.96315,1109.0,1131.5702816123867,978619.97,16.323277329909615,-109.705529739025
25.98193,-24.90378,1091.0,1113.2490033551915,978617.13,11.927592967404053,-111.33635068363648
25.98773,-24.76859,1088.0,1109.3696025056997,978605.35,8.253253111848608,-115.36896394915703
25.99693,-24.4375,940.1,960.1635204772656,978594.04,-26.47103324707132,-130.69169323203312
26.00388,-24.66943,980.1,1001.0087123971135,978611.18,-12.552004685043357,-122.1047161243167
26.01222,-24.5025,987.4,1007.7201372193168,978601.31,-8.950501359067857,-120.98275154156097
26.03282,-24.98393,1079.0,1101.5978557695814,978626.91,12.57987495616544,-109.95691436484927
26.04388,-24.86259,1183.0,1204.9481014694322,978595.4,21.328170967288315,-109.92137310037052
26.04791,-24.79846,1143.0,1164.5425845769855,978595.17,13.04400786512997,-114.2654806108317
26.06926,-24.90555,1097.0,1119.1309510214323,978615.87,12.360363856889307,-104.07065353294585
26.07083,-24.43777,943.1,963.0082646848064,978595.31,-24.341601650230587,-127.957573602018
26.09531,-24.70593,1058.0,1079.0539808883912,978600.17,-1.9814444894436747,-121.89873577453352
26.11316,-24.96371,1052.0,1074.4212689324124,978631.63,10.31176203256473,-109.2166039674074
26.12029,-24.84631,1155.0,1176.7346583071228,978600.39,18.734364656731486,-105.14093969315122
26.13515,-24.77435,1128.0,1149.3982493855538,978600.37,15.228048212593421,-112.00392088938172
26.16394,-24.88786,1049.0,1070.8442980028717,978627.91,10.721320301992819,-107.59384497351661
26.17084,-24.40778,940.7,960.3181906055313,978592.07,-26.37362685916014,-133.29037911741224
26.17685,-24.99902,1036.0,1058.5255992235989,978643.51,14.847020923625678,-103.05005140112667
26.18848,-24.94221,1021.0,1043.1096968303304,978639.85,10.355210680514574,-106.02436630864652
26.20174,-24.8278,1116.0,1137.4977190119037,978609.59,17.102162492112257,-106.4509137696587
26.2216,-24.75363,1079.0,1100.1407756476767,978606.39,7.472885910188779,-115.21415646313865
26.25381,-24.94402,1012.0,1033.9585506494932,978661.65,29.206673333304934,-85.61140516376312
26.25664,-24.87354,1024.0,1045.5711580078732,978635.34,11.34001373895444,-101.47763004255046
26.26222,-24.42999,941.1,960.62968736267,978596.35,-23.506660115672275,-129.82979614022628
26.28539,-24.70836,1009.0,1029.7309760660335,978608.18,-9.356621869606897,-123.99851750702683
26.28943,-24.8105,1076.0,1097.2045821676522,978619.18,15.449947760091163,-104.27986280104594
26.30527,-24.51305,979.8,999.5341148299489,978598.95,-14.555182466749102,-126.09763280654951
26.31538,-24.655,954.0,974.3756313994464,978618.36,-12.602122853510082,-120.2701334485711
26.3224,-24.88277,975.0,996.4491499080076,978644.62,4.827315078815445,-104.28251261756627
26.32381,-24.75951,1137.0,1157.855817241137,978595.28,13.766564497025684,-113.6266922933234
26.33833,-24.59193,956.6,976.6169285228356,978616.01,-9.948237953707576,-118.79764980636831
26.34192,-24.99838,1013.0,1035.0155241605032,978651.3,15.42725418379996,-98.90511279787245
26.34805,-24.94687,1000.0,1021.7123880105617,978651.21,14.791343188029714,-99.00504469774631
26.37485,-24.8103,1042.0,1062.9580723073448,978617.86,3.5770894155139104,-110.60315133332364
26.38832,-24.70676,957.0,977.4393467009022,978626.9,-6.66191120527219,-115.49145205372182
26.38959,-24.64658,914.0,934.1710084020592,978627.65,-15.141676730010659,-117.08441109011181
26.40907,-24.88544,959.0,980.2424330995487,978636.86,-8.117391297360882,-116.81480620304886
26.41649,-24.95209,975.0,996.5674974083852,978639.69,-4.84764128702227,-115.16516805080785
26.42361,-24.2925,938.2,956.9299276980272,978601.84,-9.83247738017235,-116.74293882702572
26.44653,-24.8362,972.0,992.9123423417518,978626.62,-11.057255933643319,-121.34114394614676
26.44884,-24.75482,951.0,971.5176335385648,978625.27,-13.41577253700234,-121.80907518455419
26.45381,-24.66489,957.0,977.1071025344079,978627.44,-3.356252444558777,-111.0734858057045
26.45555,-24.21056,916.0,934.4560052904161,978587.96,-25.108113103662618,-128.74630886587664
26.46875,-24.60893,919.0,938.8450684913049,978621.31,-17.4648324388545,-121.88773864157403
26.48148,-24.94058,981.0,1002.3435826292094,978629.92,-12.040790583821945,-123.95157959024135
26.49026,-24.14111,902.9,921.0878721689915,978578.89,-33.6193868102273,-135.97245221572513
26.49165,-24.56111,905.0,924.6013098466942,978620.91,-18.994204781018198,-121.01220387125983
26.49445,-24.07722,889.2,907.2404034099322,978576.53,-35.952539526624605,-136.73156920519074
26.51006,-24.70712,966.0,986.167832577274,978623.96,-6.933321844553575,-113.93794412826608
26.52328,-24.86159,981.0,1001.8667687753426,978617.58,-19.082068238640204,-128.39089790255503
26.53171,-24.78603,1023.0,1043.48588790129,978601.14,-17.482889098348096,-133.52203550798868
26.55809,-24.52959,914.0,933.3422688751772,978609.39,-25.666987458826043,-129.35641011855168
26.57162,-24.95985,1021.0,1042.2371067340669,978617.07,-13.91199184418656,-128.78903847501925
26.57423,-24.66632,963.0,982.8717400069436,978620.86,-8.255408573313616,-116.96067105458445
26.57474,-24.73685,1005.0,1025.1708720031693,978613.41,-7.487444449099712,-121.56636985829807
26.58476,-24.608,937.0,956.6160982492602,978627.2,-6.027738822507672,-112.2282523300629
26.59583,-24.84729,1045.0,1065.6576936584552,978595.71,-20.28471467201598,-138.86299415578756
26.60083,-24.38165,904.1,922.7567637231082,978604.3,-23.959693071781658,-126.40128806778841
26.62576,-24.52953,929.0,948.2153670874578,978608.64,-21.82354265660979,-126.88918699998965
26.63823,-24.8967,1045.0,1065.8270783598973,978596.3,-23.04603206925094,-141.42148149557016
26.64827,-24.63194,956.0,975.6066150563692,978616.99,-12.014646934112534,-120.46067941732579
26.65477,-24.95258,1021.0,1042.0647573153994,978607.37,-23.163131902227178,-139.05654068659857
26.66805,-24.32584,894.0,912.3219885370669,978597.73,-29.96492092148401,-131.08257862898
26.68092,-24.69727,972.0,991.8350702254529,978609.6,-18.86956525349524,-128.00837615496334
26.68283,-24.83032,1042.0,1062.447716827278,978590.93,-24.887328895856626,-142.6244534861323
26.689,-24.49841,920.0,938.9819569418225,978607.49,-23.701947745517828,-127.60796993862634
26.72694,-24.92503,1062.0,1082.8602244625883,978592.0,-24.04427270917222,-143.45358735552782
26.72719,-24.56895,946.0,965.2449237911501,978610.77,-17.128039697301574,-123.31415155325595
26.75378,-24.86694,1091.0,1111.5639287633217,978583.9,-19.28360131161753,-142.66405710531876
26.75838,-24.71622,1012.0,1031.855576900746,978595.22,-22.199925177381374,-136.8884017347029
26.77554,-24.80937,1067.0,1087.28972217483,978583.98,-22.73152514907997,-142.46905213318598
26.78526,-24.65182,988.0,1007.5540859004647,978603.15,-17.356973093468696,-129.48020737387577
26.80373,-24.56552,954.0,973.1436165578463,978607.16,-18.066672683460638,-126.34668451363032
26.80782,-24.93771,1116.0,1136.8882879116081,978581.35,-18.899418351706117,-145.7574856412857
26.82494,-24.75046,1061.0,1080.9918802035243,978594.32,-10.287813931121491,-130.91216642327998
26.83641,-24.99757,1109.0,1130.215713547995,978594.55,-11.893280939431861,-138.0477962965746
26.83665,-24.10861,892.4,909.8546343374268,978573.42,-40.36733305256348,-141.340374133497
26.84457,-24.52254,936.0,954.8745213791079,978599.28,-28.652234804001637,-134.66804613454917
26.86298,-24.8009,1143.0,1163.2333342281868,978573.84,-8.857657972374,-136.6999790703955
26.8661,-24.18971,866.0,883.5646386051708,978577.88,-49.484665149473585,-147.6389717878041
26.88889,-24.03194,864.2,881.522258222717,978577.48,-39.89642814954277,-136.7326552466698
26.89397,-24.93665,1119.0,1139.9472048030873,978584.59,-14.64247211930342,-141.74064297076148
26.89774,-24.21831,866.0,883.6045213250666,978579.05,-50.232844930142164,-148.16685753417894
26.90265,-24.17386,868.0,885.5114155885287,978577.78,-47.91480539215263,-144.97627162727204
26.90761,-24.57504,969.0,988.0420300736823,978594.76,-26.51946478278842,-136.7950255272969
26.91359,-24.85379,1250.0,1270.5326254062177,978561.8,8.568412296939641,-131.3481235806869
26.91644,-24.99652,1064.0,1085.316916731105,978606.54,-13.683781171799637,-134.40262413483424
26.91937,-24.037,869.0,886.2984515963111,978576.57,-39.67233826499432,-138.68805136249375
26.91994,-24.08606,884.0,901.3531235786475,978573.49,-41.40362969588023,-141.55785159489187
26.92143,-24.49725,939.0,957.6305081480625,978591.47,-33.88861743896268,-139.76381332821228
26.92416,-24.12828,888.0,905.4257213109581,978573.84,-42.63816307275556,-142.81127079971785
26.94885,-24.69603,1024.0,1043.6756576496844,978595.28,-17.10890622565057,-132.25140999413486
26.95058,-24.63011,981.0,1000.2988320941039,978601.15,-20.11046403751243,-130.29366806869717
26.95128,-24.17995,885.0,902.5080486660263,978574.67,-46.1907735185232,-146.13334798708797
26.95467,-24.21127,880.0,897.5652158224799,978574.98,-49.51954560924787,-149.229529033091
26.95844,-24.76324,1091.0,1111.0630154444468,978584.19,-12.016888104379177,-135.3496677772722
26.96692,-24.11427,897.0,914.3752590079296,978571.59,-41.18333225196693,-142.9054297099396
26.96718,-24.06285,892.0,909.2983246407356,978570.24,-40.6415982368635,-141.34546749345031
26.9705,-24.15172,891.0,908.4450882709993,978573.58,-43.54550191806629,-144.374152562863
26.99014,-24.01855,902.0,919.2606532502579,978567.73,-37.10247889405582,-139.586024593035
26.99332,-24.508,924.0,942.5958769520009,978590.85,-39.88012061477639,-145.0592416152436
26.99442,-24.99936,1036.0,1057.4916714416688,978617.24,-11.76550400373526,-129.72626833659362
26.99738,-24.87845,1097.0,1117.7747083967079,978591.41,-10.650205855839886,-135.13661108508947
26.9989,-24.93982,1064.0,1085.1401701238656,978600.33,-16.031435808516107,-136.79012358435187
27.00999,-24.84,1151.2,1171.763848781548,978583.21,0.45500482828356326,-129.2492684954825
27.01167,-24.78999,1131.1,1151.3625702095999,978578.41,-7.200372620718554,-134.6504194222819
27.01822,-24.13608,911.0,928.4231771272554,978570.29,-39.61708457127679,-142.9047499971549
27.02251,-24.17035,918.0,935.4920692603191,978572.28,-37.75539101753384,-142.16661340413737
27.02499,-24.71667,1068.9,1088.7246062926242,978591.81,-8.093896128702909,-129.4193672847959
27.02548,-24.03398,940.0,957.2906149919958,978563.61,-30.52329239086248,-137.1401896858883
27.03062,-24.21849,914.0,931.5852328350998,978568.76,-45.72939708514605,-148.2566773990624
27.03168,-24.755,1106.1,1126.1681046875817,978584.61,-6.37065427901689,-131.85359768162002
27.03667,-24.85167,1095.4,1116.075694879177,978593.61,-7.130065364181064,-130.30603582304906
27.03969,-24.00166,913.0,930.2836319033731,978563.03,-37.267917321645655,-141.09830792120107
27.04105,-24.93164,1039.6,1060.7708578604104,978606.94,-16.375947780092247,-134.03500647308923
27.04286,-24.08939,936.0,953.3696290467065,978561.71,-37.356755080632865,-142.7797801610802
27.04668,-24.675,1031.7,1051.283233997944,978592.01,-16.59098929387983,-133.3696899548587
27.06168,-24.63333,989.7,1009.0322473781187,978599.3,-19.485920064384118,-131.25544766121897
27.06335,-24.24445,936.0,953.6465933047986,978564.68,-44.75573949015234,-150.74647271962095
27.07188,-24.1843,946.0,963.5501707760054,978565.73,-36.58839468169026,-144.13969382159172
27.07668,-24.55,927.5,946.3303201591781,978615.5,-16.941260495921597,-122.12082303073865
27.07841,-24.03625,930.0,947.3561719099072,978571.0,-26.3511672092136,-131.86495597678933
27.09137,-24.09224,966.0,983.4381599974822,978558.21,-31.770326066645794,-141.42442646424254
27.09959,-24.14378,942.0,959.5203982022288,978563.01,-37.820150930667296,-144.8580902895864
27.11333,-24.405,884.5,902.6644591026496,978585.21,-50.834985036519356,-151.03024475866806
27.11333,-24.47667,896.7,915.1785721686119,978594.31,-42.74663804634474,-144.59826455618094
27.12167,-24.29333,934.8,952.5995166796628,978565.11,-47.95487799937837,-152.87402118357548
27.12479,-24.04622,940.0,957.43187003689,978571.85,-23.061680376064032,-129.46212130869063
27.13,-24.39999,886.6,904.7622168658901,978584.61,-50.44741984223947,-151.09736708028458
27.13095,-24.16371,950.0,967.5634332708378,978561.11,-38.581511209951714,-146.32761529180056
27.13225,-24.11064,968.0,985.5140184162767,978560.13,-30.44782432296779,-140.17284290078004
27.14,-24.32668,924.8,942.7176270163138,978571.41,-46.962636815733276,-152.12196727689812
27.14461,-24.07352,962.0,979.4875919411859,978576.65,-13.290498876594938,-122.17641576733723
27.15334,-24.89999,1004.9,1026.0841775747303,978627.4,-4.435512370429933,-117.46927575764609
27.17332,-24.42332,928.4,946.7149068411874,978576.71,-46.98696242948063,-152.1221993122831
27.17604,-24.00291,906.5,923.9428889073231,978569.2,-33.13833936036099,-135.64247636523552
27.18318,-24.03487,923.6,941.0903154943005,978576.23,-22.96196097624488,-127.61393099087859
27.19,-24.90833,1001.6,1022.8917366435658,978647.49,14.094407664844766,-98.85677590022765
27.19789,-24.07423,923.0,940.5453772724826,978581.22,-20.784522789996117,-125.0647762708023
27.2028,-24.09846,933.0,950.5840185606806,978583.28,-17.256430238950998,-122.34265315710319
27.20477,-24.14423,949.0,966.6341230564223,978565.56,-33.105412448523566,-139.4964464648055
27.20551,-24.17311,959.0,976.6682878772586,978559.11,-38.405869326903485,-147.01739947706935
27.20833,-24.47,902.2,920.7803889604397,978596.21,-38.66410505969543,-138.53266650529324
27.22604,-24.21155,965.0,982.7658599612824,978557.78,-40.448140147840604,-148.48648548897359
27.22667,-24.27167,994.2,1012.1087518892575,978555.72,-37.516923536895774,-149.94143051449532
27.23,-24.93333,997.3,1018.796037605222,978668.39,32.006067255395465,-81.64321757170926
27.25504,-24.97021,1012.7,1034.4417109646035,978673.6,39.49712511547841,-75.97206237475262
27.2567,-24.13432,960.0,977.7107190698761,978569.19,-25.389983849483542,-133.95849338848285
27.25876,-24.98782,1015.4,1037.2476030735663,978675.69,41.235989881679416,-74.11428899640853
27.2657,-24.96207,1012.4,1034.1037343891467,978672.81,39.165123444166966,-75.73506025473792
27.26878,-24.0854,939.0,956.622750757865,978577.96,-19.83460016711615,-126.26336927569169
27.27167,-24.52167,939.4,958.3794419539289,978590.41,-36.381436004536226,-142.79949660612866
27.28119,-24.91969,994.0,1015.4685093505273,978653.56,17.090443280292675,-94.77192269764834
27.2814,-24.97401,1019.1,1040.8857833140244,978675.6,43.22291250398848,-72.27536543633907
27.28258,-24.05495,931.0,948.5927091082435,978575.23,-22.99562093091663,-128.52183899152817
27.29343,-24.22523,991.0,1008.9643740936164,978559.62,-31.44810908078216,-143.93428623123626
27.29668,-24.01326,914.0,931.5759058697242,978569.71,-30.967351487255655,-134.89658811549015
27.31168,-24.82167,959.2,980.1035462847399,978667.98,27.350078176241368,-81.81945843538423
27.31287,-24.97496,1038.6,1060.4133887289117,978673.45,47.032495207036845,-71.40618388367155
27.31476,-24.14452,968.0,985.8252519163441,978562.83,-29.933249518857338,-138.59540550705148
27.32167,-24.76666,955.2,975.782660655572,978657.29,19.107363059883937,-89.13231968407979
27.32167,-25.0,1053.1,1075.0538051557817,978663.79,40.158978220657445,-79.32651938745852
27.32355,-24.19104,992.0,1009.967618071722,978554.92,-33.530419054906815,-146.01942691856698
27.32668,-24.26167,996.7,1014.8630623576244,978564.12,-27.590741332620382,-139.91933855442642
27.32837,-24.90935,993.0,1014.4548582853654,978664.75,28.680836972547695,-82.83436112908527
27.33,-24.70168,918.4,938.606531912751,978642.09,-3.106135757290758,-107.21041468278871
27.34135,-24.96895,1030.1,1051.8959414072447,978670.38,41.749673515209,-74.84607121515174
27.34167,-24.605,976.3,995.9568451074455,978604.3,-16.58367002941668,-115.38592802963356
27.3419,-24.11552,970.0,987.8312201931332,978570.23,-19.961288696853444,-129.43665857000667
27.34354,-24.88538,990.0,1011.3313833116587,978664.31,28.92946901335381,-82.64983445078616
27.34805,-24.03433,928.0,945.705342964556,978568.03,-29.701645034714602,-134.9948324187714
27.35249,-24.22729,1007.0,1025.158197252524,978558.23,-27.980520060053095,-142.2743570086298
27.35532,-24.06296,927.0,944.7701670158056,978571.71,-28.233368454501033,-133.19864011100418
27.36061,-24.8745,975.0,996.2895950568678,978666.75,27.477866583270952,-82.52638727100333
27.37074,-24.963,1020.6,1042.3749196591793,978657.15,25.992969975690357,-89.27654736645178
27.37962,-24.64073,916.0,936.0102177986113,978634.75,-7.073929802747443,-108.74798500551859
27.38425,-24.17078,1004.0,1022.1464319665228,978558.97,-24.355968951364048,-138.08362907421474
27.38499,-24.31168,1032.0,1050.5849283133448,978570.51,-13.562920896918513,-129.78140264198652
27.38647,-24.86182,953.0,974.2515761138791,978670.69,25.49118641426321,-81.2071309321004
27.395,-24.59833,955.5,975.3167499014967,978619.5,-7.29663843580056,-100.05327740879758
27.40071,-24.95335,1004.8,1026.5329726787097,978651.52,16.14134586637374,-98.46846046071352
27.40167,-24.685,918.7,939.0533400603096,978645.79,1.8746013131458312,-102.27859563287396
27.40205,-24.0708,922.0,939.9620370878511,978571.4,-30.55394881614484,-134.04866923044716
27.40247,-24.85178,938.0,959.2181711757244,978668.94,19.793734372709878,-85.52753694356744
27.40315,-24.20869,1024.0,1042.2736693173324,978558.08,-21.593389499816112,-137.4138923155963
27.40668,-24.72667,924.1,944.7029854264657,978660.09,15.06170729896985,-90.20591718454034
27.40833,-24.58167,965.0,984.7700062316146,978618.9,-3.841779868467711,-108.36319915577211
27.41138,-24.11852,963.0,981.1272295449121,978569.87,-22.591847026487812,-131.17533025918823
27.41333,-24.77333,926.6,947.4452648844305,978665.59,18.20542857167311,-87.50581328095394
27.41769,-24.94778,993.7,1015.4085928463527,978652.4,13.973459173808806,-98.14714072141483
27.42645,-24.83627,920.0,941.1688713542275,978666.5,12.851865703123622,-90.18281904820273
27.43333,-24.8,927.5,948.5147609527703,978674.58,25.692967414390296,-79.63215832732777
27.43382,-24.23186,1006.0,1024.426308349351,978565.62,-21.125071205897257,-135.18863234231236
27.44154,-24.01843,975.0,993.0185312763954,978564.65,-17.41509292635601,-126.73202210953232
27.44559,-24.93932,990.2,1011.8710955306536,978650.28,11.34594408038538,-100.85586574925364
27.44739,-24.93849,990.0,1011.6673671869072,978650.02,11.08036993141286,-101.07413650411738
27.44968,-24.82106,909.0,930.1390087667454,978660.75,4.744792728917673,-97.5030708254342
27.45415,-24.15186,957.0,975.3208564964212,978576.29,-20.20911613467615,-128.33297157319765
27.455,-24.54668,994.9,1014.6744060425378,978607.1,-4.026417416753247,-116.27330576571278
27.45943,-24.19057,966.0,984.3937126410615,978580.25,-16.059822494047694,-125.81740841203131
27.46173,-24.83134,913.2,934.4047909174495,978659.31,3.913911184296012,-99.03680170224023
27.465,-24.97,1010.1,1031.9125137388155,978638.89,4.0212453082203865,-106.26150216379011
27.46832,-24.72833,957.4,978.2064775090155,978642.59,7.785800096578896,-100.72483782214853
27.47121,-24.9306,990.7,1012.3313644555017,978649.6,11.409752847976051,-99.02202578764053
27.47124,-24.11615,960.0,978.3081006965541,978573.11,-20.06218593509402,-128.85249153894742
27.47166,-24.68668,930.5,951.0902578195534,978652.19,11.873700958909467,-93.51525676191599
27.47166,-24.85001,929.9,951.1914967387814,978663.59,12.08884366741404,-93.52048631069934
27.48158,-24.22501,970.0,988.5381066350963,978581.98,-15.37599465798121,-125.47377470064858
27.48312,-24.8233,944.1,965.322962910439,978651.38,6.077249232446775,-100.96118169511081
27.48785,-24.03755,1024.0,1042.165640680857,978558.47,-9.713817805168219,-125.9583029572406
27.48833,-24.26334,977.8,996.5165932889252,978577.71,-19.774650245788507,-130.05409883381242
27.49001,-24.77333,956.8,977.860704072157,978645.89,7.8905035856878385,-100.01270696797009
27.49005,-24.01749,1037.0,1055.1085467042692,978558.51,-4.333621006924659,-121.3539590788713
27.49167,-24.80333,944.3,965.4709779354744,978650.89,7.006133705493994,-98.9010517845351
27.495,-24.84,930.5,951.7934089119312,978656.49,5.863546286942437,-97.68572818813426
27.49547,-24.07726,984.0,1002.2812202924987,978566.31,-16.848671472398564,-128.52574345813156
27.49969,-24.17397,970.0,988.4569693766837,978585.79,-8.146308269468136,-118.42168921259011
27.51134,-24.93584,951.4,973.048383721513,978666.33,15.657084543723613,-92.24834447821594
27.51666,-24.52,1044.8,1064.6586287851057,978584.61,-9.274394374806434,-126.24613236862501
27.52036,-24.1041,988.0,1006.3838684216519,978572.65,-11.048062265501358,-123.07465247307898
27.52667,-24.67332,938.2,958.8535853991513,978660.49,23.48421245161444,-82.9801800706357
27.52837,-24.9662,961.9,983.6622096752242,978659.63,10.135869071935304,-97.60691237337245
27.52988,-24.88641,933.8,955.2466878596776,978653.25,0.4930399094009772,-103.833891195663
27.53175,-24.02684,1079.0,1097.1778895550171,978552.42,1.9293558557983488,-119.62068355097425
27.53667,-24.66167,952.8,973.4175605263399,978652.59,20.875722922268324,-86.26109096171577
27.54021,-24.99181,942.7,964.5549367317772,978655.56,-1.5995778508950025,-105.21218243099528
27.54233,-24.93465,926.2,947.8185300595775,978657.94,-0.4357701571425423,-103.68815683571192
27.54333,-24.54167,1034.8,1054.8081502026303,978587.91,-10.491270159836859,-125.99128936209196
27.55031,-24.06128,1032.0,1050.2759797687584,978561.28,-5.9953951148781925,-122.76290714504245
27.55067,-24.12157,998.0,1016.485633193442,978573.67,-8.0869460235117,-120.8738942405052
27.55443,-24.9706,933.9,955.6422834088082,978654.3,-4.143933653598651,-109.22548242040308
27.56274,-24.94023,931.3,952.9220172657841,978648.66,-8.526136325090192,-112.92921250088018
27.57336,-24.93057,948.7,970.2787723379977,978644.33,-6.833831742871553,-114.6566325497223
27.57368,-24.90118,975.4,996.8788342257428,978638.38,-2.5490096792345867,-111.2142214097817
27.57385,-24.14674,1024.0,1042.5900113640607,978572.92,-2.4775498958770186,-118.10942762311194
27.57845,-24.18333,1040.0,1058.679325788956,978573.0,0.10001903923694044,-114.1068870938143
27.58,-24.64999,959.5,980.158105234122,978649.69,20.854976253816858,-87.45762711340399
27.5836,-24.04596,1073.0,1091.2085593225033,978554.99,1.3736655534012243,-118.89684694952157
27.58543,-24.22478,991.0,1009.8025319153834,978585.02,-5.7590928197605535,-114.511013571008
27.58647,-24.0209,1085.0,1103.1335611063978,978553.63,5.375662425067276,-115.99628320962287
27.59332,-24.58833,988.1,1008.4805171391654,978607.4,-8.480525652994402,-119.05876712870013
27.60109,-24.92947,965.4,986.9486407050973,978641.37,-4.574280642671511,-112.97887826589161
27.60365,-24.12505,1042.0,1060.531430077291,978566.78,-1.620679393527098,-118.98215134140308
27.61,-24.96667,981.8,1003.4583550977427,978640.69,-2.728352847509086,-112.05481975199856
27.61833,-24.66499,987.9,1008.6326929445698,978634.3,13.224409732036293,-98.30553916976336
27.62666,-24.98666,993.6,1015.3000744499128,978638.89,-2.2557939435355365,-111.61677328626433
27.62991,-24.04652,1021.0,1039.1792344262874,978568.27,-1.4377101422287524,-116.0552623171847
27.63179,-24.91711,992.4,1013.8806766070173,978633.34,-3.441523982444778,-113.2454709764124
27.6319,-24.09738,1067.0,1085.3919078679605,978560.21,1.3423805199563503,-119.76173479281724
27.65334,-24.67667,1030.8,1051.5558797984236,978623.1,14.468771098647267,-100.88204292953215
27.66542,-24.20416,1152.0,1170.9075137937668,978555.6,15.92177409667056,-108.06587582552271
27.67139,-24.91022,1040.1,1061.5256522926963,978625.37,3.764587238780223,-110.88579921930794
27.68167,-24.60001,1016.8,1037.3517523932258,978597.91,-9.86005406442564,-123.08531197768698
27.68333,-24.71167,1058.0,1078.846168462884,978618.2,15.590959648950957,-97.52974473564971
27.68951,-24.09573,1018.0,1036.446127413098,978572.93,-0.9289599074982107,-114.23357067526605
27.69113,-24.12361,1055.0,1073.5890139585986,978567.72,3.4452167892595753,-115.53025226589246
27.6936,-24.0466,1020.0,1038.236538596772,978569.82,-0.18395811947993934,-115.51817600991433
27.69635,-24.99406,1076.6,1098.2229033339663,978621.06,4.9883429548935965,-117.04563413832531
27.70039,-24.90437,1099.0,1120.386652670902,978610.31,7.269160641473718,-113.51120448320053
27.7052,-24.02002,956.0,974.1675017627651,978581.32,-6.668551501235925,-115.09534304384218
27.70667,-24.66667,1076.2,1096.9558139980688,978607.5,13.561529834405519,-107.04326725825754
27.7079,-24.97186,1052.1,1073.6485782002487,978623.69,1.5703503333497792,-117.9155083129989
27.71167,-24.56667,1086.0,1106.4453431821005,978576.51,-7.66453540942166,-125.421552424996
27.71352,-24.19569,1153.0,1171.9824763870645,978555.69,16.915101054357365,-110.8506530050663
27.71674,-24.94308,1077.0,1098.4678399955635,978618.19,5.715699270251207,-114.84580056083918
27.71719,-24.91318,1089.3,1110.6942632747352,978614.13,7.491135474760085,-114.85450361337257
27.71883,-24.24251,1211.0,1230.143407161397,978546.0,22.007682606577873,-110.23243800537082
27.72534,-24.16304,1097.0,1115.8866675469224,978564.04,10.159519498236477,-108.14569617005968
27.73457,-24.92172,1111.6,1132.9996802345433,978610.0,9.654155835160054,-115.98911273762747
27.73627,-24.13393,1067.0,1085.7851387504438,978566.3,5.093351698014885,-114.6960453518126
27.74149,-24.94432,1115.2,1136.6464672424459,978607.8,7.019710827618837,-118.69467126983272
27.74223,-24.06337,994.0,1012.449376848683,978576.71,-2.3775104995584115,-114.5147016989906
27.745,-24.55167,1180.5,1200.8928827076647,978559.32,5.30958895070944,-120.08293469233688
27.7458,-24.90491,1112.9,1134.253225509181,978608.0,9.200294197886251,-113.61628775166713
27.74675,-24.7764,1158.2,1179.2584700433115,978591.44,15.370120416977443,-115.81418506534135
27.75999,-24.66499,1062.2,1083.0023544096514,978598.21,0.08127467567101121,-118.08824321542399
27.77333,-24.62666,968.0,988.6900396197886,978634.5,9.893461014260538,-72.13529664879857
27.77361,-24.78966,1182.7,1203.8107650276356,978585.13,15.724228024831973,-118.20388833432915
27.78203,-24.10037,970.0,988.7812721150041,978583.74,-5.13857147784438,-114.98962747414336
27.79977,-24.15491,1002.0,1021.0420460235056,978580.1,-2.4968781016068533,-113.59035814199989
27.8,-24.54668,1245.7,1266.0970659000723,978544.42,10.867124317912385,-120.67211122267406
27.80667,-24.59167,1134.8,1155.3798637879077,978569.41,-1.3733670661458746,-111.60193812559207
27.81,-24.69,1092.1,1112.9843508630095,978586.61,-3.9807889848016202,-123.09849579071245
27.81215,-24.07748,1034.0,1052.7878228529198,978569.79,2.2007262834813446,-109.76085130153359
27.8232,-24.79408,1269.7,1290.8289414228557,978563.88,21.017452412168495,-119.8688569828025
27.825,-24.98334,1165.2,1186.6494628831863,978591.61,3.5620741297025234,-127.66771874339955
27.82935,-24.12064,987.0,1006.010958534979,978581.52,-3.4063940786290914,-114.19644112585009
27.83824,-24.05637,1185.0,1203.7992855420966,978538.85,19.273094931151718,-111.1698104946588
27.83852,-24.14154,986.0,1005.1181872057186,978582.46,-4.149419132620096,-113.60934253049065
27.85001,-24.595,1191.5,1212.1178579405855,978555.92,2.4146297129336745,-126.66852507553139
27.855,-24.53999,1257.3,1277.7387002415085,978540.02,10.5151139840018,-128.0023352526006
27.86572,-24.18449,1015.0,1034.3608061224397,978578.87,-1.611811478738673,-115.33466689303121
27.87,-24.67833,1146.3,1167.1759171030074,978575.61,2.5387374530546367,-124.5879623144452
27.88406,-24.23813,1327.0,1346.6012708355054,978519.66,31.893100355518982,-114.52022033240269
27.88454,-24.06892,1241.0,1260.0155900345874,978528.57,25.49398274125997,-113.15107588839771
27.89333,-24.60834,1188.7,1209.3809957621693,978557.82,2.558713411912322,-126.51583346260935
27.89709,-24.09709,1212.0,1231.161287128055,978535.84,21.96733818296343,-112.12859965214344
27.9035,-24.20128,1100.0,1119.5422658354432,978561.96,6.6279528414597735,-117.21249895958411
27.90907,-24.9341,1090.4,1111.7383832149058,978599.81,-7.949985844199546,-131.95513087548363
27.91,-24.62334,1167.7,1188.4302417542324,978565.11,2.3594044423662126,-123.76751627939515
27.91333,-24.69,1166.5,1187.4218972654062,978569.51,1.8858834519051015,-130.0781319028719
27.92168,-24.52499,1242.0,1262.4608248833242,978540.82,7.624392431695014,-132.1101097101725
27.92168,-24.67833,1152.4,1173.290552222251,978575.11,3.9253059664042667,-125.76418722192406
27.92999,-24.645,1162.8,1183.5948408744866,978572.61,6.886060362798162,-122.33690283300484
27.93045,-24.06548,1380.0,1399.1408693843105,978501.15,41.227252440410666,-113.7040402642478
27.93346,-24.14059,1092.0,1111.4223738825149,978561.74,7.995018030633219,-112.53852586360803
27.93501,-24.03156,1333.0,1352.0291218717796,978508.74,36.56151782092638,-113.89958330196572
27.93559,-24.18011,1020.0,1039.571856017569,978577.52,-1.0584612711099908,-115.17916911365712
27.94667,-24.75,1266.4,1287.4782070919125,978552.22,11.351158282719553,-131.94805321192337
27.94833,-24.80833,1164.3,1185.477995561337,978578.81,2.4647394390776753,-125.38736174974976
27.94972,-24.22752,1123.0,1142.7581072040766,978557.54,7.599209457170218,-118.80080727856945
27.95168,-24.785,1221.9,1243.0408572643207,978565.11,8.127887710696086,-129.0218126639904
27.9628,-24.10138,1262.0,1281.3424215428447,978527.05,28.370793086709455,-113.34082721375398
27.965,-24.51334,1221.3,1241.7714243983587,978548.02,9.2353044829797,-127.27028076594982
27.96677,-24.24536,1087.0,1106.8589093040316,978565.27,3.047353412839584,-118.41745431228783
27.96999,-24.19731,1045.0,1064.7014792447724,978573.04,1.0549097376642749,-117.08806757153003
27.9808,-24.13535,1140.0,1159.4940642232773,978553.3,14.74010506994091,-113.42768452055293
27.99333,-24.82333,1138.4,1159.6110427738413,978589.61,4.252400659606792,-122.4934748756019
27.99606,-24.02612,1248.0,1267.1262887002415,978527.73,29.72277026984375,-110.94342784151675
28.00661,-24.17102,1107.8,1127.4503564694753,978560.94,10.089380818535574,-113.53090181701724
28.02139,-24.12148,1170.6,1190.076354651736,978547.53,19.339874081430025,-111.51792825941516
28.02444,-24.07071,1284.9,1304.1952221788363,978523.85,34.28398497158196,-106.41643675872376
28.05135,-24.14592,1152.6,1172.1612084930312,978553.46,18.096308862557635,-111.7829347816149
28.05272,-24.03645,1264.6,1283.774818073029,978528.13,34.565668217488565,-108.07554794567861
28.0555,-24.20508,1098.9,1118.6838167269564,978565.14,9.286587238195352,-114.353903392116
28.07298,-24.07083,1346.1,1365.3865752942743,978514.18,43.48424085753504,-106.7627965288417
28.09946,-24.22017,1157.8,1177.6196921470068,978555.78,17.09175044472795,-113.10557437764038
28.11674,-24.03642,1358.6,1377.74888976841,978511.37,46.7999704759568,-104.1291783582555
28.12811,-24.17767,1203.9,1223.565380362529,978546.91,25.265802716370672,-109.34647979961227
28.14722,-24.12962,1274.7,1294.190771740627,978532.33,35.71376308624167,-107.74774918030548
28.15511,-24.09825,1473.1,1492.4774712335568,978491.26,57.927646686905064,-107.78545507684584
28.16199,-24.22298,1173.9,1193.7267326550673,978554.55,20.641532906680368,-110.95925528379703
28.17104,-24.049,1520.3,1539.5101104868609,978479.68,64.16760196967516,-103.78550662160828
28.18391,-24.15935,1264.9,1284.5260929100104,978534.65,33.04891406930983,-108.23325488831833
28.20781,-24.23257,1244.3,1264.2046602053592,978542.38,29.568084791419096,-110.80409313447825
28.21831,-24.09334,1378.7,1398.1438881846111,978511.07,48.966365515603684,-106.1070355981276
28.21925,-24.01126,1233.0,1252.1570416554118,978536.71,35.08167018590029,-102.63898806829033
28.23163,-24.18613,1265.0,1284.79810304926,978537.2,33.87689435912762,-107.50665636689965
28.241,-24.04414,1270.9,1290.2295416874665,978530.6,38.51064163504634,-104.43241954383456
28.24783,-24.13724,1345.4,1365.0595512078623,978520.7,45.434488855767995,-106.04921779428224
28.2616,-24.09088,1326.7,1346.2429530096847,978522.5,44.55002158554271,-104.56092500220134
28.29385,-24.02519,1295.3,1314.6959488987204,978527.41,44.1413671184564,-102.19252018630954
28.32449,-24.06181,1220.0,1239.588098705459,978542.66,33.759447148418985,-100.06361878461936
28.34767,-24.117,1304.8,1324.5972573223248,978527.8,41.41439311101567,-106.26237009850263
28.35326,-24.03488,1196.3,1215.8317645017435,978547.15,32.72892837040126,-102.6412903415862
28.39175,-24.14668,1428.5,1448.4016840435427,978502.49,52.2997161205858,-102.54218166804279
28.41258,-24.03503,1284.9,1304.4458495313095,978527.47,40.378423912101425,-104.48732287679388
28.43951,-24.07312,1240.3,1259.9684145078638,978535.64,32.26709639164619,-101.32669943410963
28.47797,-24.09286,1245.8,1265.5155614559767,978533.49,30.50106328225229,-103.9875927041073
28.4801,-24.02097,1320.1,1339.5691194857764,978518.23,42.91834615170956,-105.35760896158067
28.52708,-24.04002,1299.9,1319.4147473573291,978519.77,36.96148925134912,-107.63231720426452
28.84206,-24.79675,1012.2,1031.7215473050376,978600.21,-22.779468939523213,-137.52401528788323
28.88451,-24.7999,1000.9,1020.3509433061784,978595.39,-31.32441905885935,-145.19421732753764
28.91771,-24.81252,991.1,1010.5270375165491,978600.9,-29.713253208436072,-142.20842238133764
28.9516,-24.82272,979.4,998.8066188017234,978602.6,-32.33114751952235,-143.67735417309663
28.98647,-24.828,967.4,986.7844131543549,978606.68,-32.32390133559238,-140.607097022618
28.01833,-24.24167,1202.7,1222.604348865423,978541.62,15.358442929340526,-114.45806569417906
28.02499,-24.26833,1155.8,1175.788774429788,978550.82,8.311925385147333,-119.8338065859513
28.07001,-24.49001,1194.5,1214.962535423295,978559.12,13.653371861670166,-120.319623122655
28.08833,-24.955,1104.6,1125.944454147527,978604.2,-0.6196429152041674,-126.34445790636507
28.09666,-24.98167,1105.2,1126.563957140602,978603.1,-3.370902384747751,-128.54578813150704
28.105,-24.42332,1194.5,1214.8477117120137,978558.52,17.554811236681417,-112.51062597815798
28.10834,-24.28833,1164.9,1184.936770252419,978555.12,14.081253934418783,-116.60112372748188
28.12666,-24.87167,1165.2,1186.4831750194348,978598.3,17.905827605398372,-112.11632413309135
28.12833,-24.39166,1236.9,1257.185539090956,978546.12,20.367671486805193,-113.87592011300694
28.13499,-24.95,1112.5,1133.8439799663283,978605.1,3.0629029816482216,-123.26320026190389
28.15167,-24.94167,1112.2,1133.5362788077778,978606.7,5.143032047199085,-120.5428659188931
28.16667,-24.45168,1254.5,1274.9251982843896,978549.72,25.361966281197965,-115.98745304297464
28.17667,-24.92999,1115.2,1136.5206015347555,978606.9,7.0699030118994415,-119.66376769374881
28.215,-24.89667,1141.8,1163.066376979034,978599.0,9.658260101336055,-119.74196546859443
28.255,-24.515,1456.6,1477.195200662288,978512.83,46.56200753594749,-114.21130830960112
28.25667,-24.89833,1117.1,1138.3206166462185,978604.1,7.008895207778551,-118.89103031127152
28.27333,-24.26833,1290.5,1310.6189326775384,978531.32,30.410409474512562,-115.21253143594811
28.29832,-24.88333,1123.8,1144.949357866113,978596.41,2.3979526119073853,-124.45403969601541
28.30167,-24.91499,1106.1,1127.266733861404,978617.0,15.349557784269564,-110.02315313059881
28.31,-24.95833,1100.0,1121.1951081981526,978617.6,11.08503958210349,-113.34408132512779
28.325,-24.28667,1417.9,1438.1174597322065,978506.23,43.413649702910334,-111.8179230577858
28.33501,-24.84833,1164.3,1185.3709827906403,978581.71,2.5798901655944064,-125.59355715746761
28.34332,-24.81332,1282.0,1303.0438529987418,978557.02,16.603252554661594,-126.98581329518683
28.35001,-24.90668,1129.3,1150.3750044430105,978602.3,8.352395139052533,-118.32118544367728
28.35001,-24.64833,1318.2,1339.0542787438117,978544.02,26.030597636010498,-118.42626220238043
28.35333,-24.75333,1182.6,1203.5934177042448,978573.61,6.632293033762835,-120.06204802316604
28.35667,-24.77834,1301.2,1322.2065532028112,978552.12,20.019348497735336,-124.08420593622165
28.37666,-24.72166,1213.1,1234.0202729625207,978568.11,12.692633806262165,-123.93986147070831
28.39333,-24.31667,1572.8,1593.118676488362,978475.94,58.90802103187889,-113.88275790133224
28.39999,-24.92833,1108.8,1129.7937324469265,978607.4,5.608956216950901,-118.42989965602919
28.40334,-24.69667,1155.8,1176.639476526476,978580.11,8.702148010605015,-120.45382459355633
28.41667,-24.68333,1204.2,1224.995984693024,978571.61,16.03547071106732,-119.5076638090348
28.44167,-24.74333,1140.9,1161.687492473053,978586.71,7.489329774398357,-120.41082342612863
28.44833,-24.66833,1193.3,1214.004769544208,978575.71,17.771634912351146,-115.22492630642242
28.46667,-24.29167,1530.7,1550.9589358420453,978483.34,54.99553766322788,-115.39667989774594
28.47667,-24.94501,1071.1,1091.9086903738594,978607.6,-7.031309177400544,-127.33784578636208
28.485,-24.66667,1157.3,1177.902760606686,978582.31,13.34674844017718,-111.56712107206768
28.485,-24.8,1142.7,1163.3874745270127,978587.81,5.221764185698703,-122.47679866275126
28.50069,-24.12732,1307.2,1327.0156218803697,978520.32,33.98564685834572,-108.655166175452
28.52293,-24.06659,1398.1,1417.7133042633122,978498.79,44.522284961654805,-110.53043193288335
28.52333,-24.29832,1495.6,1515.8451625994207,978490.04,50.41337770677637,-115.16853282201615
28.52499,-24.675,1164.9,1185.3840686651731,978580.11,12.884595097973943,-108.82561975726205
28.54167,-24.95833,1043.9,1064.5275512251994,978607.6,-16.39933183020912,-133.54509666472518
28.54668,-24.16087,1440.0,1459.904720590796,978497.76,50.16197973396629,-106.39584473358178
28.55232,-24.09326,1415.0,1434.6992418831906,978498.69,47.86910794896539,-109.87455732847386
28.55333,-24.32333,1355.4,1375.68148209953,978514.53,29.9696821665857,-100.19534962123728
28.56667,-24.66667,1148.8,1169.1372902426697,978582.61,10.942312633269466,-117.45850950918575
28.57845,-24.06088,1293.5,1313.0978468944784,978523.14,36.981278355116956,-108.26276496977047
28.58,-24.83333,1114.6,1134.9578293883535,978585.91,-7.741952889598906,-134.05292338267174
28.59,-24.38333,1225.3,1245.6367892000815,978546.42,17.6700999555178,-118.02339624307032
28.59167,-24.645,1165.5,1185.7532217905484,978573.41,8.351988620124757,-121.9934520375794
28.59807,-24.03281,1090.7,1110.1881161732992,978566.19,19.31282859435305,-103.2551924704803
28.60043,-24.12321,1376.8,1396.6009407917652,978511.71,47.12007562152576,-107.2753395804692
28.60167,-24.60834,1212.5,1232.7224835715388,978557.92,9.860176784335636,-127.15579377186322
28.62833,-24.58667,1154.3,1174.45709939349,978563.01,-1.545862250495702,-131.53546939058256
28.63367,-24.09125,1302.7,1322.413440567363,978529.79,44.463422623695806,-102.0300036692995
28.64,-24.93333,1036.6,1056.8493797921462,978600.7,-23.942535278270952,-140.69186335629968
28.645,-24.42,1256.4,1276.703748545106,978538.22,16.564487448194996,-121.11920980914303
28.655,-24.44,1185.0,1205.2823894236833,978546.32,1.2697734127286822,-131.31702057378254
28.66,-24.56332,1124.1,1144.2126057355154,978567.21,-5.0831579472869635,-131.28562908203747
28.66875,-24.0444,1076.4,1095.930534743498,978582.05,29.995401348918676,-91.27108390940838
28.68167,-24.46667,1144.5,1164.7299019716518,978558.22,-1.1561341771157458,-128.27325789837948
28.7,-24.53168,1103.1,1123.2039014904938,978572.51,-4.106778449495323,-128.80210225120635
28.7,-24.84167,1057.3,1077.2279014449985,978598.21,-13.827951171668246,-132.93052981509277
28.70168,-24.31168,1188.1,1208.3537163971578,978558.12,22.72527033276856,-108.67314278469382
28.71001,-24.28333,1254.5,1274.717733396841,978548.92,35.919462181976996,-102.34199337988122
28.71001,-24.13167,1076.8,1096.6280258656477,978596.5,38.79111519828439,-80.21412177278624
28.71461,-24.07654,1058.1,1077.7301690376758,978595.91,36.079936192021705,-78.0985664744553
28.72501,-24.23833,1235.3,1255.4575117759045,978560.62,44.72019999322947,-92.897868494959
28.72998,-24.14536,1118.7,1138.5576894890546,978590.0,44.30606067820918,-80.429329863853
28.73746,-24.09438,1092.7,1112.3763795463708,978593.57,43.23017829703167,-77.65345508998082
28.73833,-24.20833,1147.6,1167.68303538545,978581.71,40.75540650100447,-87.53986111686842
28.74333,-24.36166,1189.3,1209.5701766195732,978554.82,16.41298249096144,-117.20818975591766
28.745,-24.93668,1037.8,1057.750005980739,978594.11,-30.485842390800826,-148.30255397873174
28.745,-24.47667,1097.0,1117.1443565657357,978575.31,0.5712821916677058,-123.84111725875941
28.74667,-24.55167,1076.8,1096.809682222501,978583.31,-2.8139428658178076,-124.76077908205626
28.75833,-24.84833,1034.2,1053.9794192244904,978597.71,-21.959615063853562,-139.32725720887726
28.75977,-24.06055,1119.2,1138.7141108577048,978590.02,50.08105483115651,-61.73025520966752
28.76326,-24.43433,1098.8,1118.9911673469805,978575.52,4.231330625596456,-120.58136686390365
28.76349,-24.01541,1067.9,1087.1982844238428,978598.49,45.68729444302153,-74.35865626910844
28.76573,-24.19902,1130.3,1150.359389785202,978594.37,48.698838268755935,-79.39898362479619
28.77663,-24.38379,1132.7,1152.929659243033,978565.79,8.405873350799084,-119.48821079532752
28.78015,-24.47252,1083.9,1103.9966339976538,978582.35,3.837115960777737,-118.91685330285831
28.78833,-24.57832,1076.5,1096.3913891952295,978584.01,-4.0619522402994335,-125.70186105832066
28.79379,-24.18024,1158.1,1178.0797223527018,978595.62,59.76869053626433,-69.52356536024669
28.79738,-24.13232,1295.3,1315.0677858601582,978565.3,74.94283496437129,-69.80864317007664
28.79749,-24.08754,1153.5,1173.072950321255,978592.83,61.67761907924432,-59.38694684910355
28.8047,-24.34103,1327.5,1347.712573041196,978537.17,42.78152304969262,-101.02525261485408
28.80676,-24.20624,1142.4,1162.4697357713217,978600.92,58.49800368992146,-67.35219746158825
28.80927,-24.01477,994.8,1014.0295973914559,978612.61,37.27371462818701,-74.89330277579741
28.8114,-24.3123,1387.0,1407.2228625910982,978532.96,58.87748254102189,-97.23630828545453
28.81616,-24.24059,1155.5,1175.656659389048,978597.0,56.32658164028544,-72.52380523917509
28.82198,-24.03876,1007.3,1026.6168172366072,978616.74,43.677235791808926,-70.28103958368753
28.825,-24.605,1057.7,1077.4251963496845,978585.31,-10.436357931117527,-129.64282472654205
28.82722,-24.28647,1204.0,1224.1965385083438,978581.57,52.76997012854554,-83.40923601733004
28.82993,-24.40759,1097.3,1117.3952394087166,978584.84,14.876019040704705,-108.91713586895875
28.83076,-24.3651,1158.7,1178.8479993521603,978570.18,22.060867128660902,-108.3133404306868
28.84032,-24.45779,1068.8,1088.789588292193,978591.24,9.037374130217358,-111.58060002614316
28.84332,-24.795,1001.9,1021.4168920681251,978600.6,-25.448731236392632,-138.72771934989038
28.84833,-24.63,1036.0,1055.5816399707094,978592.31,-11.885197688709013,-129.51738155315442
28.85333,-24.72333,1029.6,1049.0456555004962,978593.31,-19.29344232857693,-136.39178136503517
28.85481,-24.17636,1460.7,1480.5789068516158,978554.38,112.11534703010693,-45.53378029639535
28.85873,-24.06079,1014.8,1034.1482292903854,978620.9,48.6812277038116,-63.22541461614
28.8644,-24.32425,1186.9,1206.9756142387853,978590.29,53.61859181895852,-67.19321966522833
28.86661,-24.26366,1263.3,1283.3654797766008,978591.56,82.55808918003459,-58.67943537403207
28.87572,-24.01022,1057.2,1076.277414700739,978578.73,22.90589827671647,-96.4160797688472
28.87834,-24.38564,1077.7,1097.6602355298485,978594.34,19.777385782683268,-101.14605531753219
28.87973,-24.43309,1063.8,1083.6811313999963,978604.09,21.990902149351314,-98.49005543325416
28.88095,-24.21387,1441.1,1461.0384845868173,978567.46,116.63594082708005,-38.2284725075248
28.89233,-24.08742,1030.3,1049.699187819603,978639.37,70.159303019871,-44.75328335269411
28.89702,-24.04182,1052.7,1071.8771582074496,978595.67,36.36702226207126,-82.81563991798117
28.89833,-24.71001,1006.4,1025.7197802011824,978594.81,-24.07739961927291,-138.3086577791808
28.89861,-24.12489,1105.6,1125.1577755230803,978639.54,91.09040523844305,-22.313395060010848
28.90102,-24.17616,1550.7,1570.4664586330775,978552.26,137.73776438413188,-33.13666705378702
28.90141,-24.36134,1099.6,1119.5150115243525,978601.4,35.22943237621803,-88.79438899296078
28.90508,-24.46939,1068.8,1088.501646192276,978598.01,14.929233546368778,-106.46010581019044
28.91037,-24.30731,1146.4,1166.3153127020676,978619.96,71.89098422275856,-47.22829206204062
28.91531,-24.27771,1266.2,1286.0956333549434,978602.84,93.7300288064871,-49.01057149709334
28.92123,-24.24704,1403.1,1422.959620564629,978582.61,117.79784071340691,-36.58082601324105
28.93146,-24.49374,1082.5,1102.0441929688864,978591.81,11.249969345983118,-111.47120081197599
28.93227,-24.22745,1522.0,1541.803115685765,978563.18,136.35368398868013,-29.414841671312587
28.93341,-24.09261,1055.7,1075.0340238836743,978634.99,73.24734263040591,-46.11678430844991
28.94305,-24.38756,1059.6,1079.3036764664055,978602.41,22.05319276859518,-97.96059739104099
28.94366,-24.4272,1064.5,1084.126679681654,978599.22,17.658737485995516,-102.75613212884376
28.95,-24.68333,990.3,1009.4852100019775,978598.1,-23.968428843771107,-136.37901363051168
28.95132,-24.04062,1159.9,1178.9622725130544,978567.41,41.22802408132702,-87.05042761928559
28.95332,-24.82001,978.1,997.4972642185953,978602.9,-32.24876356171444,-143.29955886068382
28.95692,-24.18745,1044.1,1063.747411995841,978667.75,96.13584577559959,-16.144632295157407
28.95692,-24.35342,1072.7,1092.4256980231626,978625.65,51.65832301101182,-69.86183842228206
28.96535,-24.13214,1081.1,1100.5443535592062,978643.73,87.1978316064924,-34.35495426390841
28.96808,-24.32858,1083.0,1102.7299450715993,978640.4,71.27149794611614,-51.65153140295733
28.97321,-24.3757,1066.8,1086.4397826147488,978613.6,36.24998658627737,-82.98853669561231
28.97667,-24.60667,1007.0,1026.1745870272034,978591.11,-20.56390296795871,-134.80150707465293
28.97751,-24.27432,1060.0,1079.7315984383386,978653.29,80.73909479915164,-38.353009207657664
28.98692,-24.44376,1078.4,1097.8667409809295,978593.53,15.082359098945744,-107.08082680496081
28.98926,-24.25143,1073.1,1092.7933761942782,978644.93,77.95719475555234,-42.52942466011645
28.99796,-24.17538,1102.7,1122.231931762038,978634.68,81.92525163397659,-41.983670047322576
29.00183,-24.22362,1087.1,1106.738739959653,978632.71,71.91913361148909,-51.06834007799864
29.00253,-24.10008,1161.9,1181.1644334587584,978578.51,49.01057193148881,-81.77819490104233
29.01625,-24.84737,955.5,974.9253738227934,978609.17,-34.82604755915236,-143.38492129315193
29.03,-24.42667,1046.1,1065.5850201666817,978595.71,8.463756875135005,-110.23042054128655
29.03143,-24.12979,1196.3,1215.677777879348,978584.83,63.97915866877884,-71.28830869361599
29.0434,-24.05573,1297.5,1316.577395932923,978507.4,22.660830217646435,-115.5133489314137
29.04582,-24.85524,947.2,966.6394680812275,978612.08,-35.014540121657774,-142.2808956459759
29.05525,-24.16228,1193.1,1212.5970728506645,978574.68,50.689505798742175,-81.69801510451185
29.05646,-24.09496,1217.3,1236.5458634077206,978539.1,27.03192203177605,-106.06738814069541
29.05943,-24.19345,1194.1,1213.6773681817683,978577.04,51.28050147462636,-80.24792021355623
29.06,-24.48,1004.0,1023.3918562639698,978591.51,-12.382638392504305,-125.92604318586572
29.06667,-24.52333,993.0,1012.2708064811637,978586.21,-24.065814131172374,-136.72353343414426
29.08167,-24.59332,968.0,987.1543942763199,978595.41,-27.39173611300066,-137.25575698099527
29.08624,-24.86584,937.6,957.0663358042754,978616.59,-34.188370005460456,-140.53054827867618
29.08667,-24.87,943.0,962.4811195351153,978616.7,-32.69409166800324,-140.02668998186385
29.08771,-24.02185,1385.2,1404.1385423054212,978486.07,30.61945412470959,-122.70890746824989
29.09366,-24.20245,1282.1,1301.7208163164187,978551.45,52.24656223447528,-79.58132738479185
29.10167,-24.71001,914.1,933.2305706084518,978617.0,-30.42594329128042,-131.82836527101907
29.11166,-24.375,1080.8,1100.4281203063658,978580.31,7.323536298237741,-114.49327826858845
29.11333,-24.68333,940.0,959.1098935330323,978612.1,-25.51224892004393,-132.2398889418628
29.12247,-24.09805,1352.0,1371.2915173353217,978505.41,34.705397614394315,-117.59973495691915
29.12334,-24.55667,959.5,978.7432296707431,978593.21,-29.684880877146497,-138.43194430087462
29.12453,-24.06277,1361.3,1380.4468272516401,978497.13,31.622181248036213,-120.60330029782247
29.12505,-24.14848,1309.9,1329.367983195016,978532.58,45.5459782256512,-99.56999881632498
29.13353,-24.87892,918.7,938.2134680575268,978624.93,-32.566704950644635,-136.74066962974672
29.13499,-24.37,1088.1,1107.7409067021035,978576.11,5.719124139752239,-116.74622405352103
29.13853,-24.02255,1350.2,1369.15465030398,978496.28,29.98974171327427,-121.35746268831932
29.14166,-24.325,1157.0,1176.7081901749984,978557.52,11.4593014678685,-116.90244462672288
29.145,-24.76167,920.2,939.39818978864,978627.3,-21.766934123123065,-126.4903954795534
29.15079,-24.18979,1359.9,1379.4799827461009,978525.44,51.080515344510786,-100.67451131086702
29.15668,-24.40833,1016.5,1036.046497648905,978596.41,1.2957266359589994,-112.93448266488699
29.17332,-24.74667,912.9,932.06729147372,978626.7,-23.59937247389462,-127.584192390245
29.17332,-24.90167,911.0,930.6131301947272,978630.2,-31.209867481840774,-134.76006961044862
29.17368,-24.89845,907.4,927.0001271036907,978630.85,-31.452731142868288,-134.18569604483264
29.17833,-24.83833,932.7,952.0844198876514,978625.7,-24.721734403050505,-130.91060871055504
29.17854,-24.03873,1417.8,1436.777831260845,978489.65,43.13543026300613,-115.38152951174828
29.17999,-24.44167,970.8,990.2123032277663,978601.5,-10.022619108087383,-119.98043717346437
29.18336,-24.08798,1555.2,1574.3721469320183,978472.78,65.40170324395876,-107.58538841110814
29.19148,-24.13628,1430.5,1449.827530686721,978510.74,61.69024607143365,-87.1933809093585
29.19167,-24.99333,889.1,909.1108862569843,978662.09,-12.282766372780316,-112.34481381401704
29.20667,-24.73,903.4,922.5136306715706,978626.8,-25.303604824701324,-127.9603859836768
29.20833,-24.47501,942.1,961.3288869705557,978598.5,-24.20312965067569,-131.04301339747568
29.20999,-24.22963,1634.9,1654.40695124204,978456.01,63.77174715034198,-115.02263899475804
29.21484,-24.92857,866.2,885.9690419489959,978655.06,-21.981026655528694,-119.97068028263294
29.22,-24.93668,857.4,877.2164730661117,978663.79,-16.511487252661027,-112.96767463283106
29.22333,-24.295,1182.0,1201.4420426451459,978537.82,1.4222028865478933,-130.05342461471102
29.22482,-24.1897,1702.2,1721.5617973690555,978447.61,78.78230375121348,-101.81356778931152
29.22501,-24.87666,990.9,1010.4384693477189,978618.6,-16.455213754205033,-128.25955775890827
29.22833,-24.31833,1129.6,1148.9973066298198,978551.62,-2.5386393271619454,-129.55976864765447
29.23,-24.94667,873.9,893.782107388304,978665.89,-9.989344532950781,-109.49730248061564
29.23167,-24.33333,1107.3,1126.6734367603126,978560.22,-1.8427884207339957,-126.96569198789302
29.23238,-24.09567,1468.4,1487.4079314440628,978511.85,77.12731991440523,-85.03776615413764
29.23773,-24.05322,1396.6,1415.4434653582164,978506.3,52.230491018039174,-100.19138161692564
29.24742,-24.95706,890.8,910.767357515054,978668.66,-2.6955890933750197,-103.48858636503238
29.25333,-24.71001,881.5,900.5209512000674,978631.8,-25.719146513962187,-124.46037475637203
29.25333,-24.3,1182.3,1201.5585222366074,978535.52,-1.1803458244539797,-132.9850535501614
29.255,-24.40833,996.4,1015.5264715249773,978595.31,-6.135846794350073,-116.12750814167677
29.25999,-24.96333,893.4,913.4268545212658,978672.08,1.1120212328387424,-100.43449162891432
29.26334,-24.46167,945.8,964.8068522935255,978597.21,-23.512139157159254,-129.9302364471676
29.27,-24.92332,855.6,875.4227940792484,978659.89,-20.043107092846185,-117.42110267766657
29.27333,-24.99834,914.7,934.9464326313641,978670.28,3.5328705169958994,-100.12741097402505
29.27773,-24.11958,1372.9,1391.7673529763315,978532.56,66.72329782927409,-86.47037468133794
29.28168,-24.35834,1055.5,1074.5350536024462,978579.01,-0.8354622025508434,-120.54896404342949
29.28667,-24.53667,905.9,924.7340988217009,978613.3,-24.89596155961044,-127.29350758335896
29.28833,-24.33667,1045.8,1064.808685177748,978573.31,-8.067284056684002,-125.62933135826955
29.28999,-24.3,1095.4,1114.4225500775183,978553.02,-10.565039486275055,-128.81014502820608
29.28999,-24.285,1113.1,1132.125507627302,978545.72,-11.387632419471629,-128.45429899572213
29.29314,-24.97578,909.3,929.4791287467323,978675.86,8.985155681846663,-93.17058053329791
29.29362,-24.18449,1279.7,1298.6293076900577,978524.78,25.83471565064974,-117.11443609406061
29.29381,-24.02737,1339.0,1357.5101710199392,978518.24,48.03377160499804,-99.30217736239919
29.2942,-24.15446,1314.5,1333.3622182085987,978532.9,46.69524906540755,-97.0392927064278
29.29449,-24.21869,1203.3,1222.2723766487316,978531.29,6.478465818450786,-127.26861133408781
29.29668,-24.69333,870.5,889.4573853501349,978636.19,-23.599916687933728,-122.49154904903729
29.3,-24.94833,878.4,898.4447794501951,978678.38,3.824820836773142,-96.13589514053753
29.3,-24.32333,1046.7,1065.634715265796,978568.21,-12.008434913353994,-129.7111315420056
29.30333,-24.92,840.0,859.8960274468258,978681.08,-3.415262025548145,-97.70776297787306
29.30499,-24.97166,902.5,922.6931932430368,978676.98,8.295895429560915,-93.81442716840664
29.31029,-24.06726,1419.0,1437.5305832369647,978519.44,71.24087141221389,-87.94652859410917
29.31667,-24.88167,873.9,893.639828822065,978662.29,-9.150225646211766,-108.63272712788874
29.325,-24.315,1034.8,1053.5635532897863,978568.01,-15.368720551021397,-132.3693619009892
29.3317,-24.10352,1328.8,1347.308186518642,978533.42,54.94827008538414,-94.63402620847847
29.33333,-24.67833,889.7,908.6142713637093,978635.19,-17.661103869322687,-118.10303241992551
29.33333,-24.54668,885.7,904.3894100416976,978625.9,-19.256466893362813,-119.60306948617068
29.33501,-24.35167,976.6,995.2919785731137,978595.01,-8.833957824390382,-116.5104529219435
29.34023,-24.1516,1249.9,1268.456775684076,978532.44,26.403542606392875,-113.30197272268563
29.34193,-24.9976,859.6,880.0870925995318,978667.63,-15.993887526914477,-112.60272082514805
29.34235,-24.03458,1450.9,1469.1966608185191,978495.61,59.375181983574294,-98.79486776457725
29.34332,-24.26334,1110.7,1129.34601316325,978543.42,-13.079965139157139,-133.88368429499957
29.345,-24.23666,1108.2,1126.8240449099758,978542.82,-12.65459963050671,-137.20255930962935
29.3459,-24.23586,1103.1,1121.7174659823622,978542.65,-14.346141466754489,-137.73253058315862
29.35059,-24.06927,1381.7,1400.0355829009713,978517.64,57.73853018484078,-98.16093621863152
29.35333,-24.86501,828.7,848.5119710020466,978671.78,-12.437938307761215,-106.13808724187278
29.36833,-24.38834,955.2,973.7334538469953,978614.5,1.5159348028246313,-105.10725978301102
29.37,-24.655,866.8,885.6781231516142,978643.89,-14.441361135686748,-113.12391795665603
29.37125,-24.18024,1208.6,1227.0045332807076,978519.34,-1.416465301415883,-137.56595183774382
29.38,-24.55667,858.6,877.2343823719636,978640.89,-13.327380076050758,-110.41261361589275
29.38339,-24.10141,1354.9,1373.1307355659549,978506.38,36.01673903642222,-116.47489291732353
29.38716,-24.12569,1318.9,1337.1378528092337,978513.58,30.47824937698897,-117.06047609725454
29.38855,-24.05894,1383.9,1402.0742673421853,978498.56,39.98172994842753,-115.72778107863147
29.39229,-24.20476,1215.3,1233.601860007586,978517.14,-3.235554139362648,-138.63077246014143
29.39326,-24.98495,874.4,895.1309506914324,978667.47,-10.637314949301071,-107.61801676457301
29.39667,-24.84167,823.3,843.2392698773062,978663.99,-20.248142153257504,-111.55451292208669
29.40167,-24.44,914.4,932.8714598811595,978624.3,-4.802442503045313,-107.5280288899526
29.40833,-24.62334,872.9,891.7187886833043,978647.99,-6.311656167847104,-101.94773737862634
29.41,-24.94833,865.0,885.6345007053434,978670.68,-7.828073632786982,-99.85133482878626
29.41032,-24.01743,1383.0,1401.0500110665087,978495.71,39.60327616962604,-114.16440121789475
29.425,-24.91333,914.7,935.2201332936689,978659.49,-1.302330469712615,-103.224507526349
29.42816,-24.1723,1251.8,1269.8858541719821,978506.45,-0.5410123687470332,-136.4201562734721
29.42999,-24.505,878.7,897.2386671532022,978641.89,-2.631629921728745,-102.03645054347595
29.42999,-24.875,854.0,874.3318619995711,978666.69,-10.248617131379433,-106.8438173168794
29.43668,-24.59,832.1,850.8331736078302,978660.39,-4.2496299863560125,-97.8587449088476
29.44,-24.535,854.4,872.9911576649799,978651.29,-2.7585821109823883,-99.36273716900618
29.44048,-24.1432,1386.2,1404.2331980934814,978478.6,15.018250478664413,-132.8355777302296
29.44501,-24.94501,862.3,883.1237332732178,978663.39,-15.663630329072475,-93.41894396605348
29.455,-24.74834,829.7,849.3646942485411,978656.69,-19.243807956692763,-113.55462707081695
29.45557,-24.20248,1196.5,1214.498442522482,978521.81,-4.30559602973517,-135.9257025324554
29.45667,-24.56667,873.5,892.1745061743587,978653.19,2.9003239918965846,-95.13271573916224
29.45955,-24.03734,1426.9,1444.8647082717146,978476.09,32.16355624177959,-128.19612547245046
29.46025,-24.07021,1413.2,1431.1948239984831,978476.6,26.248006305191666,-132.55943682036244
29.46584,-24.10286,1364.2,1382.1876797156197,978482.24,14.573297542985529,-137.50569664916173
29.46667,-24.68333,798.0,817.2740769518716,978666.69,-14.689121919916943,-105.03967593667572
29.47,-24.96167,1063.4,1084.3972777446866,978633.19,15.090709719457664,-103.17740202621484
29.47166,-24.80167,875.1,895.1860681358687,978655.29,-10.16738635650836,-107.06367870403479
29.47501,-24.53999,834.5,853.1067414312823,978662.09,1.565218256204389,-92.79737190459326
29.5013,-24.00266,1378.5,1396.3279327749208,978477.53,20.957471471396275,-134.2193314219735
29.50166,-24.995,1227.1,1248.3379717887806,978604.0,34.17850833258126,-103.28530481792069
29.50893,-24.05959,1458.3,1476.1783525065605,978458.01,22.249001237913035,-138.16508279947496
29.51833,-24.23666,1098.5,1116.3839350606024,978547.22,-11.475821403902955,-131.64432833615663
29.52255,-24.14111,1347.2,1365.059846389983,978485.4,9.873873406322673,-139.20685704646885
29.53168,-24.60333,809.5,828.407804099788,978670.28,-2.1903579442296177,-93.29417476956395
29.53999,-24.25333,1036.9,1054.787926184348,978571.81,-7.017821211484261,-114.15122607714792
29.54167,-24.52834,795.2,813.79126543257,978665.09,-6.7724815112305805,-96.45079274944472
29.54333,-24.76167,998.2,1018.1445803090292,978634.3,9.53109875251539,-101.61606563287617
29.545,-24.49001,819.0,837.4616180694185,978658.89,-3.0565312328981236,-94.1792376734232
29.547,-24.0031,1415.7,1433.4101147491917,978467.56,22.397872173576616,-137.14146088968948
29.54758,-24.10727,1311.2,1329.0154249311258,978490.68,6.312374271568842,-135.23745406002897
29.55,-24.27,1022.6,1040.505128636795,978577.81,-6.552076394786127,-117.34109578055916
29.55333,-24.46667,830.9,849.2849287130825,978654.09,-2.619269509217702,-96.29928018501506
29.55499,-24.57333,823.3,842.0759349473872,978659.69,-6.513614813215099,-97.79816398698289
29.55917,-24.02582,1452.3,1470.0108901163267,978459.48,24.084484898252413,-137.68173049386976
29.56168,-24.29167,993.0,1010.9424460751588,978590.21,-4.740058068651706,-115.92023541564464
29.56332,-24.33667,938.2,956.2456280159203,978627.8,12.924667748389766,-92.77169375072232
29.56667,-24.31168,963.8,981.7875273402669,978601.0,-4.300893385661766,-112.78788919788859
29.57333,-24.63,898.2,917.3136398539401,978646.99,0.13079441525042057,-98.93471394473781
29.575,-24.39999,875.1,893.3004263503577,978651.69,13.095766557962634,-84.04197477668842
29.58,-24.36333,907.7,925.8158064377543,978638.79,12.717291601351462,-90.36413966804987
29.58315,-24.05051,1516.7,1534.3923336067269,978447.29,30.097411692608148,-136.53847173326935
29.59694,-24.0817,1393.2,1410.899279181195,978474.45,17.064314571907744,-139.64186980064005
29.60167,-24.52499,828.4,847.0034946616901,978655.19,-6.195358712458983,-99.64907088977496
29.60333,-24.70833,1033.9,1053.4844111719924,978629.4,19.194599335780367,-94.20980329597428
29.61333,-24.79832,1183.5,1203.6750596373195,978612.0,41.95719581190497,-90.03653054373441
29.62389,-24.01724,1415.3,1432.8249089392177,978468.63,22.338624127442017,-135.51395530917696
29.63586,-24.05135,1307.8,1325.3613011545579,978490.85,9.115068299230188,-136.415806606048
29.645,-24.56168,924.1,942.8784172187084,978652.39,18.08663149678614,-85.31994961986808
29.66667,-24.47833,783.6,802.0421718129242,978684.78,12.698770457180217,-76.16029587732132
29.66905,-24.09706,1152.1,1169.675145801398,978526.33,-6.511101704090834,-131.39286811437947
29.67999,-24.815,1381.3,1401.5458186645672,978581.51,71.36617792455945,-80.23469700656213
29.68417,-24.17168,1473.0,1490.7353950403992,978479.27,40.45414561324287,-124.08095550196174
29.6875,-24.12833,1800.0,1817.6056216392624,978388.47,53.403911823173985,-114.21246750866516
29.69333,-24.73666,1261.9,1281.6541516461941,978600.3,58.54976011021063,-81.9267437438157
29.69833,-24.58,964.4,983.2900380312535,978657.29,34.205596279585734,-73.88583061988304
29.70291,-24.02895,1197.2,1214.5322009252882,978512.99,-1.4338924923213199,-134.6129496876543
29.74023,-24.09047,1031.4,1048.7316124393076,978552.05,-17.664384609321132,-121.66398329084105
29.74167,-24.64,1048.5,1067.775120310246,978647.99,46.873115501366556,-68.0832103026425
29.74277,-24.05475,1141.4,1158.6445163525977,978530.67,-2.729898846242577,-128.2526036777333
29.74333,-24.68333,1093.0,1112.5293219241562,978641.19,50.915740485303104,-68.03221464428343
29.74834,-24.86667,1561.8,1582.534181835694,978555.22,97.35239518992603,-77.1703972018035
29.75,-24.72667,1212.8,1232.5940966498006,978619.8,63.59902683075052,-71.61760862599778
29.755,-24.41333,776.3,794.398400773719,978662.49,-7.529734508949332,-94.55228788979372
29.77,-24.33167,763.8,781.6222743306746,978661.19,-7.231574272271246,-93.47312379171107
29.78,-24.715,1164.9,1184.6724755204818,978632.39,62.204164643073454,-62.91922996309741
29.78082,-24.10667,1749.0,1766.2165334994343,978410.51,61.051349192275666,-104.93936001122734
29.80499,-24.25999,743.4,760.9043329000197,978663.99,-5.97288429539185,-88.70777211882454
29.80833,-24.72,1239.6,1259.4288886280856,978621.4,73.93558469647542,-60.918763150524455
29.81833,-24.43333,904.0,921.9967508423155,978648.58,16.575415550847538,-79.83450851536968
29.82001,-24.81,1383.5,1403.9673920738066,978597.21,88.15705365408212,-62.94400824635758
29.82167,-24.23,762.0,779.3541804130238,978637.49,-24.752505021635443,-109.27885089355784
29.83667,-24.14751,1729.0,1746.083200089276,978424.59,66.17091259581503,-103.75785071998595
29.85001,-24.74167,1380.7,1400.6431727597208,978598.71,93.3250857910607,-59.957801202542555
29.85333,-24.10333,1701.0,1717.9095799661998,978430.05,65.91566367878113,-111.72178653206515
29.85417,-24.3875,1143.0,1160.6906438926899,978590.93,35.6885851129191,-68.61180559433816
29.87333,-24.34167,1518.0,1535.4506008511225,978516.72,80.2045424671378,-51.86130737725475
29.875,-24.75999,1404.2,1424.2100861532808,978597.71,98.33797322958708,-55.82270890433389
29.87583,-24.47197,907.0,925.0090092641681,978649.39,15.68664915068075,-80.73620502732298
29.8775,-24.19333,814.0,831.0159433462029,978621.65,-22.174474330618978,-105.80172116205281
29.91333,-24.21667,747.1,764.0041348024683,978639.89,-26.189132600091398,-107.7560925149049
29.92167,-24.44667,980.0,997.6994610237438,978633.79,24.237610350130126,-84.6617720214327
29.92667,-24.765,1284.1,1303.9138243276188,978618.2,81.37201837776229,-61.04310235163575
29.92999,-24.51167,1075.3,1093.3289673104086,978587.81,3.3394660549238324,-116.82626654308766
29.94833,-24.30583,1122.0,1139.0006241106948,978601.21,44.81358468264807,-70.33632601905452
29.95833,-24.55499,1043.0,1061.172963744996,978582.31,-15.036074677598663,-117.42089106484018
29.965,-24.41417,1625.0,1642.3556373637496,978501.2,92.74160970328376,-64.72037697389672
29.97333,-24.79167,1284.4,1304.1294079620513,978604.5,65.90645906853024,-77.78587272557908
29.98334,-24.87167,1016.5,1036.7928940124616,978661.49,34.910288596642204,-74.76099661243977
29.995,-24.17833,821.7,838.0990321662142,978622.7,-17.926824211957864,-98.215472191481
30.00999,-24.55667,1040.0,1057.8870272237853,978616.2,17.725416240631603,-87.76011156956213
30.03,-24.31168,865.6,882.1872477961292,978621.6,-14.434550569741987,-105.37197027447307
30.03,-24.015,1084.0,1099.7970079268266,978533.29,-15.597879308159463,-120.33545859186071
30.0325,-24.62117,1554.0,1572.1368155135642,978526.09,81.86245541053358,-81.95581341660906
30.03333,-24.74249,1357.0,1375.9385343238764,978574.52,61.45740484294947,-72.96822273041246
30.04832,-24.175,917.4,933.4771904068101,978602.7,-8.270691200974397,-93.18786618270282
30.05499,-24.27499,786.1,802.4112065054823,978635.19,-22.978673077421263,-109.23189295879135
30.06,-24.45168,794.6,811.5729665966234,978672.18,4.853229349828325,-83.09123370600025
30.06,-24.47833,848.9,865.9980140680306,978665.29,12.944471988361329,-82.31093465009278
30.06168,-24.355,755.3,771.8517015572129,978644.59,-28.428252517594956,-108.69410835185025
30.0625,-24.07417,1430.0,1445.7281311638483,978468.95,22.815288303303532,-118.66212423414521
30.06416,-24.56,995.0,1012.5345987447098,978630.64,17.94452596770134,-88.37569625690033
30.07167,-24.806,1384.0,1403.1260618673812,978566.69,57.652526151854545,-86.53980550369982
30.075,-24.42,766.9,783.638802393109,978663.59,-10.203223769553006,-92.92276548856397
30.07832,-24.39166,758.3,774.8944526631317,978652.39,-22.17677820834797,-106.87438053570986
30.08501,-24.23666,686.7,702.7084836909748,978650.99,-35.35517693636939,-102.76720534999873
30.09332,-24.64,1540.0,1557.7965318885533,978519.68,69.74100660497788,-69.05977732597762
30.09332,-24.72833,1184.0,1202.4020619966275,978591.69,26.060136860003695,-84.72372947092552
30.09833,-24.35834,707.1,723.4215503523214,978648.39,-39.80014013743494,-111.28611672956279
30.10001,-24.17999,719.6,735.3489771770716,978637.19,-35.25661393569317,-108.79181923060291
30.11,-24.11917,777.0,792.5057043572216,978603.23,-47.479992654174566,-124.36692013271613
30.11166,-24.46832,852.2,868.899159592477,978647.09,-3.6789984916104004,-94.22585080903661
30.11667,-24.34167,702.9,719.0341582605085,978648.29,-40.12379507708829,-117.70482976853455
30.12666,-24.07668,1084.0,1099.2605354063742,978547.04,-6.156311539933085,-117.22582076346042
30.15334,-24.67084,1241.0,1258.5669604866862,978579.54,35.178269721684046,-82.28073715859827
30.15833,-24.52333,1000.6,1017.233771252806,978599.4,-9.344457845203578,-119.12599271660008
30.16,-24.80833,867.0,885.5106596448569,978652.09,-16.810808239271864,-112.45027310311087
30.16167,-24.59167,900.4,917.3959485129035,978620.6,-23.614070146228187,-114.46036687248014
30.17084,-24.1925,1625.0,1640.2509582505336,978443.25,49.15206383122131,-95.48000958564305
30.1875,-24.92332,1423.0,1442.27426426928,978554.2,49.15956861304585,-101.55924567526489
30.1925,-24.855,1689.0,1707.6571132473186,978473.14,54.671885269810446,-106.32258876628109
30.20583,-24.09833,1281.0,1295.6825651995957,978509.07,15.020218969439156,-123.43811094093661
30.21083,-24.1525,1345.0,1359.8035472914485,978502.0,24.084778910852037,-120.83905578783393
30.21918,-24.01167,628.0,642.3355254601552,978652.16,-37.66815553372726,-103.20952362586551
30.23833,-24.9025,1755.0,1773.7848989467611,978470.54,69.19610280834604,-113.05508054805406
30.24167,-24.05333,1222.0,1236.2665448894843,978518.6,9.244457113789394,-101.80775630082556
30.24667,-24.63667,765.0,781.6999203595689,978638.89,-50.27308213035576,-134.45583262512844
30.30667,-24.35583,615.0,629.7889636341279,978635.77,-81.14556798012927,-142.12187455834876
30.32333,-24.47083,1378.0,1393.279271006096,978489.31,0.16251738485880196,-128.44960919606223
30.33333,-24.68167,745.5,762.0363063568218,978649.29,-49.021162785822526,-129.35089699665014
30.33833,-24.4225,1113.0,1127.900157610243,978547.83,-19.905791826895438,-131.00613094546048
30.355,-24.875,1694.0,1712.0120366675576,978469.91,51.407699987641536,-103.19525342937692
30.36,-24.32916,1005.0,1019.3176031851863,978533.33,-61.57477901189122,-166.07334511490643
30.39999,-24.65167,962.2,978.2218427827347,978599.51,-30.037441271240823,-135.58754493847604
30.40582,-24.29584,1003.0,1016.9168157696383,978558.36,-35.02887769299559,-136.91923549620293
30.41167,-24.855,1175.0,1192.6700266227838,978572.85,-4.487325939233415,-134.67033731897422
30.42,-24.785,1325.0,1342.0455167346254,978535.39,8.952302262885496,-120.25644925397273
30.43832,-24.62334,1491.0,1506.6643280484657,978489.8,25.227127516409382,-98.45043263607327
30.44167,-24.71249,1387.0,1403.3708590998933,978522.83,20.288011582335457,-124.86128999383601
30.45667,-24.39333,1365.0,1379.0801024919042,978493.05,4.790401077712886,-124.45823806227679
30.45667,-24.83333,1302.0,1319.3738889344,978546.19,9.434850471210666,-133.294596629085
30.4575,-24.26083,605.0,618.5148684433949,978646.29,-67.67184740502853,-134.72365676409578
30.46001,-24.89333,1476.0,1493.8624802021761,978518.59,31.532092720270157,-129.61668097655524
30.46417,-24.43832,569.0,583.2902183633998,978655.2,-81.66706672601867,-126.70069119523126
30.48418,-24.34084,975.0,988.7002341155668,978568.84,-36.30366214259993,-125.36936270050138
30.49667,-24.685,1225.3,1241.299652640643,978549.92,-0.7388493904145434,-134.9038312971845
30.50751,-24.47,1202.0,1216.2994820466186,978528.47,-15.221908432547934,-108.86495314528227
30.50833,-24.58,1714.0,1729.0923559507012,978443.69,50.69074112433009,-97.03668510646136
30.50999,-24.86833,1517.0,1534.534643626952,978502.62,29.831359431147575,-122.92142508238086
30.535,-24.91833,1328.9,1346.7364011822506,978547.92,13.750442460528575,-135.2552476297834
30.54832,-24.81332,1166.2,1183.1982079773225,978580.51,3.1182433150243014,-123.95450185466802
30.55333,-24.755,1115.9,1132.3903398948735,978575.31,-13.7508533783257,-136.9644327235594
30.55333,-24.53416,1615.0,1629.5892549349871,978458.77,38.2061317974003,-116.06070154076824
30.575,-24.85333,1220.4,1237.6404203320433,978562.82,-0.5278240843908861,-134.14654487304898
30.575,-24.47333,1307.0,1321.0862814939949,978505.81,-5.7797061337623745,-107.42429238208297
30.58501,-24.16667,1185.0,1197.63651628035,978523.28,-5.622259043506347,-65.16996355320892
30.61501,-24.90167,1283.2,1300.6407424715344,978557.02,9.778419498237781,-128.92509344140993
30.66499,-24.89667,1511.2,1528.3928204642461,978509.63,32.99386068794411,-121.77472898604336
30.67667,-24.00999,487.4,499.37061907340654,978678.88,-54.9578637923114,-106.84895997252806
30.69501,-24.87167,1754.4,1771.2891337939943,978459.84,59.851083197048865,-133.4463352226987
30.72667,-24.04333,576.7,588.629018846962,978662.79,-45.73814292170573,-109.90574906309466
30.75,-24.895,1237.5,1254.223389881966,978563.51,2.4077291762223467,-127.15578454117494
30.76833,-24.04668,585.2,597.0660105837358,978661.59,-44.559308553813025,-110.53999989834301
30.83,-24.15833,450.8,462.75068633973353,978702.07,-53.04524428700097,-102.86329425044362
30.83,-24.98666,1228.6,1245.242888227704,978571.71,1.5101382937282324,-122.3620092690323
30.83333,-24.19167,430.7,442.70845458946104,978706.07,-57.47940638801083,-103.24460774471476
30.83667,-24.40833,546.8,559.6618053474652,978686.58,-55.541302825906314,-113.84068859801687
30.83833,-24.08167,483.1,494.92488982289376,978687.98,-52.04430399474222,-104.87450271905342
30.84332,-24.93167,1440.2,1456.491363413496,978528.62,27.389270232408307,-130.00306613198566
30.845,-24.11667,460.6,472.4660254741029,978697.98,-51.3306100028567,-102.15742069275316
30.88499,-24.37334,493.2,505.7909639010929,978706.17,-50.20191567251459,-105.91204116012383
30.895,-24.25999,502.3,514.4314216585047,978691.28,-54.74763128813356,-110.79877655826107
30.90833,-24.50833,764.4,777.7789949184895,978646.89,-34.7216791594401,-113.58343786941101
30.91167,-24.955,971.4,987.2862027504227,978625.9,-21.702391743310727,-128.11830258311187
30.93167,-24.10001,457.8,469.52311525906913,978698.38,-50.71775308041833,-102.37639344995634
30.95667,-24.345,541.0,553.412578742306,978701.68,-38.072464482393116,-99.55462108522434
30.96667,-24.515,641.9,655.1349232760625,978678.68,-41.234151541139,-112.64376620637051
30.97833,-24.98666,943.0,958.5019925741426,978635.49,-23.18130189005751,-124.05455452305259
31.02,-24.72667,696.8,710.9734866289172,978680.18,-36.973173365113325,-109.80915991534697
31.02167,-24.43668,553.5,566.247043769312,978700.28,-41.73545386455953,-104.33934175830316
31.03168,-24.53,606.5,619.6462998528938,978690.58,-41.30878768081311,-108.73181466163588
31.03667,-24.66499,671.5,685.3135690972757,978682.28,-38.56549780827481,-111.49869825603719
31.04333,-24.04333,417.9,429.44735649045197,978715.67,-41.9868449595524,-87.83377091128233
31.05833,-24.90668,854.0,868.6617068117707,978652.39,-28.481730933999643,-119.08403137086844
31.06833,-24.595,698.9,712.2782013294864,978674.18,-33.557878114283085,-110.01386820545457
31.07001,-24.83,848.2,862.5280110296454,978651.89,-25.593048812705092,-111.08463763979037
31.08,-24.78667,570.9,585.0193637460313,978709.67,-50.47244638064876,-114.40604195515368
31.08833,-24.495,554.7,567.6110952160701,978706.07,-39.49283269606531,-100.4389494616297
31.12167,-24.95833,713.2,727.6968135295363,978690.78,-37.15567744337022,-114.05692815616591
31.12334,-24.02499,371.6,383.1205281046446,978730.67,-40.054191868170165,-81.68245131862611
31.13499,-24.61501,593.4,606.730409990207,978704.37,-37.30810572311748,-103.53201064274765
31.14667,-24.56332,569.1,582.2143388060557,978704.48,-41.233751022140495,-105.68119475339876
31.15167,-24.80167,579.1,592.9462494366825,978716.87,-41.856909880880266,-106.62987829116953
31.18167,-24.67667,531.0,544.4276612983529,978722.07,-43.054570782464,-99.70125527164473
31.21667,-24.76334,525.5,539.0749423560446,978729.27,-43.449488607700914,-100.15339204166753
31.22667,-24.52333,492.6,505.5401815649215,978729.37,-37.27978974068537,-93.33203597679908
31.285,-24.98833,386.8,400.8317769500895,978777.45,-53.43525575613603,-96.77361783240718
31.31332,-24.51666,470.9,483.8760470254861,978740.76,-32.12143689801451,-85.54631262122224
31.38667,-24.48,449.6,462.56346095706414,978744.16,-32.80229300586507,-84.23926052194574
31.47,-24.46667,432.2,445.2393279380348,978757.16,-24.241954557131976,-72.81099147494017
31.575,-24.41167,371.9,385.0783858266085,978774.35,-21.88093515136279,-63.15118496634607
31.595,-24.99667,291.7,305.93958013761613,978816.74,-44.010245604789816,-77.29432023663145
31.64667,-24.38499,382.8,396.13446687972373,978778.45,-12.556843698606826,-54.68482955158181
31.66333,-24.925,299.3,313.6254450582288,978820.64,-32.788331709452905,-65.89250968320735
31.66833,-24.00833,207.9,220.99610393237936,978857.23,37.581887381500565,14.29369315606072
31.715,-24.38499,302.7,316.234523030674,978796.35,-19.318213637685403,-53.70113219324042
31.73666,-24.04832,190.8,204.15384277761305,978869.23,41.69872918270994,20.011830789103723
31.75667,-24.87334,339.9,354.45498827404555,978829.14,-8.124937847489491,-40.96505556141706
31.77,-24.55,311.8,325.74773961603495,978815.14,-8.820227389223874,-44.44490207996523
31.77,-24.39166,269.1,282.8127758237257,978823.44,-2.9969865470193326,-33.364200722634465
31.77834,-24.61333,275.8,289.8997222115982,978828.74,-10.609409646946006,-40.257361010262514
31.80833,-24.7,288.3,302.71956145072846,978849.23,7.906055052764714,-25.132124333759627
31.845,-24.245,253.9,267.72397683382127,978850.43,29.269698354881257,-0.28262176990153165
31.845,-24.14333,263.9,277.567121121352,978852.83,41.56816282426007,13.665478198785724
31.86166,-24.78833,247.2,262.0412196282257,978884.52,24.57918749912642,-3.8611640270891954
31.97833,-24.46001,180.4,194.7068780720523,978909.72,51.4423421084648,30.37781905218277
26.68555,-23.95667,876.3,893.770706725047,978575.44,-33.10940088145435,-132.54039228748792
26.74306,-23.81888,925.8,943.1993875324272,978559.3,-24.78822320920881,-127.82482473551809
26.76416,-23.93611,896.8,914.1723389473202,978575.73,-25.1473247326212,-126.31117678075539
26.77083,-23.58749,901.7,919.1198678978349,978562.73,-13.415397597593255,-115.18510838761985
26.78638,-23.75388,936.3,953.664070980385,978555.92,-20.609078917535953,-126.7513046247842
26.8336,-23.68611,908.3,925.606961881624,978563.97,-16.71175814489834,-119.94292381179591
26.86137,-23.92805,892.5,909.7838105769849,978571.63,-30.062092565232888,-131.32596083722547
26.88361,-23.61583,899.3,916.5217714178553,978562.28,-16.54380093619693,-118.75759141281269
26.895,-23.9525,857.2,874.4655435194769,978575.52,-38.707289221929386,-134.4199126124825
26.92444,-23.97995,865.0,882.26741315789,978573.49,-40.168887272593565,-138.4029801113142
26.94328,-23.92581,886.0,903.2265565886937,978565.33,-38.23561358079314,-138.77197356277836
26.94833,-23.90685,856.0,873.216030643193,978572.58,-38.97794117254671,-134.70320575135204
26.96031,-23.84718,855.0,872.1841161150645,978570.0,-37.889893907587975,-134.0024428333264
26.96033,-23.79678,850.0,867.1625062703645,978572.2,-33.87821456952952,-129.64795223354687
26.97256,-23.70193,840.0,857.111548739747,978579.67,-23.19877292762976,-117.83723504232832
26.97845,-23.96814,899.0,916.2367599683251,978562.84,-39.5452950054314,-141.25588237390366
26.98279,-23.87921,881.0,898.1921367541561,978566.64,-35.36330075387377,-135.49851526325645
26.98831,-23.83173,879.0,896.1641195374891,978566.28,-33.17919183860067,-133.08867136315266
26.99527,-23.62389,852.3,869.3540607427536,978582.7,-11.21284612105228,-107.3069114781414
26.99763,-23.76704,841.2,858.3251410954655,978572.69,-34.134408712154254,-128.13304705069635
27.005,-23.4742,857.9,874.8007695014883,978573.5,-8.83649826864712,-105.66110585153673
27.00838,-23.83141,883.0,900.1602151626583,978565.84,-32.364738164586015,-132.73336401612363
27.00926,-23.72298,844.3,861.3938514853965,978578.94,-24.006259155110456,-118.21512358383063
27.01019,-23.33099,914.6,931.3095602379601,978556.0,0.522929202648811,-102.34487428136137
27.0188,-23.8045,862.6,879.7423906429651,978570.19,-32.52080458542332,-130.7205090150585
27.03317,-23.69019,841.2,858.2532631296119,978578.26,-23.47665541502647,-117.27760199841775
27.03619,-23.96674,915.0,932.2631002006292,978558.93,-38.41619655769318,-142.3657569826815
27.03999,-23.4295,871.1,887.88723891791,978573.0,-2.352615709300153,-99.90337313403185
27.04488,-23.84586,871.7,888.8759428676562,978569.33,-33.321026122313924,-132.38638420379354
27.06741,-23.98868,914.0,931.313122974875,978560.19,-38.919810889987275,-142.20042651178437
27.06934,-23.8848,868.7,885.918052288761,978568.91,-37.25433690287173,-134.74299517343553
27.07236,-23.67044,832.1,849.1107147682391,978586.51,-16.73672629101202,-110.43638012094877
27.0788,-23.3833,872.4,889.0735193598748,978563.0,-8.946610978804529,-107.44681367764089
27.09557,-23.92551,889.7,906.9728844260958,978565.5,-36.88951268349774,-137.51745649799915
27.09599,-23.70348,862.0,879.0602961660392,978579.95,-16.248745727236383,-113.99429552407837
27.09793,-23.77908,886.0,903.1400949231822,978571.08,-22.71709983155597,-122.95318257290448
27.1008,-23.282,903.8,920.324983949764,978543.0,-12.653729518526234,-113.29048943994319
27.1017,-23.63687,838.2,855.151219125629,978583.99,-15.165955715696327,-109.36856035878692
27.10742,-23.86842,885.4,902.6274028150273,978570.54,-29.373884793720208,-130.13202995638392
27.11252,-23.80305,898.0,915.1683817204655,978566.48,-25.20247981895227,-126.06509062731159
27.11276,-23.5914,838.2,855.0839933427175,978579.96,-16.204446439398453,-111.30958043559187
27.11398,-23.73645,884.0,901.1073409019241,978575.37,-16.217128986259922,-116.78307895248184
27.11401,-23.95404,887.0,904.3209343928854,978565.7,-39.41770062863361,-140.10566180206223
27.1178,-23.19501,936.3,952.7285627697554,978530.1,-9.862547707278281,-114.4858056650818
27.13158,-23.8311,908.2,925.4074487062967,978566.99,-23.403379362192936,-126.55006376680006
27.13556,-23.6971,872.0,889.0522017737123,978579.54,-13.15160372061655,-112.42405778630805
27.1418,-23.4127,861.9,878.552886090625,978571.3,-5.827063439879566,-103.05972200201344
27.14201,-23.96809,876.3,893.6645207174397,978570.24,-39.107193459407426,-137.59863773809258
27.14209,-23.84076,920.4,937.6254827400935,978567.39,-19.87775802030228,-124.086136996555
27.14354,-23.9153,896.9,914.2030589475374,978568.33,-31.145398895605467,-133.1617460254673
27.14375,-23.88055,904.6,921.866838388476,978574.91,-19.877396602882072,-122.38112837008833
27.15068,-23.60191,836.7,853.5794121351131,978581.67,-15.654600324574858,-110.38839146447856
27.1517,-23.7953,915.0,932.1884340868558,978566.75,-19.16404639382381,-121.97737323222428
27.15248,-23.8503,919.3,936.5438124483858,978573.17,-15.068251077784225,-119.0686572779109
27.16029,-23.65109,863.0,879.9672254557782,978581.49,-10.951099443249404,-108.3753592986139
27.16943,-23.55591,830.6,847.3988157020069,978581.33,-14.8579625999555,-108.587339949299
27.17664,-23.90059,930.4,947.7178181962072,978565.32,-22.829939734656364,-128.29389104576643
27.17879,-23.75883,916.0,933.1545844177274,978570.67,-12.517154666944407,-116.21821994256545
27.19058,-23.81483,944.6,961.8334751936882,978562.21,-15.858247161959298,-122.60559939846812
27.19344,-23.84019,944.9,962.1652592925577,978562.39,-17.267480254289694,-123.86537308925531
27.19446,-23.7914,929.6,946.8057722529845,978565.78,-15.363686340511777,-119.99400138889872
27.20518,-23.94991,909.3,926.7103653469386,978564.39,-33.54231634910684,-136.66247988112198
27.2058,-23.28281,887.5,903.9374983482056,978547.9,-12.863638506270945,-112.97510093577418
27.2058,-23.2352,868.5,884.8875974241834,978555.2,-8.3245859578019,-101.65717847593142
27.21181,-23.98833,884.0,901.4704311447719,978571.14,-37.155026809778064,-135.52298242670992
27.21336,-23.75819,935.7,952.8604211843799,978566.58,-10.483897912316024,-116.68507083017592
27.21516,-23.71072,914.0,931.0709862286609,978573.29,-7.340498485369608,-110.69174658152177
27.21989,-23.55614,833.0,849.7886842033707,978581.75,-13.715689794742502,-107.86455288481127
27.22156,-23.68288,885.0,902.0286983111196,978579.28,-8.462982757366262,-108.66757367264398
27.22244,-23.59744,845.8,862.6668349949007,978584.71,-9.51437439629808,-105.30015981455855
27.2271,-23.61662,855.0,871.9061758055946,978585.45,-7.1935948577011,-103.87288560412122
27.24068,-23.91141,934.1,951.5029257623113,978561.14,-26.565511552849784,-132.85538894106904
27.24374,-23.73241,935.7,952.8033129067957,978572.06,-3.3064148033736274,-109.72356312687263
27.2572,-23.1235,935.8,952.0412541264067,978537.0,1.492313843802549,-104.81837225651151
27.26521,-23.81448,954.0,971.2818877352281,978564.73,-10.399434399558231,-118.24725683489879
27.26881,-23.85049,954.0,971.3451824814222,978561.07,-16.442294937791303,-124.2964696798922
27.26987,-23.58919,858.0,874.8586214240362,978581.71,-8.206023145699874,-105.49651869376842
27.27203,-23.925,939.1,956.56511415428,978560.24,-26.812602872261778,-133.4615734994478
27.27318,-23.69939,911.3,928.3400686511695,978580.66,-0.060396245564334095,-103.69722029476513
27.276,-23.15669,938.7,954.9594944526526,978537.9,1.1281191809102893,-104.14217863506714
27.2811,-23.50555,835.1,851.801598730872,978578.18,-13.322153884801082,-107.82165259924989
27.28403,-23.54745,847.0,863.7786976618368,978577.21,-13.364055506652221,-109.41612610024386
27.28571,-23.245,893.5,909.8565951696853,978546.4,-10.060925845173188,-110.53265222447402
27.28764,-23.74188,912.5,929.6211703584804,978588.93,5.780367446714081,-94.57774308234102
27.28979,-23.19971,913.0,929.3040822160671,978540.4,-7.097882120637223,-110.22905225788288
27.29932,-23.66792,896.1,913.088505350195,978584.35,1.0128470142371953,-100.45171711740286
27.30103,-23.99223,944.0,961.5678371502896,978562.79,-27.222148588160053,-134.16873060610146
27.30617,-23.62398,880.9,897.8193213097095,978581.12,-4.014973748475313,-103.09012929526793
27.30994,-23.78084,958.6,975.817434561551,978577.57,6.081867236993276,-102.89426898221703
27.31294,-23.95573,977.0,994.5555342001103,978553.64,-23.747242353507318,-133.96236266140895
27.31895,-23.85852,975.0,992.410457103059,978559.11,-12.438375650439411,-122.08019983748044
27.32248,-23.46051,821.4,838.021442892436,978580.1,-12.683477378683165,-105.49829896759772
27.32727,-23.9044,968.4,985.9116217036429,978557.29,-19.329331533401273,-129.23859287883323
27.3298,-23.51086,845.0,861.713949506992,978577.21,-11.583908514352515,-107.51771939681294
27.3336,-23.75421,939.0,956.1678494750981,978582.3,6.5215510475682095,-100.10848889527671
27.33388,-23.70406,920.0,937.0584012074556,978580.63,2.289596371934749,-101.99241637247803
27.3343,-23.58165,865.6,882.4468743466258,978576.99,-10.085387037717737,-108.5162809252288
27.33557,-23.80124,969.3,986.5877718773637,978573.58,4.056048621656373,-105.97240845328521
27.3432,-23.0957,903.2,919.3352208916192,978546.2,2.4112984468229115,-99.12577848438436
27.3448,-23.54301,855.0,871.7748910812408,978575.89,-11.92308108578436,-108.75859175532133
27.35178,-23.40263,818.0,834.5128900467269,978578.44,-11.614565085852519,-104.82749203478004
27.35872,-23.84299,993.6,1011.0274985225905,978562.15,-2.617171077989042,-114.63736129902188
27.366,-23.45496,825.0,841.597914250623,978580.3,-11.014018506510183,-103.79911224049242
27.37428,-23.62675,884.0,900.9303430452815,978574.5,-9.858550762291998,-110.16927554640982
27.37489,-23.66763,901.0,918.0070713307337,978575.1,-6.7001562408404425,-108.93155881647296
27.37706,-23.92854,991.0,1008.6530702516643,978556.71,-14.506970066344365,-126.05939799200503
27.37833,-23.47406,838.0,854.6292728150786,978578.75,-9.801877276040614,-104.38330684205148
27.38103,-23.77232,953.0,970.2696154738367,978575.93,3.2973857945762575,-103.46134959243831
27.38268,-23.99582,964.0,981.7805254244248,978560.96,-23.055935576092452,-132.38023506358604
27.3847,-23.1732,880.0,896.2075519004718,978552.7,-3.2790949104819447,-103.16402738151486
27.38673,-23.9689,975.0,992.7625974890186,978559.87,-18.95274051045999,-129.25239863014218
27.39085,-23.56293,871.7,888.5146054510562,978568.61,-15.354535375954583,-114.42083041855611
27.39156,-23.87007,994.5,1012.0342279659291,978562.07,-4.194555792841129,-115.89849859305188
27.39442,-23.43173,824.0,840.5391914103391,978584.49,-5.620354232960381,-98.62323091870756
27.39999,-23.0242,906.0,922.0024858849291,978542.7,4.385114473407157,-98.24592987818131
27.4025,-23.10201,885.2,901.2917283291065,978553.0,3.2324634802062064,-97.1917998424692
27.40488,-23.69994,919.0,936.1060178425524,978573.43,-4.9305675502400845,-109.28133395524009
27.4097,-23.14999,948.3,964.457822151533,978530.3,-3.1037829719716683,-101.31702406311352
27.4097,-23.1788,863.1,879.3011898435253,978556.7,-4.861782602034509,-102.61803051707302
27.41409,-23.83762,957.8,975.2802386342925,978575.54,0.10086575068999082,-108.26049861065408
27.41631,-23.65263,899.0,915.9994439345519,978572.72,-8.704470488592051,-110.9193506652627
27.42549,-23.5042,847.0,863.6777466507442,978577.08,-10.66823234129697,-105.229664200278
27.42577,-23.89172,1039.0,1056.633521372222,978556.87,2.9202874359907582,-114.65985100859633
27.42725,-23.80493,941.5,958.9126559865111,978579.14,0.8304762040497735,-105.87033717727144
27.43007,-23.73398,950.0,967.2236184030761,978571.41,0.3888383806915954,-107.55087254539028
27.43539,-23.42067,812.0,828.4950438348785,978582.94,-10.158833980443887,-101.80070924682583
27.43645,-23.54361,905.2,921.9706679731758,978564.91,-7.453352742246352,-109.8860675948577
27.4375,-23.3793,814.6,831.0212295113839,978577.9,-11.697737409733236,-103.36283383940318
27.44514,-23.96584,1039.0,1056.878391403767,978556.61,-2.2242442006245255,-119.5664129228776
27.44618,-23.87634,1030.0,1047.6146515130904,978563.72,8.015233412268572,-105.63199518676896
27.44853,-23.76918,940.0,957.3397804859462,978575.21,-1.2032830797834322,-107.3580198884907
27.45247,-23.62061,902.0,918.9468953626598,978568.88,-9.512170487665571,-111.83238722661878
27.46379,-23.71129,924.0,941.1953843687971,978569.53,-8.014263896038756,-112.82009551172878
27.46606,-23.58696,931.0,947.8714980604065,978559.59,-7.648314687656239,-113.30578921924432
27.4673,-23.01781,894.5,910.4298184815833,978544.8,3.329121226328425,-98.25885229161419
27.4753,-23.67398,906.0,923.1060150295198,978571.54,-9.108191152452491,-111.06720334753174
27.47868,-23.98839,984.0,1001.999928292613,978568.8,-8.478765817242675,-118.1830719718066
27.48567,-23.90663,1076.0,1093.7363673464022,978561.02,17.521591153228655,-103.54391725641356
27.48845,-23.51633,907.0,923.6981219279983,978565.28,-4.748008495080285,-107.75048336532637
27.49028,-23.93852,1052.0,1069.8451760987282,978564.42,11.416298813535832,-106.93432953000841
27.49605,-23.56046,947.0,963.8115732865588,978555.89,-4.6764131808886304,-112.10282008839498
27.5,-23.18971,843.8,859.9671676061313,978566.55,-1.690587847144343,-96.8804697420542
27.50006,-23.80637,930.0,947.4543320684616,978579.66,-2.281203026883304,-105.85383379247976
27.50154,-23.45616,834.8,851.3456964234817,978576.87,-11.515063817147166,-104.23697213535581
27.5097,-23.64546,911.3,928.3433041330139,978567.65,-9.489930310402997,-112.78364371594117
27.51047,-23.60635,920.5,937.4360072744641,978562.82,-8.92223271750845,-112.48455635591104
27.51051,-23.76938,901.5,918.8626379356626,978581.79,-6.509575368952937,-108.93154028928325
27.51195,-23.83989,947.0,964.5457693323309,978579.67,0.767088417080231,-105.50521816494992
27.51254,-23.707,918.0,935.2079910753976,978574.16,-4.946733524790034,-108.97486207940119
27.51285,-23.96999,1040.0,1057.97066349896,978563.22,4.444719369173981,-109.59150397653192
27.51849,-23.40723,808.4,824.8316653240817,978580.95,-12.394756020978093,-103.3248693752687
27.5215,-23.2758,827.3,843.5441685395418,978578.8,-0.14074842107947916,-93.84533591387896
27.52679,-23.09399,858.5,874.5192339880995,978558.3,0.7932523261988536,-95.49138568660817
27.5293,-23.245,838.2,854.4079084384925,978569.8,-3.7714623605133966,-97.84826358968638
27.53169,-23.0262,894.5,910.4073578090066,978544.6,2.5771566121838987,-89.37260706397166
27.53375,-23.50565,907.4,924.065501495783,978569.59,0.38050942146219313,-102.75941028791709
27.53981,-23.57164,914.4,931.2414254999666,978563.87,-7.4861409368459135,-110.66398278333705
27.54012,-23.74251,889.6,906.8964896165337,978582.28,-7.923814787878655,-108.70487968911235
27.54742,-23.91794,1160.0,1177.7839487902124,978540.93,22.607387550524436,-104.85267963111616
27.54942,-23.66998,896.1,913.212428923414,978571.05,-12.385624879272655,-114.22900400543413
27.5519,-23.86308,943.0,960.607652207939,978579.5,-2.166136487503536,-103.85251504742448
27.55336,-23.44173,866.0,882.4987535693731,978570.12,-7.700905203819275,-105.60804772621599
27.55711,-23.35793,806.7,823.0321405123609,978576.26,-14.398713150294498,-105.9589506491424
27.56044,-23.65105,900.7,917.7603369412226,978568.92,-11.856302542961203,-114.3376979899785
27.56049,-23.70848,899.0,916.2084439826816,978576.72,-8.347849418525584,-109.7947819993478
27.56129,-23.28101,810.0,826.2208706317733,978576.6,-8.027912067598663,-99.64331255170777
27.56209,-23.53203,885.4,902.1341224097932,978571.61,-6.1092150579206645,-106.46790002377435
27.56334,-23.78716,918.0,935.4011973937784,978578.59,-5.790336154284887,-109.78821792089346
27.56506,-23.41525,832.0,848.4415923090015,978575.08,-11.506788077531382,-105.67296054061507
27.57072,-23.61662,877.8,894.7642143596494,978573.54,-12.050038337591104,-109.69514180349299
27.57338,-23.31029,801.6,817.8500997212541,978577.45,-11.680634206044488,-102.50649873462481
27.57533,-23.94513,1080.0,1097.8766426849743,978557.54,12.74288638215512,-109.41156363639026
27.5947,-23.81488,906.0,923.4658814304814,978580.27,-9.640718429000117,-110.86013799667812
27.5985,-23.21271,795.4,811.5263673652684,978576.9,-7.792081763967872,-96.80705948178306
27.60027,-23.60136,866.0,882.9204928253918,978576.16,-12.074012198136188,-110.35538562375108
27.6037,-23.05431,899.4,915.3708385314941,978550.7,8.381571552949026,-92.51667437111944
27.60435,-23.36488,805.3,821.6431508416052,978576.85,-14.693970755208284,-105.33180127577323
27.60646,-23.39236,829.0,845.3973192826855,978576.98,-9.040193957975134,-103.47365751702962
27.6077,-23.48424,841.2,857.80281496532,978578.59,-9.654005442745984,-103.96109224057861
27.61031,-23.98943,1049.0,1067.0174716061974,978563.31,6.023120573023334,-112.38703759099681
27.61198,-23.32161,815.1,831.3639693370505,978573.21,-12.493001361726783,-103.92475726685649
27.61314,-23.44038,856.0,872.5016759551937,978572.14,-8.676901281578466,-106.03104766573709
27.61337,-23.26768,804.7,820.8786156583907,978579.32,-6.083200680674054,-97.40186872270796
27.616,-23.68849,864.0,881.1483335053515,978581.16,-13.39874138624873,-109.40091265033017
27.61777,-23.7397,883.2,900.4775725556202,978581.45,-10.547628054977395,-108.90402886149239
27.62518,-23.58746,854.0,870.8818563811465,978578.19,-12.83867226424627,-109.93734322872443
27.62534,-23.89362,1001.0,1018.6858088394239,978565.8,0.014251760323531926,-112.95359074690332
27.62912,-23.54768,850.0,866.7737694475089,978578.76,-10.905028120614588,-107.31852732307551
27.63206,-23.92471,975.0,992.7931615873647,978574.5,-1.3544548457721248,-110.818580992561
27.63385,-23.77657,888.0,905.370348443519,978582.33,-10.611734594567679,-110.83519200718845
27.64397,-23.50261,822.0,838.6571785312163,978583.69,-11.674283102038316,-103.04706062240726
27.64539,-23.95757,1009.0,1026.8885866749754,978569.72,2.1862229740945622,-109.37586864074756
27.64584,-23.62999,850.0,866.995811041566,978584.58,-10.464837487903424,-106.40126512343079
27.65256,-23.86481,884.0,901.6077702250706,978583.0,-16.987419492797926,-103.43296855122514
27.65276,-23.41988,835.0,851.4668092315982,978576.29,-9.668008464155719,-104.11120424367198
27.65285,-23.35599,815.9,832.2328844133907,978577.32,-10.372007684316486,-102.54093211055964
27.65347,-23.4534,829.0,845.5425558152194,978581.87,-8.123942609876394,-102.45082173770221
27.66295,-23.22726,800.0,816.1131971641029,978576.89,-7.338107048301026,-98.2678873550209
27.66431,-23.1998,797.7,813.7796415458417,978578.3,-4.852878850884736,-95.5821357842038
27.67744,-23.65762,843.0,860.0789073280325,978586.2,-12.811448194086552,-108.07278597101109
27.67798,-23.82816,854.0,871.5246852424991,978590.79,-16.034271861310117,-111.84006097189534
27.68083,-23.69283,853.4,870.5752926516104,978587.27,-10.839612807612866,-107.77760581274967
27.68332,-23.9886,1047.0,1065.0110581203771,978563.36,5.509686237084679,-110.60994162837758
27.68501,-23.59085,843.0,859.9002925418757,978581.4,-13.24180050555151,-107.61556290982
27.68994,-23.78549,860.0,877.4251986192203,978588.36,-13.799130033818074,-110.36365549561118
27.69041,-23.45427,804.7,821.256266504035,978590.48,-7.06576302042231,-96.76877390041756
27.6935,-23.36662,795.6,811.965722994352,978587.54,-7.104685728205368,-97.00010449098953
27.69637,-23.32516,806.5,822.7804692131581,978577.98,-10.60473946959246,-102.33692912763324
27.7027,-23.40991,804.7,821.1630274699273,978587.53,-7.123218888766132,-98.5663960503056
27.70367,-23.62155,837.0,853.9952239876961,978587.4,-11.097277842345648,-105.6860323706947
27.70462,-23.73677,844.0,861.3149639280653,978588.43,-15.457569102291018,-110.88430412734905
27.70531,-23.13,823.0,839.0100861935146,978572.6,1.789187987567857,-91.23419526822087
27.70602,-23.23172,795.0,811.1151037328267,978578.1,-7.962237062631175,-97.5974361589442
27.70763,-23.48819,807.7,824.3431993165804,978590.93,-7.8998254362959415,-98.36144367353486
27.71352,-23.55614,807.7,824.5119297185025,978590.9,-12.365794160519727,-103.25593055174429
27.71371,-23.26601,786.1,802.2727850149782,978581.44,-9.595457704504952,-97.95819746876704
27.71715,-23.51994,804.0,820.7245929905463,978592.08,-9.962313931435347,-100.66955669597108
27.7187,-23.57487,826.0,842.8674475610087,978589.38,-9.46034076588694,-102.80543611662085
27.72681,-23.1967,799.0,815.064709551828,978577.6,-4.953739186516032,-95.87879906470035
27.73177,-23.5885,823.0,839.9144768818111,978590.74,-9.91358652652707,-103.2511854593428
27.73553,-23.30164,791.4,807.6447660604116,978580.66,-11.05264870764222,-100.0516631227813
27.73827,-23.60001,819.9,836.8541087908466,978591.32,-11.039989665732719,-103.6804997487601
27.73956,-23.69383,820.0,837.2350574082916,978593.92,-14.544320976361632,-107.51948931012102
27.74648,-23.66061,819.9,837.0468315887653,978591.79,-14.527187165687792,-107.77372232558967
27.74763,-23.40704,823.0,839.480298615526,978582.64,-6.171837811474688,-98.3145608852754
27.74817,-23.3541,817.0,833.3617003656153,978578.86,-8.359516129130498,-101.44031473632151
27.74991,-23.23135,788.0,804.115587977439,978578.07,-10.128041402902454,-98.84076110257577
27.75201,-23.90714,841.0,858.8945115306562,978597.59,-18.406695337034762,-105.16753535932308
27.75246,-23.6301,826.0,843.0600486877203,978588.22,-14.218346589128487,-108.28611404032219
27.76414,-23.77354,833.1,850.6132327579303,978594.19,-15.446961359470151,-105.64312163318006
27.7677,-23.52414,860.0,876.7544109650958,978580.08,-4.949670958914794,-102.31283327261558
27.76782,-23.81548,833.5,851.1425716142041,978596.35,-15.91820174374152,-105.8741479747392
27.78105,-23.44653,885.0,901.593390717918,978576.6,4.355101864086464,-94.64602780541169
27.78714,-23.59396,869.0,885.9668849092197,978581.8,-5.003985863178968,-102.26372263964656
27.79179,-23.1797,787.0,803.0374805262643,978578.16,-6.994743254617788,-95.21821593033496
27.7925,-23.12869,792.3,808.2409361996706,978579.2,-1.0205298202345148,-91.19805808849011
27.79295,-23.36595,833.6,850.0163559007119,978576.31,-6.548613276914693,-101.17709557643889
27.79556,-23.83961,838.5,856.287524050483,978596.16,-16.13010355271399,-102.51988728616448
27.79596,-23.56487,829.8,846.684196229023,978585.45,-11.551023154868744,-104.46536589131513
27.79617,-23.3179,841.2,857.5089756928667,978572.68,-4.711538840667345,-100.29596044471823
27.80103,-23.27875,829.0,845.2218857757655,978572.76,-5.856306159053929,-99.82588206089318
27.80122,-23.64014,826.4,843.5390692266053,978589.94,-13.01609930593986,-106.41369023400041
27.80182,-23.86926,835.1,853.0042577447026,978598.27,-17.012718630139716,-106.66715130480185
27.80305,-23.90196,1015.0,1033.02691256267,978563.89,1.9717642985051498,-112.36405390676683
27.81094,-23.53914,871.7,888.5264073988438,978574.65,-7.738097564433701,-105.57200313503112
27.81577,-23.13419,781.0,796.9305462401071,978581.84,-2.2294716857140884,-89.98741463540101
27.81622,-23.67497,834.2,851.4857225035469,978590.4,-12.414501445018686,-107.22612402612818
27.83334,-23.40434,868.7,885.2406321484685,978569.94,-4.573220246355049,-101.14898800040199
27.84248,-23.94942,1003.0,1021.3646897264808,978567.18,-1.5124020795337856,-108.01271893121975
27.84581,-23.45525,893.1,909.7687215975035,978583.44,13.143222974729724,-88.04233855456161
27.84604,-23.55038,853.4,870.3023488692697,978579.22,-9.534656134084798,-106.14718752761868
27.84904,-23.50301,867.1,883.8826227915345,978581.71,0.27520072110928595,-98.34217802093637
27.84932,-23.31364,845.0,861.3302515598816,978572.14,-3.7928770325379446,-99.89803204922451
27.85069,-23.51161,865.6,882.4061376736558,978577.68,-4.77816557220649,-103.06881900767803
27.85422,-23.25694,824.0,840.1925051231902,978574.41,-4.329787421389483,-98.06942294244126
27.85519,-23.21107,810.0,826.0903539364534,978575.4,-4.690524643985555,-96.40440567444789
27.85594,-23.61888,854.8,871.9469736782262,978586.52,-6.260741510312073,-102.03336302525376
27.86156,-23.3531,853.0,869.4433330313951,978573.0,-3.019504109979607,-100.03012258524818
27.86168,-23.72131,845.1,862.6445398345448,978590.7,-11.749298220616765,-106.79696641927517
27.86778,-23.59341,877.8,894.8771298407621,978582.44,-1.5780496819643304,-101.36833040180716
27.86911,-23.13426,796.0,811.9151342263807,978580.0,0.5501350642880425,-89.23807537979792
27.87088,-23.7681,896.0,913.7675009882068,978584.48,-5.306588794803247,-103.06344034855016
27.87296,-23.40176,878.0,894.5782696713839,978566.06,-5.402056110789999,-103.97936857434864
27.87762,-23.19086,793.0,809.0523640674301,978579.61,-4.417540748720057,-93.5987099444994
27.87811,-23.91475,1128.0,1146.3636117450153,978542.59,14.786384318373166,-103.45413534097828
27.88351,-23.6517,877.8,895.129577959425,978584.79,-3.0127572948113084,-102.29828188952516
27.88704,-23.47313,890.0,906.7779686176511,978580.03,7.631610150099732,-93.210842061861
27.88814,-23.23146,799.0,815.1502507646724,978580.13,-4.670008370303549,-95.1078878686483
27.89792,-23.55936,872.0,889.0198390402841,978575.38,-8.192533911322244,-105.8524097508294
27.90155,-23.67329,899.2,916.6413194436918,978581.63,-0.9672382865101099,-100.01032922055903
27.90446,-23.32272,855.0,871.4046530209508,978570.14,-3.27978989679832,-100.33559561156778
27.90646,-23.08357,785.0,800.7768826752733,978579.97,0.3854846014874056,-88.75756764210361
27.91559,-23.25928,811.0,827.2425843827432,978580.26,-2.6292238569585606,-94.91187849809936
27.92163,-23.58963,911.0,928.1706377463108,978574.3,0.8057945198379457,-101.60980017552147
27.92532,-23.36662,854.0,870.54740435988,978569.45,-7.117051616311073,-103.37762392241336
27.92664,-23.50719,879.0,895.9339652211585,978589.84,11.848078957642429,-87.112952154452
27.92714,-23.95901,1294.3,1313.0440075336949,978512.72,33.37943754484877,-110.10570810560051
27.92999,-23.44942,860.0,876.7787458174392,978590.25,10.157350798253901,-87.43171714329334
27.9321,-23.91048,1240.0,1258.5523259195088,978523.37,30.465910816914402,-108.92421673466646
27.93452,-23.3968,854.0,870.6413208979262,978575.14,-3.382286178297363,-99.49916376398032
27.93732,-23.62521,940.6,957.9314093685898,978571.11,4.442571525927633,-101.80358301376587
27.93762,-23.71478,892.9,910.5504580066904,978585.03,-2.20244353171438,-102.93573174891186
27.93887,-23.12512,805.0,820.9002697212128,978579.28,3.1987945148721337,-88.25834932723068
27.94247,-23.54733,907.4,924.470982777552,978570.56,-1.2777080475352705,-103.78662951971619
27.95151,-23.30884,822.0,838.413951455282,978576.7,-5.9897153654601425,-99.18237822136275
27.95482,-23.8343,999.9,1018.1964792365259,978569.25,7.274760251864791,-102.79536814875077
27.95753,-23.57486,927.0,944.1889133421224,978566.25,-1.3239253940992057,-106.37574371119295
27.95894,-23.21977,835.0,851.1715303124813,978570.93,-1.989577988628298,-95.85595545516965
27.96126,-23.17503,832.0,848.0507440048447,978575.47,4.510941860382445,-89.54262643328728
27.96704,-23.48631,877.0,893.9389431462998,978586.19,8.960425476310775,-89.99684042391651
27.96895,-23.66925,945.5,963.0226443608791,978572.68,4.662898091599345,-100.20331767584253
27.97055,-23.87099,1022.3,1040.8032496261337,978565.76,8.310926958918571,-102.09442214417908
27.97353,-23.29646,814.0,830.4018645145248,978577.88,-6.47035293886438,-98.63573680279525
27.97617,-23.53284,907.1,924.1913785669274,978576.77,5.803632074035704,-97.186658019633
27.97867,-23.97684,1288.0,1306.9328522195503,978516.27,33.8493580177892,-111.35664014051991
27.98163,-23.72075,926.2,943.9499341645339,978579.29,1.966945469379425,-101.21185493119653
27.98357,-23.42242,847.0,863.780597083591,978592.08,9.754640493541956,-86.16067043473272
27.98427,-23.91328,1066.1,1084.8074265086095,978557.79,11.091819718363695,-100.84196649697788
27.98428,-23.63719,960.2,977.6336623035425,978569.18,7.797983156051487,-99.29207812034804
27.98463,-23.80405,1062.8,1080.9844597484848,978555.51,14.925622802809812,-100.2034437643592
27.98878,-23.59306,947.4,964.6990375914181,978563.22,0.7703741716686636,-105.65790701629253
27.98923,-23.13423,830.0,845.9613951515951,978578.48,9.538481293129735,-84.49811179376213
27.98996,-23.76563,1014.1,1032.086831346013,978564.26,11.147309772204608,-98.61854191069936
27.99284,-23.18793,847.0,863.110793137148,978568.85,1.695774556719698,-93.17445730504517
27.99519,-23.38885,828.0,844.6991534846749,978582.19,-3.814803682267666,-97.02773605000394
28.00089,-23.32401,817.9,834.4134701872173,978577.33,-7.589439564733766,-98.9674167620051
28.00577,-23.26718,838.8,855.1487290659974,978573.04,-1.7550532022723928,-96.89023880272029
28.0076,-23.06564,816.4,832.1616349342742,978575.12,6.387454238953069,-86.2792008250113
28.0107,-23.02184,812.0,827.6019606017007,978568.36,1.0677919459994882,-91.13731212099019
28.01436,-23.37013,820.8,837.4687238919837,978581.02,-5.985357897123322,-98.80613946131025
28.01703,-23.49673,877.9,894.9453905064092,978589.93,12.323447320610285,-87.05679450624439
28.01913,-23.12376,836.3,852.2499910614558,978577.43,11.111675229272805,-83.4832348774248
28.02132,-23.20667,867.4,883.5847491549611,978565.54,3.4791529645444825,-94.5861000184086
28.02872,-23.40192,824.5,841.282392253478,978594.9,6.981138666626066,-86.114924352004
28.03725,-23.1758,865.2,881.3082904243968,978571.07,10.323481846833602,-88.08942590761899
28.03838,-23.45377,844.0,860.9485703493442,978598.86,13.59575872332789,-81.10206593613194
28.04031,-23.2354,874.0,890.2852208624837,978566.27,4.397940659546293,-94.70632836115801
28.04681,-23.29237,867.7,884.1689503757078,978566.92,-0.5704244594089687,-99.17880813926709
28.05183,-23.32773,847.0,863.5850664760401,978569.78,-6.381570764700882,-101.0410048916492
28.05434,-23.48129,861.1,878.1529542906974,978595.75,13.98031679855194,-83.64890292789876
28.05679,-23.04558,835.3,850.9974208894515,978569.67,8.054607103927992,-86.51943558597145
28.07628,-23.11195,853.5,869.4251144918925,978571.28,11.03137648710981,-85.57096396909056
28.09436,-23.01628,834.7,850.2842500902159,978564.22,4.288489659549668,-90.52381895177459
28.09586,-23.39848,858.0,874.858359203772,978594.6,17.268512060516514,-79.76739582167686
28.09602,-23.23837,891.9,908.2346655068035,978564.52,7.992462539579719,-93.21079623772448
28.10077,-23.1993,897.9,914.1095093519273,978562.17,10.010204185615294,-91.73575256843135
28.11069,-23.3553,859.6,876.3408783802405,978577.97,3.9344577168812975,-92.76418148712226
28.11749,-23.29204,904.7,921.2376000870931,978559.34,3.3098521111533046,-99.50724483651858
28.12196,-23.45583,859.3,876.3597984525525,978591.93,11.285655433894135,-86.36990206284882
28.12354,-23.14326,882.8,898.8348484467155,978567.31,14.095534442807548,-85.74871731337753
28.12679,-23.06516,868.2,883.9707382002189,978566.65,13.936336181359366,-84.25203284669159
28.14484,-23.33154,885.0,901.6971201983972,978568.62,3.96908752003219,-95.0563526255547
28.14713,-23.3688,879.2,896.023063466325,978584.16,15.31102819449734,-83.44216568767447
28.15276,-23.01537,849.0,864.5727102342381,978563.19,7.7268417361192405,-88.24467899446583
28.15521,-23.09459,890.2,906.0722935745515,978562.44,14.630914970068261,-85.54003400369447
28.15768,-23.25253,926.6,943.0211967641545,978556.3,9.580003804410808,-95.6495763110593
28.16179,-23.17961,922.9,939.0653734776309,978556.43,13.25733318272978,-91.60222689003118
28.1644,-23.30499,896.8,913.4164495255018,978560.58,1.2873398992232978,-99.45836291365517
28.1678,-23.4772,875.8,892.9582975967425,978587.2,10.268735069897957,-88.62420160654715
28.1745,-23.42084,914.0,931.0101487748531,978580.25,18.774355046683922,-84.51053690305609
28.1855,-23.05438,869.6,885.3153859371919,978563.07,11.472457363386638,-86.89839599941686
28.2012,-23.32285,915.5,932.1961605917492,978563.05,8.380721409688704,-95.6743648941488
28.21146,-23.1633,940.0,956.1103161359981,978554.02,17.1718334259931,-88.19706279971722
28.21449,-23.40385,945.4,962.3949992716575,978578.2,27.52703006286174,-77.54544067709331
28.21498,-23.27036,944.7,961.2044864498463,978550.02,7.743269306025468,-98.77905199572172
28.21672,-23.22304,967.3,983.6457952241477,978547.73,15.475249455193989,-94.07180442430294
28.22116,-23.12933,940.0,955.9826423836059,978552.69,18.01845733029768,-87.53339568792768
28.22142,-23.47639,893.8,911.0447539391447,978577.96,6.66325809515547,-92.65153749933054
28.23711,-23.077,905.4,921.1778961449569,978557.96,15.95734110090416,-86.41935555667615
28.23795,-23.30486,933.0,949.6372400124025,978555.27,7.162723096902482,-98.5530139129044
28.24298,-23.44626,942.9,960.0747183242261,978574.43,20.248770737554878,-85.1759988908927
28.24969,-23.03252,920.9,936.4876722824642,978549.94,15.554315667715855,-88.50373469159615
28.25214,-23.39063,972.6,989.5656379687487,978560.84,19.420656108180992,-84.25922022587366
28.2556,-23.25116,944.2,960.6698364887003,978550.76,9.575585878454149,-96.16334114928178
28.26028,-23.18037,963.1,979.3009373506384,978548.38,17.573284953599796,-90.99501601451536
28.2655,-23.48859,946.2,963.5539722099056,978582.51,26.611470076371916,-79.00745599968785
28.27631,-23.34315,968.1,984.8949116271662,978560.9,21.159551636665128,-87.17941797918593
28.27904,-23.41051,1008.6,1025.6565062104128,978559.23,27.639147028909065,-86.48335713781962
28.28587,-23.44318,983.7,1000.8938155383222,978568.61,27.2271520717768,-84.3858160500639
28.29106,-23.2621,954.0,970.5341842584622,978549.85,10.99314040679019,-97.07015573541754
28.29451,-23.11305,950.8,966.7058443056379,978547.05,16.748468712321483,-90.20601411557548
28.29562,-23.21507,951.1,967.4683487336621,978549.59,12.86456270585768,-95.08223224374372
28.30347,-23.48689,966.0,983.3881359671855,978575.05,25.383829951751977,-82.5196226312117
28.30653,-23.04433,942.2,957.79802652672,978547.55,18.972525088232942,-86.4204230473911
28.30991,-23.38268,1033.2,1050.165151380285,978551.32,29.122165021137334,-86.91233060316858
28.31033,-23.26036,958.6,975.1434845839713,978550.32,12.999376414110884,-95.73171752085345
28.3166,-23.13832,987.8,1003.8328516996659,978539.58,19.087365982471965,-92.45571751130358
28.31895,-23.08118,958.7,974.4567385342424,978543.74,17.90577482013032,-90.75165989369374
28.32344,-23.29118,975.0,991.6584930386019,978549.42,15.176156882662326,-95.11453446907625
28.32492,-23.17377,961.0,977.2031896194453,978546.23,15.20697607868351,-92.95441278202301
28.33197,-23.23172,948.1,964.5545915953944,978551.53,12.816504629561678,-94.81040521345018
28.34071,-23.34201,1035.1,1051.9460122654627,978548.51,29.533890758408234,-86.37021407307678
28.34106,-23.42967,1082.3,1099.4795278140198,978547.48,37.406384170637466,-82.57716604274046
28.35381,-23.04509,951.0,966.5725823667882,978541.35,15.43070452043321,-92.00569805876826
28.35599,-23.48866,1049.5,1066.9498493102997,978556.9,32.90094998735003,-85.027008959533
28.36351,-23.13103,970.1,986.0913846228617,978540.69,15.198302663397044,-94.7012151105951
28.36496,-23.4054,1060.7,1077.8048053253249,978554.74,39.57616579672322,-78.64803961359338
28.36794,-23.26411,982.2,998.8032073615004,978547.01,16.74443057528697,-93.77055950433437
28.37326,-23.09567,969.1,984.9052920887627,978538.54,14.986466660862789,-94.23109720411112
28.38983,-23.36342,1051.2,1068.1767827214994,978554.13,38.75570524460636,-80.33212299817515
28.39224,-23.29364,1028.2,1044.9338849498702,978544.64,26.67372308007907,-88.4828187798231
28.39764,-23.32896,1011.9,1028.766451830165,978553.39,28.11830151430331,-84.17059542775681
28.40009,-23.49268,1006.0,1023.5175491126241,978566.91,29.244307409739122,-83.81636132994306
28.40582,-23.06544,955.5,971.1403364524461,978540.06,14.226711032097228,-93.15805620076712
28.40588,-23.21355,943.4,959.7985441384643,978552.57,13.577260961639695,-93.12468293626664
28.40834,-23.09747,963.8,979.6005931490428,978540.02,14.712371190311387,-94.4956131413064
28.40956,-23.24901,967.1,983.6588270478532,978551.72,17.77004342712462,-91.72719686382533
28.41241,-23.15456,950.2,966.2948739204878,978550.84,17.7048971488839,-89.90028758022916
28.41367,-23.41957,987.1,1004.3239913687137,978571.04,32.27040166442748,-79.20889973080365
28.42104,-23.38367,1015.5,1032.5912117150183,978564.4,36.71446849638596,-77.01992006581615
28.42381,-23.03999,934.2,949.706441604043,978542.97,12.177801710786298,-93.44670701495848
28.4368,-23.30141,988.7,1005.4929808958907,978559.68,29.034316021832637,-82.65471967156635
28.44377,-23.46808,1012.0,1029.4671771915441,978565.5,31.29275100515224,-80.98247721606326
28.45203,-23.15326,943.8,959.8748023346087,978548.86,13.828669371432625,-93.12014544365172
28.45776,-23.34103,1010.7,1027.6712953894155,978563.72,37.318034808617085,-76.52468330179472
28.45805,-23.23978,941.4,957.9217699626493,978559.13,17.842439580359496,-88.50889471548419
28.46313,-23.10851,953.9,969.7335844338411,978540.56,11.488556082127616,-94.23131341752692
28.46802,-23.43851,975.0,992.3790437159566,978573.14,29.437421515001915,-80.37208943061167
28.46806,-23.40114,961.2,978.4225974813519,978577.09,31.54095433675684,-76.16627844189993
28.47272,-23.49609,945.4,963.0240788225985,978579.86,23.303068646695465,-83.69307268411276
28.4826,-23.00677,898.2,913.505412724786,978545.13,5.325137362699024,-96.13837336727327
28.48318,-23.20905,930.3,946.6604178494038,978558.3,15.547381972428411,-90.13739934693331
28.48563,-23.03265,916.0,931.4300019712227,978541.61,5.655187214026228,-97.28212428434958
28.48692,-23.30226,981.6,998.4178920364812,978567.64,34.7554497749079,-76.1720478367135
28.49921,-23.0676,943.4,958.9985695881335,978538.35,8.629569208016619,-98.33021336245801
28.50853,-23.18103,906.7,922.8975904669446,978560.12,11.865596442250535,-90.1803739632817
28.51259,-23.13438,936.1,952.0425308036473,978547.83,11.61336810758803,-93.84275895029614
28.53587,-23.09052,925.7,941.3893500430065,978546.06,9.414009912405163,-95.21538282876219
28.54027,-23.02618,878.8,894.1590486611012,978549.07,2.0345276701264083,-96.18526845057006
28.55736,-23.21265,916.5,932.8331295881973,978567.09,19.835274150711484,-83.4603471466889
28.56036,-23.12418,875.0,890.8456590445834,978560.35,5.914359663845971,-93.26120649074245
28.57608,-23.15974,872.4,888.4236793854676,978565.89,8.38758618675638,-90.61263189497538
28.59225,-23.11299,846.8,862.5697809346924,978563.57,1.1381476320093498,-93.85999811710268
28.60201,-23.18814,878.6,894.7605961880878,978571.07,13.668680364615284,-86.04822017779172
28.61176,-23.07442,861.1,876.6654816642822,978555.4,-0.1704719008412212,-97.61012919263615
28.61198,-23.03474,835.6,850.9568385116413,978556.87,-4.053296808153391,-98.55069431229268
28.62051,-23.24338,871.0,887.4651715636786,978584.86,21.59553454548586,-73.16236650379099
28.62712,-23.13705,833.7,849.5773193013614,978571.45,3.4404209225904197,-91.33723688634457
28.63689,-23.21729,868.7,885.0048091762858,978578.02,15.703050736919977,-80.94200345637361
28.65669,-23.16711,829.4,845.4259718977747,978576.36,5.108048092806712,-87.67211555859987
28.66026,-23.04146,809.5,824.8650090678653,978562.55,-6.86177716369275,-97.86553652549212
28.66367,-23.00594,792.6,807.7699149273378,978561.93,-10.449646893772297,-99.99250203530013
28.66394,-23.12273,796.8,812.593194968338,978579.43,0.9410779238678515,-88.44465592564801
28.68282,-23.07117,794.8,810.3180101286445,978572.54,-3.293138399720192,-92.87906377712457
28.69849,-23.18365,809.6,825.7182701480356,978584.93,6.516421220614575,-84.47267179286513
28.70441,-23.0369,788.8,804.1121836636883,978565.65,-9.869581701699644,-98.98009730997126
28.70453,-23.09982,805.9,821.5739439395128,978574.43,0.20523187483195215,-90.9613542509742
28.70909,-23.13034,827.2,843.0399283475574,978575.71,6.120588862220757,-86.06369930985184
28.71594,-23.21465,841.9,858.1974373351262,978582.37,11.95331854512915,-82.75074405664274
28.71806,-23.1514,842.8,858.756105825587,978576.33,10.21683971490711,-84.7895294102358
28.7422,-23.24199,870.0,886.4806572675449,978583.11,19.63269823254086,-76.18646239830339
28.74605,-23.10278,838.2,853.8845148504944,978567.83,3.3831657863920555,-89.74268662168244
28.76352,-23.06454,860.1,875.5373429569365,978560.07,4.794254994718358,-91.4461687303401
28.7675,-23.03618,837.3,852.5629583180979,978555.62,-4.901253916323185,-99.47577096892014
28.82509,-23.07533,915.4,930.8744104267995,978548.83,9.928155817906372,-91.8623488317855
28.90521,-23.01949,930.0,945.1013985197811,978537.36,6.478879783768207,-98.44490729102093
28.00728,-23.63124,939.1,956.5512693058425,978574.06,6.567045772564597,-99.1405374597125
28.01053,-23.53996,904.4,921.5667734117158,978573.01,0.7632506719091907,-101.07096234509605
28.01224,-23.79971,1166.4,1184.6067937937935,978536.67,28.346908831968904,-102.8415397772259
28.01727,-23.83409,1190.5,1208.8975709645308,978533.45,30.328899699263275,-103.59922209731457
28.01736,-23.66788,926.0,943.5986844281952,978578.4,4.480155147961341,-100.16117781363992
28.04269,-23.94206,1279.2,1298.0612193354082,978520.48,37.652075080783106,-104.86468372676481
28.04276,-23.7186,959.2,977.0549750132085,978573.67,6.705060908570886,-101.39593178081769
28.04755,-23.76987,1027.0,1045.1137165118969,978563.28,13.904568183119409,-100.16763776309165
28.05074,-23.90033,1155.9,1174.602086690589,978542.21,24.083399649942294,-97.76042837203138
28.06168,-23.58479,897.3,914.6850403901805,978572.94,-4.395174625446089,-106.37315467897281
28.06203,-23.98235,1296.8,1315.7902782148492,978519.52,39.462694039102644,-104.95823441440942
28.07967,-23.53625,873.6,890.8359761898632,978597.0,15.515570113551803,-83.78788754306828
28.08138,-23.67368,911.5,929.2543277760716,978580.91,2.178933823131956,-101.23840877767596
28.08479,-23.63254,891.9,909.5069456487328,978584.52,2.4242330895503983,-98.65132373059892
28.09087,-23.92812,1354.6,1373.3872579556298,978506.85,48.194247954757884,-103.05711154698469
28.09332,-23.89651,1394.1,1412.7661971181958,978497.78,53.38714928331319,-101.38991387578227
28.09483,-23.5043,857.8,874.9635452770777,978597.88,13.607779762009159,-83.00811827398888
28.10345,-23.71101,912.0,929.940968027391,978580.47,-0.5284641653997824,-102.95599383097594
28.10878,-23.85091,1203.8,1222.313796577891,978532.72,32.61570719338488,-100.76340748390248
28.1102,-23.81186,1131.3,1149.6948268291671,978544.61,24.70531005959492,-98.15267274082629
28.12566,-23.76015,1069.4,1087.600391662259,978552.64,17.021057442761958,-96.3801967235707
28.13007,-23.56291,862.3,879.6764916598574,978590.69,3.999511634465307,-93.10840885362916
28.13017,-23.78484,1187.2,1205.5029174713832,978532.28,31.394879868719727,-102.1602998253023
28.13451,-23.53287,848.3,865.580975455078,978604.53,15.475663410150446,-80.37077041808467
28.13452,-23.97643,1367.3,1386.2351994463288,978507.6,49.672542204731144,-103.01323058794054
28.13588,-23.66336,907.2,925.0029964560131,978582.67,3.311959620565176,-99.88085729928831
28.13968,-23.89992,1166.6,1185.2606500743548,978542.41,27.599366374895908,-96.92356532571598
28.142,-23.59428,884.5,902.0151781691411,978581.66,-0.21299557795282453,-100.60342658140966
28.1638,-23.6245,863.3,880.9688844373964,978588.2,-2.1691428157500923,-99.68058418274593
28.16972,-23.85728,1171.2,1189.7435436347243,978542.08,31.50144168920815,-100.68988849717547
28.17024,-23.71748,933.6,951.6756974216989,978579.13,4.408257644623518,-99.76012442468226
28.17128,-23.50465,888.4,905.6413072636101,978583.93,9.101238739327528,-91.3104101847683
28.1713,-23.99213,1265.7,1284.7002409944132,978528.98,38.67514562793076,-101.13141248619212
28.18121,-23.94043,1394.5,1413.3270957227885,978502.19,55.03194656246342,-100.65621048487628
28.18594,-23.76582,905.5,923.7754722127405,978586.56,0.013411118416115642,-91.95440129655279
28.19481,-23.5737,917.6,935.1090281165657,978580.25,9.951014401158318,-92.8572497264496
28.2085,-23.66954,874.2,892.1172367542459,978589.77,-0.14593371178489178,-97.32662824369022
28.21062,-23.88835,1265.3,1284.0017892670337,978525.74,42.16723888099659,-100.67560071160074
28.21227,-23.53438,911.3,928.7046976969964,978581.95,12.274575997143984,-91.09583088947764
28.21439,-23.61235,923.1,940.7844096250867,978579.27,8.163570048636757,-96.4081011511709
28.2151,-23.81332,1167.5,1185.9527633809387,978542.38,33.56494035362266,-97.16054249004137
28.23151,-23.84111,1070.5,1089.0618756796457,978561.93,21.36623048351612,-92.5973030487124
28.23659,-23.69818,905.5,923.5747290599635,978588.32,6.209521125419997,-96.41097577279285
28.2533,-23.99062,1182.2,1201.3614175703278,978546.09,30.174145821714774,-96.90003647219352
28.25385,-23.57399,956.9,974.520106335922,978575.67,17.512938421568833,-89.67133348231863
28.25606,-23.73122,897.0,915.2308974256957,978590.4,3.5188867341494188,-97.64598687660646
28.25906,-23.9006,1048.6,1067.4665059167237,978569.03,17.829210238764063,-92.7380801168315
28.26234,-23.96004,1175.9,1194.9850579744486,978547.14,31.30627304094378,-95.05312953132699
28.26715,-23.85353,1032.7,1051.395126622011,978571.43,18.415064018336125,-91.80784463443305
28.26758,-23.61865,949.9,967.702502906315,978577.69,14.47232693247497,-93.24543418183397
28.26836,-23.65102,1162.5,1180.4193977293887,978533.17,33.440914483973756,-81.68251848649014
28.27361,-23.7878,913.7,932.1405694702376,978587.33,1.9008872337872162,-88.30464363038834
28.27734,-23.53035,954.5,972.0138780763499,978575.6,19.554835024056956,-87.91185298420156
28.29282,-23.91492,1184.4,1203.4021779772518,978544.73,34.513521289103664,-91.59193239209046
28.29454,-23.67419,967.3,985.350465968727,978572.66,11.204664526158012,-94.5814902940973
28.29568,-23.75861,989.8,1008.1708209421271,978571.31,11.28506266779732,-84.61682877403432
28.30978,-23.59312,1009.9,1027.6966028032023,978564.15,21.13523040502332,-91.30041736476424
28.31116,-23.97342,1393.7,1412.9478065423364,978506.08,56.59521838568617,-97.33135356992844
28.31622,-23.81027,1112.0,1130.6311692537217,978551.93,26.24936411890667,-96.0014770909589
28.32196,-23.9111,1186.9,1205.944588645266,978544.96,35.78344674501568,-93.85726261990499
28.32253,-23.95554,1275.3,1294.5062954357893,978529.53,44.70264451985713,-98.00834759227999
28.32256,-23.88026,1087.7,1106.6353588591971,978560.66,22.90424980421085,-93.09393240314063
28.32953,-23.54018,1008.0,1025.633537056676,978563.48,23.330419154954143,-89.25163674912156
28.33228,-23.72002,1284.0,1302.281439302897,978513.97,47.257089305552654,-91.47304774571822
28.3324,-23.84901,1036.5,1055.3278289777004,978569.97,18.470251643448137,-87.96529105401451
28.3363,-23.75613,1149.5,1167.9306041579796,978543.62,33.054080069297925,-90.16987152902745
28.3372,-23.9948,1231.9,1251.27200209695,978537.99,37.19271875289269,-97.15967853390606
28.34209,-23.62778,1032.8,1050.7707582842675,978559.06,20.869070025277324,-95.68062394554202
28.35535,-23.66002,1093.7,1111.7996138047567,978548.25,26.751747292699292,-93.03873479890754
28.36102,-23.81857,1140.0,1158.7249757000948,978549.55,31.984062490984797,-94.46493785352229
28.37418,-23.79135,1164.9,1183.5092541025945,978543.42,35.31536347512156,-95.90105430474011
28.37486,-23.94141,1134.4,1153.608076033463,978553.75,26.397541417274624,-99.02344805986301
28.37589,-23.90421,1145.7,1164.7806286795706,978553.04,31.62367565673776,-93.90608116864126
28.38524,-23.56927,1002.7,1020.5235072266182,978564.89,21.240222283406183,-92.22202870005084
28.3896,-23.75716,1095.9,1114.3921804289303,978555.89,28.736634748987854,-90.36619531034697
28.39273,-23.53036,1018.9,1036.5771570564355,978561.55,25.42607366340235,-90.16553146472536
28.39728,-23.62242,999.6,1017.62438052856,978566.11,18.046670679585077,-92.2806202554579
28.40581,-23.98328,1159.3,1178.6590900577226,978551.36,28.93179783981759,-99.24800732435591
28.41171,-23.67796,1010.4,1028.6454758302982,978570.83,22.483635174576193,-89.70275080608258
28.4178,-23.84734,1258.7,1277.5542244350445,978528.48,45.657145328004844,-96.64795067223295
28.42108,-23.81287,1187.6,1206.3147078051818,978541.94,39.437306206906214,-93.05661447139818
28.42538,-23.58908,973.9,991.8428839813131,978576.44,22.629548424039967,-87.80335705852593
28.42851,-23.73167,1089.9,1108.358610743528,978558.3,30.980780195444822,-91.86215726490671
28.43018,-23.76414,1134.0,1152.562211741036,978550.88,35.03915961680468,-93.16734159883674
28.43523,-23.52684,993.6,1011.309100880576,978572.12,28.43188032414764,-83.67604558647363
28.4389,-23.93941,1272.1,1291.3039039026976,978526.49,41.7547196848318,-100.13542656279859
28.4541,-23.88376,1219.9,1238.8908290748177,978536.98,39.796148073277436,-96.51647104666301
28.45506,-23.56866,988.0,1005.9018431576197,978573.59,25.46887825638987,-85.70604241224859
28.45708,-23.61957,1026.5,1044.5939073089894,978566.99,27.437224217224866,-85.66398196841973
28.46474,-23.70302,1050.9,1069.306351098976,978566.81,29.345533645013347,-88.11346763333351
28.465,-23.97612,1331.3,1350.6187886150121,978513.71,44.81535114243161,-103.20274155772535
28.47311,-23.85233,1335.6,1354.4676712041003,978515.01,55.583143279422075,-95.01044163015862
28.48276,-23.67647,973.9,992.2349826188538,978582.74,23.257643696502782,-81.00502915034093
28.48491,-23.75768,1143.0,1161.587563861884,978551.62,38.99384294869378,-84.387541925878
28.48595,-23.54535,995.7,1013.54225329058,978573.18,28.957803747965954,-83.04949117426415
28.491,-23.80139,1297.9,1316.6153050403311,978522.46,54.753085487755015,-89.86463301358216
28.50165,-23.35255,949.5,966.5523452620859,978580.14,34.12227361195255,-71.94796298810711
28.50287,-23.95523,1326.0,1345.2195494386872,978514.92,45.75924440426752,-96.54481837713396
28.51279,-23.27061,980.1,996.7700250215727,978565.4,34.08131773979403,-70.42658126280892
28.52904,-23.75456,1090.9,1109.4905091832345,978564.5,36.00727370963432,-76.11560616030567
28.53053,-23.48756,915.2,932.8518428484801,978588.5,23.195598658639938,-75.78291579740664
28.53098,-23.41411,897.3,914.645413376741,978592.3,26.21757775126025,-74.8633553708438
28.53111,-23.58887,908.7,926.7565625347129,978594.59,20.709754056530073,-80.2919647330923
28.53734,-23.84608,1148.1,1166.9374144095677,978554.0,37.13258396810852,-85.55556748358495
28.54128,-23.62331,946.0,964.1900745515048,978589.85,25.23971772112418,-77.78408079042082
28.5493,-23.67397,1048.6,1066.9644498821426,978572.97,36.712074337527156,-75.44815219447365
28.55354,-23.79283,1026.7,1045.3885922550676,978578.37,27.550109284813516,-79.17128510553619
28.56174,-23.53691,945.1,962.9785130414363,978585.71,26.44334961147979,-79.27131761091924
28.56203,-23.32976,951.8,968.7752907825048,978582.18,38.344570690533146,-62.55351440335055
28.56396,-23.38535,920.7,937.9457758762933,978589.81,32.80949719925411,-69.96943779181538
28.5647,-23.4393,892.7,910.1825559715422,978593.09,23.97183780022897,-77.48818352700435
28.56572,-23.97809,972.6,991.8702338146594,978585.53,5.816049172659405,-95.81262395891196
28.57043,-23.29692,1027.4,1044.2066236619692,978563.08,44.67428436235059,-67.2670823818819
28.57544,-23.64972,977.7,995.9937818787089,978588.53,31.982415448408574,-69.89494285721709
28.577,-23.25533,919.6,936.1664487385204,978578.86,29.841487285098992,-74.6238971511226
28.57945,-23.76672,976.9,995.519547470527,978589.26,24.791498787002638,-70.4808704592966
28.58287,-23.48315,890.4,908.0768517183229,978595.52,22.861551350099035,-77.69569169860846
28.58685,-23.9343,957.4,976.4981060713303,978592.74,11.21569818770513,-92.49760167006448
28.58743,-23.70779,903.7,922.1762109741551,978604.66,21.47950571391266,-77.83477709856403
28.59509,-23.56003,887.8,905.7865888478544,978600.55,22.107030446990393,-78.30204956269057
28.59917,-23.87479,974.2,993.0880948365545,978591.91,19.484087926801294,-84.49293048305552
28.6097,-23.60635,867.6,885.757558315301,978610.32,22.63098852674011,-73.2997527142708
28.61035,-23.84383,928.0,946.7948727548021,978601.6,16.95677419914864,-86.51158270550711
28.61357,-23.81813,932.4,951.1256876794399,978599.23,17.63761346519459,-84.39418893575836
28.61555,-23.51083,900.0,917.8092474159942,978596.56,25.077996696461923,-77.25780816705479
28.61803,-23.35223,914.0,931.1051423189892,978590.26,33.32524309772998,-70.51325608015583
28.62253,-23.97549,980.6,999.837361957405,978591.98,14.898662135121413,-95.16339964840121
28.62523,-23.4072,851.5,868.8858150522155,978604.81,25.061776868416928,-71.59096058078734
28.62936,-23.89417,941.3,960.2302933620202,978598.15,14.290217135101557,-89.88314379924459
28.63011,-23.76802,932.3,950.9123381596539,978601.93,23.610632667783648,-81.93289756278851
28.63628,-23.31709,886.9,903.8030810317824,978593.89,30.83717990515288,-69.77502047579091
28.6384,-23.67493,894.1,912.4803151586096,978609.99,25.99991837365087,-73.23449283025194
28.6403,-23.46007,858.4,876.0297801413388,978607.29,26.264355072635226,-70.99910462975198
28.64394,-23.62679,875.7,893.933074980993,978612.45,25.929588964674622,-70.31406744264791
28.65669,-23.58983,946.8,964.9134808836764,978598.19,36.02036744111683,-69.21296796102895
28.65958,-23.29417,874.8,891.5559194894548,978594.84,29.511064627673477,-68.93130883710761
28.66048,-23.93153,1054.8,1073.845229333357,978579.42,28.11838453670498,-89.33442185255628
28.66313,-23.36356,841.0,858.1709770287373,978608.52,28.334839096292853,-61.277600613402925
28.66351,-23.71278,933.4,951.8736821797937,978604.37,30.021730798878707,-75.62526940789826
28.6637,-23.25519,846.5,863.0178156864976,978592.11,20.528399270260707,-73.37629021486737
28.66875,-23.33205,846.0,862.98742249319,978605.98,29.350467373849824,-65.86178311777289
28.66934,-23.50282,859.3,877.1107463351283,978610.29,26.7780626679305,-69.15030432765305
28.67413,-23.80615,964.5,983.1686485530391,978598.17,27.263758395216428,-80.98424781659624
28.6761,-23.41524,896.8,914.2444251584759,978606.29,40.00946784822736,-61.037125543295815
28.67834,-23.99281,1026.8,1046.0982843916274,978592.08,28.111791952280328,-84.4751120332753
28.69458,-23.53139,909.0,926.9197555598237,978604.22,34.191345122409984,-68.825245927996
28.69917,-23.39323,905.5,922.8384992447617,978603.6,41.41955168789718,-61.39391700268969
28.70001,-23.61505,939.6,957.7904157360487,978604.79,38.75227198691573,-67.77961943106193
28.70459,-23.43507,938.1,955.6382142446511,978603.73,48.916924120043404,-52.38898409878725
28.70531,-23.84698,982.0,1000.730709762507,978595.07,26.859333883272484,-83.52988465548584
28.70654,-23.48528,939.4,957.1457774327706,978601.71,44.052463654545136,-58.33523950705474
28.70799,-23.75162,982.6,1001.1259063779739,978597.53,35.7964483005926,-74.93534643840636
28.71535,-23.6824,968.6,986.9653318986514,978600.21,38.707932792254724,-70.63011191810936
28.7186,-23.905,966.8,985.6963980171055,978601.75,25.024137183558196,-84.58469258721314
28.71951,-23.7168,1045.4,1063.8416293491962,978585.93,45.863643221207894,-72.3988437148112
28.72156,-23.95309,975.0,994.0740409311509,978604.49,27.13099721004255,-82.07587324062658
28.72577,-23.32423,927.2,944.1780022253112,978594.51,43.447458339273,-60.9941142487088
28.73521,-23.77992,1049.8,1068.3485033782297,978585.62,42.744524077977985,-73.72066829880498
28.7365,-23.27502,849.5,866.1860988882677,978599.47,27.56736000685487,-64.93985849784171
28.73868,-23.99298,1037.8,1057.0281999492172,978599.17,38.562866701278836,-73.82813882135684
28.74278,-23.3936,896.6,913.9427645207403,978611.59,46.640195526066236,-53.340007018601256
28.74335,-23.81255,1055.1,1073.7053439731114,978579.89,36.492997796973214,-81.89857957245871
28.74997,-23.43172,972.6,990.1190336831644,978597.9,53.94726312009152,-54.190630563777106
28.75339,-23.55899,969.6,987.6444430764592,978599.24,46.12485807808116,-63.857630178925334
28.75517,-23.19363,899.1,915.3082755427835,978569.51,18.090617565787397,-83.62649305148642
28.75533,-23.65575,970.7,988.9633636653782,978601.64,42.52310089103412,-66.42240582085113
28.75729,-23.147,871.6,887.5516619978707,978568.68,11.73977727862075,-86.65483411407578
28.76212,-23.68489,1011.0,1029.3247594332072,978594.66,46.063135757809505,-66.94967670554139
28.76323,-23.85915,1021.4,1040.103630348281,978590.94,34.06578067468945,-81.06668613314133
28.76932,-23.72441,1107.9,1126.2996421823082,978576.87,55.56915712496266,-69.88262687555763
28.7709,-23.93974,975.4,994.3676162790725,978605.85,29.475456318818033,-79.82498136070625
28.77095,-23.21811,943.6,959.9605235034155,978567.4,28.15908185741864,-78.81673906722865
28.77272,-23.33069,945.1,962.1234984444499,978592.23,46.280981976306066,-58.77424642788168
28.7794,-23.16907,943.2,959.2880725215564,978560.01,23.765748165664263,-82.10629555304263
28.78177,-23.36316,969.3,986.4907694703845,978589.17,48.60762822732795,-61.270973133931676
28.78178,-23.90192,1017.7,1036.5127407177097,978593.35,32.5100169085199,-80.23265341194808
28.78986,-23.38734,940.7,958.0092571858438,978604.18,53.23968863929622,-53.449525713844665
28.79033,-23.13025,887.8,903.6441549722388,978565.25,14.368022531620227,-83.57875573610802
28.79144,-23.3026,968.9,985.7759314682523,978576.65,39.84226277738344,-69.28115930588524
28.79579,-23.64586,1031.0,1049.2111919623283,978591.37,51.49920834135264,-64.15701930372742
28.79895,-23.77686,1109.5,1127.9557861459434,978575.33,51.050082400674,-71.92208950525021
28.80061,-23.41876,934.7,952.1528732130307,978612.42,57.60536682466045,-47.72574210253015
28.80089,-23.60081,1004.8,1022.9283836920124,978597.72,52.724782449309714,-60.176113800166846
28.80215,-23.22331,954.6,971.0164617454678,978566.29,30.120562912663445,-75.35863589235525
28.80472,-23.94946,1007.4,1026.3585464803004,978590.19,23.035817455733195,-90.6190852551757
28.80569,-23.82402,1092.1,1110.6520404689481,978575.84,43.07800761202816,-79.62644748886225
28.81108,-23.18285,972.2,988.3788267791696,978555.0,26.832465516636148,-76.81087231971895
28.81172,-23.53236,957.5,975.4515693140469,978604.22,49.10279754688963,-59.483964388544194
28.81436,-23.90787,1020.0,1038.7843179964425,978579.06,18.523057936225086,-96.0302958272993
28.81657,-23.74162,1143.6,1161.9592153345848,978568.76,57.317128350259736,-69.10017379875822
28.81702,-23.2744,1041.7,1058.4250775351086,978553.37,40.82744072075002,-76.18090268033106
28.8177,-23.98557,1009.4,1028.4878704377431,978595.16,26.243408059584908,-88.14310492737437
28.81796,-23.67548,1091.4,1109.640002864074,978579.29,56.09942459920421,-63.178005524113274
28.81958,-23.7057,1084.3,1102.5887649348263,978581.37,53.99679528467823,-67.40106988267763
28.82861,-23.45282,980.0,997.6145489186814,978601.67,58.64010389579926,-52.61900811992642
28.83089,-23.48035,965.1,982.8369082688272,978604.01,54.605162859894335,-54.69372506293077
28.83093,-23.34834,1012.4,1029.5144433022022,978565.45,39.13673557108268,-63.094366539070506
28.83717,-23.62573,1024.6,1042.7368053645698,978594.94,54.40600001963321,-61.07349028013586
28.83791,-23.57404,972.3,990.3366766344658,978605.8,52.52009982592426,-56.17883505271729
28.84253,-23.86354,1059.1,1077.6905192748438,978564.5,18.930222198134288,-100.03114602974208
28.84277,-23.95152,1034.1,1052.9972720162093,978569.46,10.387418142869137,-106.40697468854114
28.84415,-23.23293,1075.3,1091.793946174788,978544.06,44.528589864377864,-72.66240530382336
28.8512,-23.18526,1022.1,1038.301715369164,978549.72,36.79948460974265,-75.04826401013646
28.85818,-23.75671,1054.5,1072.8100114712001,978587.48,47.526418529683724,-70.07617230172274
28.8595,-23.13931,1021.0,1036.8983142301684,978544.0,33.6456038049655,-63.72977349169554
28.86169,-23.05434,957.0,972.328373529933,978540.07,15.325312281725928,-91.76631282651938
28.86424,-23.81702,1093.2,1111.621565587883,978553.04,21.043980555259623,-102.95025608534706
28.87057,-23.92337,1066.7,1085.433989327522,978548.56,1.3801480572437868,-119.0539731748905
28.87325,-23.37874,1019.2,1036.4562059626824,978555.25,29.081179751316085,-85.39088319597442
28.8743,-23.96077,1070.4,1089.264996771772,978553.43,4.92834610294085,-116.21674596526015
28.87502,-23.27324,1201.7,1218.4314614217326,978519.47,56.372750013833866,-74.91331078556621
28.87505,-23.58322,986.3,1004.2949329321368,978597.62,48.03966933407355,-63.356557581098954
28.87807,-23.67987,1026.1,1044.2443058713204,978588.47,44.80998657469172,-71.59462877247546
28.87877,-23.53087,979.7,997.5556732200363,978596.28,48.08182863413822,-62.474940657288826
28.88297,-23.2314,993.9,1010.3918340700375,978561.32,36.771347511559725,-71.77541128400142
28.88385,-23.70284,1035.1,1053.2650138677982,978580.79,38.38786269258708,-78.92610902539715
28.88969,-23.16594,997.0,1013.0849856032244,978556.67,37.230115319485776,-65.61088364269615
28.89156,-23.76543,1072.1,1090.353963109049,978554.24,19.11920101020951,-102.05323303330077
28.89217,-23.08902,1040.1,1055.6601948123553,978527.46,26.17191441822797,-87.12482135805423
28.89301,-23.44101,987.9,1005.4036616756924,978567.17,27.321684865979478,-83.3642246759629
28.89304,-23.63422,1008.0,1026.045531490969,978575.03,28.78302228753455,-84.84750500945286
28.89799,-23.47482,997.7,1015.3224364682713,978568.14,29.1237850561738,-83.30231000057866
28.89873,-23.98457,1098.1,1117.0109971335266,978548.35,6.814384289784357,-117.21692368717987
28.89914,-23.84608,1131.9,1150.3272256469113,978525.87,3.877680414938368,-123.71864748590048
28.90891,-23.8658,1167.6,1186.0591722189708,978515.77,3.4857372835977003,-127.52972124909815
28.91138,-23.3522,1086.1,1103.2351602789279,978539.09,35.2701789959101,-86.0586734255955
28.91377,-23.67719,1048.8,1066.8651359156856,978549.69,13.187686952762306,-104.65009237112785
28.92003,-23.49641,1026.7,1044.3718754240153,978550.72,19.24296921736095,-97.26786528886944
28.92094,-23.06915,1095.0,1110.4283592774004,978511.06,27.964211693266407,-92.19944207236895
28.92148,-23.70714,1072.3,1090.3929017244513,978544.5,13.268084482755512,-107.56178335593727
28.92334,-23.1496,995.3,1011.2790003638545,978551.89,32.95919949840754,-75.88098243450898
28.92474,-23.9093,1142.4,1160.9671329700475,978518.39,-4.543322138022631,-132.52845560955376
28.92516,-23.21713,967.4,983.8044202773481,978567.95,36.130684681469575,-72.90482924617562
28.92706,-23.24408,1012.5,1029.0674853185642,978557.46,37.84426133881789,-73.48568920439692
28.92873,-23.63324,1048.9,1066.8762435407891,978548.58,14.996598231839016,-103.40590665691414
28.929,-23.41666,1009.5,1026.9114433828063,978549.91,18.301604395965114,-95.39905404420793
28.92905,-23.77309,1121.5,1139.687807121275,978529.57,9.16097943589557,-117.85010960230942
28.93668,-23.93307,1221.9,1240.5349739200558,978502.65,2.675681833527051,-132.54680182778006
28.93716,-23.57993,1031.5,1049.3749167588091,978555.72,20.267291977535933,-96.60908363804158
28.93887,-23.38623,1032.5,1049.7899000810278,978544.45,21.902955068391748,-94.51926001809001
28.93915,-23.82184,1145.8,1164.0846215591637,978522.33,6.199650327325799,-122.91059933274661
28.95233,-23.8616,1173.0,1191.3618387715635,978514.38,4.012282352428883,-128.253655650769
28.95291,-23.53024,1067.0,1084.7344170850301,978543.49,22.23320150154177,-98.18467331179416
28.95401,-23.72784,1128.2,1146.2651012842214,978531.92,16.55131746386178,-111.00062321450721
28.9557,-23.31856,1024.9,1041.8816017281497,978547.38,26.83758197154384,-85.0937365979566
28.95956,-23.99095,1164.6,1183.4367385257099,978522.68,1.2116452297195792,-128.7730170650417
28.96181,-23.49257,1045.2,1062.8348077229953,978546.23,20.703240358969197,-95.54284107513013
28.96245,-23.91405,1182.9,1201.4171972847266,978509.72,-1.0507163050351664,-133.93735193621367
28.97089,-23.60362,1053.3,1071.1575991582251,978550.3,20.00017481937539,-98.40400753369967
28.97673,-23.39366,1042.7,1060.0242975126803,978543.82,23.942220567842014,-94.08517916427513
28.9789,-23.96008,1238.9,1257.575789546166,978500.78,4.2546674406621605,-133.97572789781796
28.98076,-23.34781,1040.4,1057.5251104505019,978545.83,28.194493581308052,-87.31817299266504
28.98116,-23.53275,1081.5,1099.2164882203308,978542.61,25.655824449378997,-96.76993058371391
28.98174,-23.56377,1062.9,1080.6789093160937,978548.72,23.995395532576367,-96.21481206762257
28.98512,-23.67639,1129.0,1146.9426301752433,978529.89,18.148561348207295,-109.3048720577745
28.98518,-23.14149,960.0,975.9192942826093,978565.65,36.33737969188951,-68.71707456116064
28.98843,-23.24097,965.1,981.6419214804381,978566.26,32.213906756136566,-76.54162281989365
28.9893,-23.82317,1204.8,1223.0071277450097,978510.82,12.780591373099014,-122.55011001120405
28.98933,-23.29935,1006.0,1022.8772230302869,978551.4,26.25353874079883,-83.83903855289763
28.98979,-23.44489,1027.0,1044.5037433084676,978551.28,23.24084982892964,-93.24330019547342
28.99234,-23.63074,1082.0,1099.8704063623677,978542.99,19.75272605405189,-102.56621935027746
28.99367,-23.69849,1133.5,1151.465260083843,978530.56,18.746412692358717,-109.25014521769474
28.99486,-23.03503,1041.0,1056.2074990151066,978515.55,17.94288400968071,-97.42561758464899
29.00114,-23.00819,914.4,929.4202905918023,978540.53,5.543931040214375,-96.59564352169217
29.00764,-23.74844,1203.7,1221.7356004833618,978516.93,23.476535771857016,-111.1047810905352
29.01363,-23.99374,1267.2,1285.9938640435748,978499.31,9.296293233055621,-124.29495103606814
29.01376,-23.87238,1256.3,1274.6258445341339,978496.66,11.261639280593954,-130.6042281792974
29.01579,-23.93407,1273.3,1291.8430140815083,978493.31,9.098494438338093,-134.91755900186848
29.01823,-23.16161,912.5,928.5467918256782,978580.82,35.5767253881786,-66.23668900208915
29.02049,-23.10509,998.7,1014.3800947329973,978551.11,36.037851413479075,-56.93113175579701
29.02193,-23.49094,1049.9,1067.5160212031801,978552.64,28.665209099533968,-89.04774738363643
29.02312,-23.65411,1107.1,1124.9860049924437,978540.61,23.572437482420355,-101.22261029546067
29.02393,-23.55064,1094.1,1111.8320408471973,978545.37,31.125943350372836,-92.74277836321276
29.02621,-23.37599,1043.0,1060.2567867165376,978549.81,31.165827221237123,-86.13923448300656
29.02831,-23.4201,1062.3,1079.7247068924567,978547.94,32.40108720434364,-87.82935776460268
29.03085,-23.24193,953.5,970.0453981287732,978569.01,31.322746797348373,-75.621593350737
29.0309,-23.46515,1054.7,1072.2536775675749,978550.04,29.228024698328227,-90.0041614095209
29.03577,-23.72331,1163.9,1181.882055175119,978528.79,24.711748372763395,-105.46077749965258
29.03615,-23.28238,959.1,975.8807805618175,978567.04,28.504414159688167,-79.24414443144944
29.0369,-23.92245,1299.0,1317.4958966942966,978488.78,13.26048345840536,-132.98063836790158
29.03796,-23.07631,959.5,974.9894292661406,978549.52,24.16712127951905,-76.04409404138444
29.0407,-23.5787,1100.5,1118.2808001803787,978549.3,35.18974155536853,-88.69664492046202
29.05003,-23.32199,990.2,1007.1972082169756,978563.14,31.67023511172738,-80.31596018043716
29.05167,-23.68832,1154.0,1171.924289964265,978528.23,23.40432373143267,-107.15146679204145
29.05254,-23.62453,1131.8,1149.6457550713026,978539.14,31.672289652517065,-95.003605056376
29.05484,-23.20695,911.7,928.0287828399679,978581.27,32.90539186797105,-69.34506864799424
29.05498,-23.78081,1232.4,1250.4908882135835,978510.56,23.823459501261823,-113.8574711779645
29.05521,-23.10435,918.1,933.7742578961812,978573.72,33.823459022212774,-60.70544609716288
29.05536,-23.98289,1405.9,1424.6540978980026,978474.53,28.021883734269068,-128.9441188453868
29.05806,-23.81688,1286.8,1304.97980697637,978496.73,24.400658415048383,-119.43724853692558
29.06664,-23.34947,1019.0,1036.1371479779473,978561.15,36.806028917315416,-77.37167867751836
29.0668,-23.38528,1043.2,1060.4981762623643,978556.64,37.45954056736082,-78.63631543829983
29.06761,-23.86807,1356.0,1374.3160895159713,978479.46,25.105524494312704,-126.2864243075079
29.07022,-23.43974,1092.1,1109.5807647546917,978547.79,40.16988975717686,-83.67856480829411
29.0703,-23.05009,910.2,925.5189840158604,978553.77,14.857494291034527,-77.61559069185
29.07091,-23.51334,1085.3,1102.9577281557922,978551.8,37.28226424776949,-85.65768527250516
29.07184,-23.90405,1392.7,1411.1347779731684,978471.73,26.329718439723365,-128.97601488725755
29.0755,-23.27596,963.5,980.2490092592772,978571.53,34.76298018486705,-74.30555036317128
29.07735,-23.7375,1182.3,1200.3105682050777,978524.37,25.03399542486295,-106.83569458740502
29.07755,-23.2402,934.4,950.9340998365773,978577.09,33.618750393157825,-71.09915592664292
29.08112,-23.93559,1355.7,1374.2628462842272,978482.08,23.19442157179583,-126.30556034551648
29.08124,-23.01105,942.0,957.0500044876219,978537.81,11.164074201369658,-92.8073746265738
29.08298,-23.58842,1146.5,1164.3022688436477,978541.28,40.726079305051826,-88.50588528862824
29.08475,-23.67986,1172.0,1189.917310519436,978527.46,28.74757873103954,-103.5830284850156
29.08943,-23.14629,884.4,900.3451127338293,978583.5,30.553923904662952,-69.45503361619085
29.09344,-23.55943,1124.4,1142.1580893547373,978545.92,40.45171514293179,-86.86861742793793
29.09361,-23.65076,1181.4,1199.2765530967442,978529.05,35.15627713978756,-98.58039176485426
29.1003,-23.81509,1291.8,1309.976048982413,978496.04,25.371450208243914,-118.66266621291052
29.10709,-23.95959,1457.9,1476.5603091870103,978465.12,36.1861556613585,-124.50429798767121
29.11159,-23.08081,872.0,887.5254183930357,978579.69,27.05484603776131,-71.24807188948172
29.11171,-23.02496,872.2,887.3483889486298,978560.06,11.002135748043656,-79.7618269532388
29.11209,-23.71541,1250.3,1268.284261276837,978508.5,31.604641872108914,-109.78787581904004
29.11584,-23.18008,909.3,925.459794453907,978580.39,32.98827871889807,-69.72743835528027
29.11594,-23.48746,1113.3,1130.9108361319181,978548.53,44.3453129172558,-81.0838711685024
29.11665,-23.28304,959.7,976.4913037192451,978577.51,39.11955191101879,-68.60501472517954
29.11668,-23.78468,1241.1,1259.2106759156825,978506.97,22.665960697690025,-116.56213798955417
29.11719,-23.11256,883.2,898.9307693148785,978582.82,31.636593096191064,-68.52733420614321
29.11758,-23.63766,1176.8,1194.664335038889,978531.69,37.241952113457955,-94.53318509142156
29.118,-23.34814,1013.3,1030.4319551156186,978564.13,38.11297904723324,-76.63849594834794
29.11868,-23.20808,929.9,946.2356581725038,978576.61,33.789721362059936,-71.70545238695806
29.11913,-23.45811,1115.5,1133.0321787331668,978546.47,44.875311770359986,-81.53574695715676
29.12132,-23.38895,1047.0,1064.3111648232625,978557.84,39.594727336778305,-77.09127800431405
29.12904,-23.84441,1353.0,1371.2589143648818,978483.04,29.32207611447666,-123.22105236916337
29.12984,-23.67844,1229.3,1247.2288220519295,978516.59,35.65428561414592,-103.19188069232959
29.1339,-23.89371,1456.4,1474.813759393197,978463.35,38.285885208286345,-124.76156463314942
29.13792,-23.43088,1099.0,1116.454092229155,978550.41,45.494195193983614,-78.88161901844468
29.14063,-23.23843,952.0,968.5258790803476,978578.62,40.692905608331785,-67.18027330984803
29.14108,-23.9698,1427.6,1446.3109260549506,978474.19,35.24031692848075,-125.00576836737304
29.1423,-23.59464,1159.8,1177.6089409963358,978540.99,44.12994609726593,-86.5123053436719
29.14262,-23.82259,1296.2,1314.402478895064,978494.73,24.92692608886864,-118.16243209605761
29.14578,-23.15582,914.4,930.4073319953457,978578.34,34.048709541442804,-69.7020830010972
29.15147,-23.04359,852.7,867.9712847592549,978571.03,14.781904938747175,-81.44804187252564
29.15179,-23.56001,1137.0,1154.7616127854508,978547.99,46.37208567443304,-81.63436899871886
29.15404,-23.72327,1273.4,1291.4012171616982,978500.75,30.464259146363474,-111.36748432914405
29.15831,-23.47116,1146.5,1164.0781668968048,978542.67,49.79399952525273,-79.16242895099901
29.15895,-23.33867,1024.2,1041.2878495690138,978566.5,44.45451598777436,-71.38061472941996
29.15967,-23.52287,1136.2,1153.8973468289735,978547.51,48.08009801374283,-80.50816253118177
29.16409,-23.61937,1186.3,1204.1404557295737,978535.59,45.277926513925195,-88.7954527626568
29.16673,-23.85622,1396.5,1414.7854892102014,978476.78,35.70189782732632,-119.09600579982339
29.1685,-23.75644,1396.9,1414.955615026963,978475.31,40.93584873736836,-112.34524333732284
29.16872,-23.99332,1437.7,1456.4966038246607,978475.62,38.235927632427774,-120.54252523211326
29.17091,-23.90367,1405.1,1423.5334870517088,978477.09,35.540153688401915,-121.6566136791339
29.17455,-23.36226,1037.5,1054.6970024592722,978564.79,45.33264961687382,-72.06481914194978
29.17657,-23.24593,966.8,983.3748969063575,978578.77,44.93403386208229,-63.36155249301255
29.17799,-23.40375,1075.0,1092.3604298620683,978558.25,47.68591075448785,-73.02197546539855
29.1806,-23.94302,1549.6,1568.1701272804776,978446.05,46.486231142189354,-123.59160113024845
29.18141,-23.19768,936.6,952.8726684048518,978578.73,38.63745151064359,-66.83675636616339
29.18489,-23.16513,924.0,940.0638865837551,978583.48,41.56086946662981,-63.23175617079434
29.18605,-23.66672,1240.0,1257.8972021169502,978516.6,39.73368079622742,-99.94042254472072
29.1868,-23.69493,1268.7,1286.640292214143,978505.45,35.57868962932844,-107.02586645880572
29.18732,-23.28453,1005.9,1022.7032701114914,978573.51,49.28134705068078,-64.74467774762468
29.188,-23.07948,879.9,895.4007335346837,978580.34,30.221602165023796,-69.47284148855947
29.19098,-23.32751,1045.6,1062.6339743366057,978565.81,51.083597380900756,-66.05402355036604
29.19214,-23.10085,890.0,905.6417703408108,978582.31,33.960361673031,-65.9976487759569
29.19267,-23.04054,858.8,874.032955831781,978572.25,18.070720292045735,-78.53182307165386
29.19287,-23.64552,1217.7,1235.5604169238234,978523.96,41.60855022829492,-94.91354668273175
29.1974,-23.72182,1305.0,1322.9750830051908,978496.16,35.711792000802234,-110.59681214539069
29.1991,-23.5836,1171.0,1188.765926976384,978540.58,47.89309114590287,-84.56722473016978
29.19923,-23.38469,1064.0,1081.2886463259676,978561.17,48.443340746103786,-69.44749793179511
29.2,-23.80667,1297.8,1315.9302854555958,978495.83,27.559802089934237,-118.31098668398079
29.20424,-23.42976,1112.5,1129.9324110594448,978554.5,53.81664817966521,-71.89566640976184
29.20744,-23.85539,1353.5,1371.7425337751633,978489.08,34.77831920119934,-115.97056939227835
29.20976,-23.53133,1160.0,1177.6722124144487,978544.46,51.80672549526207,-79.19453930299508
29.21159,-23.45628,1140.7,1158.2023960439662,978550.32,56.61204388283659,-71.66844286879731
29.2139,-23.88405,1414.7,1433.0091527038912,978477.61,40.2949514525244,-117.80033439179769
29.21761,-23.7603,1290.7,1308.716621342132,978496.75,29.34305921860505,-115.67311209867461
29.2196,-23.01598,835.2,850.2432971644232,978562.92,2.995336761348881,-91.26421747050229
29.22163,-23.15805,936.0,952.0087815282226,978583.58,45.808855789364316,-60.15234129885522
29.22533,-23.49893,1153.7,1171.2895342567879,978544.89,52.40698256762698,-77.43237090644112
29.22557,-23.20078,952.3,968.6010728155757,978582.94,47.498213022830896,-58.92492818661118
29.22728,-23.78931,1257.4,1275.4557138670336,978503.57,23.969502527848817,-115.24142142211795
29.22919,-23.32455,1036.4,1053.4165690413931,978571.29,53.9137540491065,-63.29726904190052
29.23395,-23.96524,1393.9,1412.4364064796457,978481.1,32.00557326246053,-125.13550327977131
29.23587,-23.60013,1166.0,1183.7428435199402,978539.97,44.638978807488456,-86.4163862873394
29.23589,-23.25121,999.9,1016.5180997705602,978578.68,54.725286885746755,-58.61219102603306
29.2363,-23.681,1212.7,1230.5618228084809,978518.89,32.642074174946174,-102.14514150864312
29.23663,-23.224,976.3,992.7523607043408,978582.56,53.052456954843365,-57.10333197847504
29.23669,-23.41031,1070.2,1087.5639670091807,978560.85,48.37429000262637,-71.31316167310435
29.23914,-23.29787,1043.4,1060.2819342889477,978571.09,57.582168507622555,-58.79827167246522
29.23918,-23.99564,1452.7,1471.340995197909,978475.42,42.4597602551803,-119.79562241477552
29.2403,-23.91849,1441.7,1460.0507933371657,978468.71,37.4344546047505,-124.3990148070313
29.24399,-23.37161,1043.7,1060.9286785382978,978569.57,51.42104125558399,-66.38161239100431
29.24504,-23.54555,1141.4,1159.045090009876,978548.81,49.46976728388108,-78.82631472827504
29.24733,-23.62961,1183.3,1201.0679277859351,978533.66,41.72132762486581,-91.46114583547762
29.25372,-23.81757,1330.3,1348.369838643802,978489.19,30.201145018916577,-119.81376452270126
29.25775,-23.71777,1220.1,1237.9807365861748,978512.91,26.508326756069437,-111.04773530593306
29.26379,-23.89317,1404.0,1422.2122120160084,978475.41,34.15454095648602,-122.15815553671297
29.26447,-23.15956,941.5,957.523954964863,978584.77,48.602145010605454,-58.1933474544165
29.26833,-23.04021,865.6,880.7780009669711,978569.36,17.283591383718885,-80.50018281475448
29.26933,-23.85011,1324.5,1342.5981372040737,978490.38,27.43944724195171,-121.79903046998271
29.28429,-23.75771,1243.8,1261.6844692843626,978508.72,26.975000852602534,-113.33293367557349
29.2894,-23.24359,989.9,1006.4701569098715,978584.28,57.72361814486794,-53.94030301794386
29.28947,-23.97961,1397.9,1416.297941710041,978484.99,36.123869460891,-121.57724165819772
29.29094,-23.95424,1386.9,1405.2186494370953,978484.94,34.355735857156105,-121.76120535393238
29.29173,-23.79427,1306.7,1324.6309280077244,978494.58,29.820533579215407,-115.78484077563681
29.31329,-23.84256,1337.2,1355.1512996740698,978490.1,31.536183980642818,-119.49619921015707
29.31593,-23.34526,1006.7,1023.7698942989616,978580.12,52.23645521560684,-61.40444087741511
29.31602,-23.37955,1030.0,1047.2023567802776,978572.91,50.003754293429665,-66.31405364462314
29.31667,-23.28746,993.6,1010.3949771711627,978582.92,54.70142681803554,-57.928102455925796
29.31824,-23.048,927.5,942.7030366015607,978558.89,25.415989651577547,-77.78564719787836
29.32692,-23.91805,1324.0,1342.0846945590636,978495.03,27.390857858001254,-121.07592554924224
29.3309,-23.42714,1090.7,1108.0137518401402,978566.33,59.05621599650476,-63.74482843949296
29.34242,-23.87158,1269.3,1287.218175188157,978503.69,22.230088827433065,-120.10186826527664
29.34354,-23.96094,1312.3,1330.428458074042,978502.9,28.79352333850693,-117.00010016288462
29.35263,-23.19026,956.0,972.2189105197573,978587.93,54.29197052621748,-54.09258851537858
29.35402,-23.48706,1067.0,1084.374684765155,978563.51,44.99301196355373,-75.11936029537256
29.35667,-23.54167,1099.7,1117.1418928305372,978555.22,43.20722539909184,-80.67354617919267
29.36055,-23.99245,1302.5,1320.640159508928,978509.06,29.82180031610187,-114.35293819305502
29.36501,-23.57167,1104.9,1122.3571270568864,978551.52,39.13261851621792,-83.90504213480531
29.3759,-23.13431,939.1,954.9164653324408,978584.03,48.70475281123072,-57.613601294046305
29.37624,-23.61565,1147.1,1164.5446634568616,978547.84,45.55762014607899,-82.89399312146111
29.38179,-23.653,1165.9,1183.3582781032806,978541.71,42.75633549573831,-89.16180982636848
29.39185,-23.09129,976.7,992.2032939784815,978566.85,45.83362391660921,-59.074666768529354
29.39342,-23.68378,1191.7,1209.1487884523615,978526.44,33.400892896344885,-100.16505379943229
29.39359,-23.88594,1282.9,1300.715692158018,978502.71,24.454880745033734,-120.44584854936522
29.40833,-23.71667,1232.9,1250.3314065433333,978518.13,35.61197228578385,-103.43629820206715
29.41023,-23.74377,1220.4,1237.8534517211717,978524.61,36.44007977785077,-101.51251270087684
29.41833,-23.78168,1237.5,1254.965279288723,978514.93,29.51597950118594,-110.46041402328933
29.42264,-23.95515,1303.6,1321.5104574669933,978498.26,21.79002108273562,-123.9409332528183
29.42667,-23.825,1168.6,1186.1407900533586,978519.53,9.994044538703747,-117.74008085304203
29.43858,-23.92004,1274.6,1292.3997001353894,978502.15,19.04909411841072,-123.95326436732958
29.44499,-23.1785,901.7,917.7872500213725,978597.14,47.47388525714632,-54.742597381351445
29.45882,-23.98083,1341.5,1359.3818113391874,978494.17,27.66313980438281,-122.87462943188837
29.47511,-23.7816,1182.0,1199.3268755282672,978525.0,22.425181676400825,-110.32153586369327
29.47609,-23.85188,1252.8,1270.3280267323598,978508.26,22.904639762011357,-118.43891698979422
29.48688,-23.94965,1308.2,1325.9643727263856,978498.35,23.622463806299493,-123.90822048988167
29.49014,-23.88039,1313.7,1331.2854930609722,978496.05,27.597050003590994,-120.56403836125497
29.49333,-23.82001,1251.2,1268.599804305381,978509.13,25.367923740763217,-115.45113697363035
29.49554,-23.75383,1163.0,1180.240472931797,978527.45,20.835208702483214,-110.50605818542454
29.49667,-23.71333,1183.5,1200.698801893549,978526.73,29.120779712451622,-103.67606921244337
29.505,-23.68333,1189.0,1206.1967141074492,978524.93,31.00995793414768,-100.46942885548938
29.50848,-23.56929,1148.1,1165.3907572109035,978539.24,40.28781192738097,-88.57019129822368
29.51215,-23.91789,1375.6,1393.2370199208497,978487.01,35.162514958297834,-118.44266654454043
29.51288,-23.54491,1119.7,1136.9677871561557,978545.5,39.39027459814679,-87.3439435077602
29.51334,-23.04333,906.5,921.663994285836,978569.91,30.247439797967672,-58.45655554812005
29.515,-23.61166,1163.1,1180.356996516999,978531.02,33.88067135470919,-95.92173861698504
29.51561,-23.96539,1375.5,1393.2312746675254,978487.53,32.50067036924884,-122.75099461480801
29.51666,-23.42667,1045.5,1062.4500801353706,978574.81,53.50836620910559,-64.34291000621009
29.52834,-23.48833,1078.4,1095.5209409856122,978561.91,46.74841880064923,-74.22626365354748
29.53333,-23.19501,932.4,948.5738298687507,978595.21,53.96541142242495,-51.80973543668851
29.535,-23.27,950.0,966.5398921342788,978593.11,52.503203765139915,-54.356837718796385
29.54135,-23.94142,1314.7,1332.3179463307029,978496.62,24.40368742577266,-122.05423635918785
29.54671,-23.76497,1172.5,1189.6951096440996,978524.63,20.19083073933143,-112.02849029687422
29.54759,-23.54121,1104.4,1121.5899670530455,978550.54,39.93006856087595,-83.2707475061752
29.54832,-23.36667,1006.1,1022.9034777631364,978587.81,58.252664767205715,-55.346463799779
29.55194,-23.57872,1164.3,1181.499260004158,978546.71,52.10400169715285,-79.09576046353752
29.55333,-23.155,902.2,918.1315074725306,978594.91,46.88417310884688,-55.04342533421574
29.55353,-23.73265,1135.6,1152.804374456065,978531.75,18.079103367286734,-109.79551556162616
29.55833,-23.17,901.9,917.9224834010969,978595.41,46.34062628564425,-54.41303067267164
29.55833,-23.79163,1206.0,1223.2214689449308,978518.94,23.069258928648196,-111.25921581733837
29.55833,-23.34,983.3,1000.0596631467952,978593.41,58.55571732169483,-51.52241778655359
29.56,-23.29167,965.3,981.9336710280398,978592.91,55.63326990592759,-53.36562739042351
29.56635,-23.98172,1382.9,1400.5222291216703,978474.21,20.335582042578608,-135.64129714957417
29.56654,-23.82817,1269.7,1286.988821133976,978505.91,27.27709164249245,-116.0001578438752
29.57507,-23.881,1263.3,1280.7045013040529,978510.96,26.861135305836797,-114.27685577340065
29.57977,-23.93233,1291.8,1309.2973612955695,978498.28,19.569945309660397,-125.83750036712897
29.58772,-23.84955,1257.5,1274.8008573305772,978509.6,25.780151050072163,-115.99915506218326
29.59729,-23.70218,1113.7,1130.9088518958938,978534.85,16.448735198471695,-108.01365658754861
29.60207,-23.59663,1098.2,1115.2596509919174,978549.56,33.33075712120626,-88.38814949260527
29.60236,-23.76863,1164.8,1182.0341768582891,978523.26,16.21348806412425,-114.59815136980131
29.60333,-23.04167,830.0,845.1712036793703,978590.21,27.05088531447109,-61.58278099263114
29.61079,-23.98076,1371.6,1389.0915052673479,978476.92,19.58350138599053,-134.38272481660567
29.61185,-23.8047,1195.3,1212.5147172494135,978515.1,15.054867689497769,-119.79780796363445
29.61435,-23.62102,1081.2,1098.2400849505648,978551.92,28.823870879714377,-92.19587016903903
29.61667,-23.64667,1099.1,1116.1878585935913,978542.22,22.961269255611114,-100.81890218568137
29.63718,-23.85828,1264.9,1282.1213543808044,978506.4,24.255856289411895,-117.14371469115628
29.64314,-23.95673,1349.9,1367.2577091892144,978483.23,20.76777842408046,-129.0515910087485
29.64323,-23.5811,1063.9,1080.8694057270584,978557.07,31.257642494514585,-88.19052987914472
29.64992,-23.89195,1277.2,1294.4428223300292,978499.99,19.397891688044183,-124.620526266649
29.64999,-23.15167,910.7,926.559114465666,978589.91,44.70202840352431,-58.26553025646409
29.65034,-23.92865,1303.5,1320.7923632578802,978491.21,16.292627203045413,-129.6821907646555
29.65236,-23.81454,1204.8,1222.0102213895136,978515.09,17.31852364295628,-118.15986658812565
29.65295,-23.73914,1172.0,1189.235282350003,978521.52,18.65779626753647,-112.59578031715628
29.65668,-23.035,830.3,845.4126088539319,978592.51,29.85891550243832,-62.53258600820541
29.66333,-23.08167,865.6,881.0215860131864,978590.41,35.71188928524498,-61.5219534559951
29.66667,-23.105,879.3,894.8656922858288,978591.21,39.26473527390044,-59.918177289531016
29.67366,-23.99535,1280.2,1297.5494678079108,978496.18,9.623456108151004,-129.71219713720376
29.685,-23.03,847.0,862.0575768990728,978586.81,29.620287240832113,-57.65316370849369
29.68919,-23.96582,1429.9,1447.1515131642218,978467.18,28.756314287544228,-128.86053450066925
29.68967,-23.78195,1215.8,1232.9511222734689,978513.52,21.296017332118936,-114.87539607794696
29.69167,-23.155,923.5,939.3315477477959,978587.51,46.02601785317529,-58.44384267397365
29.69333,-23.54167,1050.0,1066.8232838174679,978564.21,36.67136104730889,-80.97665682140091
29.69986,-23.92497,1383.9,1401.0506622192659,978477.42,27.509365657693706,-127.83483741730183
29.70055,-23.73456,1241.0,1258.0978811144005,978509.26,27.948663031682372,-110.85024587213448
29.7141,-23.89166,1317.2,1334.2602727701865,978492.54,24.251632265746593,-124.10055370571453
29.71667,-23.50833,1093.6,1110.365277008864,978561.01,49.10864916734863,-73.36172647632799
29.72865,-23.83299,1246.4,1263.409602667305,978512.84,26.61080925911665,-111.83225857833818
29.735,-23.45833,1044.5,1061.2241478936571,978571.91,48.14438098971732,-68.56455300022672
29.73523,-23.96114,1327.4,1344.5014057574836,978489.32,19.54181477171369,-129.11984116382484
29.74834,-23.42168,1077.2,1093.8520971008156,978562.71,51.42611521203071,-69.71761630216271
29.75209,-23.9024,1314.7,1331.6460262747896,978491.01,21.19708954647649,-126.69822393318577
29.75496,-23.98575,1277.4,1294.4739277722417,978499.43,12.56829238368664,-130.1904127411402
29.75833,-23.03833,899.8,914.8367292531383,978581.91,40.46570630208589,-56.42434570416633
29.76167,-23.14667,923.2,938.8757278868908,978592.21,51.12884896143805,-52.825665564168276
29.76334,-23.39166,1084.2,1100.7470747616226,978566.21,59.02892441453878,-61.99181718887836
29.76997,-23.85138,1278.9,1295.7519404775694,978500.12,22.64184654771816,-121.23294626787433
29.77245,-23.81236,1344.5,1361.3258642456221,978490.42,35.775627102237195,-115.35894227616086
29.77354,-23.77734,1313.0,1329.784886377465,978505.74,43.69843769760337,-101.8122443737389
29.77834,-23.36,1120.1,1136.5058921828074,978561.71,67.64340393594466,-58.8628110867689
29.77853,-23.74257,1316.0,1332.7224111223202,978497.0,38.17906758619938,-108.01494008520623
29.785,-23.71167,1258.5,1275.1593238610317,978508.53,34.00433375732973,-106.75555211191198
29.7973,-23.94189,1227.1,1243.9316457017967,978509.58,10.06324323930312,-125.5289664294904
29.80333,-23.32668,1106.4,1122.6189449353012,978566.71,70.54656703397632,-53.97349684462918
29.81104,-23.84619,1396.5,1413.1530186577681,978477.86,36.94784815062303,-118.15564504536059
29.815,-23.29167,1083.2,1099.2879941198364,978573.21,72.14411950763315,-50.08999024362852
29.81868,-23.71399,1280.2,1296.6717395448827,978506.94,38.897198554943316,-103.89997062722495
29.8334,-23.9352,1274.1,1290.7617168343784,978501.84,17.219257817603648,-123.90093120892536
29.83472,-23.75854,1343.9,1360.3256186113167,978499.03,47.66234157059807,-97.24439346262048
29.83501,-23.25833,1043.9,1059.822870605309,978581.21,70.1512740975013,-47.78158114773116
29.83667,-23.09332,886.6,901.8477946800923,978593.21,44.180017453967594,-55.69027803010856
29.84406,-23.69325,1274.7,1291.0178272664675,978510.5,42.09084138460457,-97.97273425609504
29.855,-23.03,964.4,979.2602697545386,978571.31,50.286560413544066,-47.347832792332525
29.85776,-23.8759,1522.9,1539.360619504004,978453.5,49.53810206055641,-119.31811842478615
29.85834,-23.23167,1019.5,1035.254937970856,978585.81,68.91551564296242,-45.34827338811445
29.875,-23.17999,955.8,971.3170255380667,978596.21,62.96450580167584,-45.00864739688002
29.88158,-23.82681,1473.0,1489.2775076521898,978461.79,45.65519774961285,-116.13888864576654
29.88499,-23.145,934.2,949.5495161749297,978591.51,53.831451043020934,-51.82999545549036
29.88834,-23.43167,1186.3,1202.2613515078103,978541.52,63.027311820187606,-69.97545892467144
29.89999,-23.105,897.9,913.0374269043477,978590.81,44.47218495362904,-56.53485532631595
29.90833,-23.46001,1182.0,1197.8637386713458,978540.92,59.20326409081463,-72.37168674349377
29.91333,-23.06168,936.6,951.5072720101839,978580.81,49.16308373119682,-55.13681723321591
29.92168,-23.15334,1008.3,1023.5489712301325,978562.32,46.931251614470966,-55.70882327308749
29.9277,-23.01086,1045.2,1059.8386089376845,978553.48,58.56350383290555,-44.33663679272037
29.94278,-23.78123,1407.0,1422.8948811351001,978475.27,41.694578571012244,-106.0356570900446
29.94308,-23.62975,1080.0,1095.7687386744683,978551.02,26.58277748792898,-89.95894506077126
29.96417,-23.1055,902.0,916.9206306985043,978591.19,46.01788880501408,-55.97975849882998
29.97501,-23.27667,781.8,797.1283847501588,978618.6,25.278709659469314,-56.026357191305124
29.97536,-23.46793,1205.5,1220.9962437155245,978532.84,57.73830845381599,-75.81827042021118
29.98,-23.20833,1006.1,1021.2758938228028,978578.51,58.82844788907096,-53.96894643659982
29.98334,-23.405,1123.5,1138.9088881165462,978550.42,54.136121185380034,-72.0947410896656
29.99001,-23.30667,1006.7,1021.9871251084559,978575.01,49.10886972723529,-60.67188063718919
30.00166,-23.10333,852.5,867.2756595117294,978596.91,36.559674547752365,-58.199136548700096
30.005,-23.60167,781.2,796.5926704255927,978613.3,-1.5942201127763838,-84.58186037564961
30.00999,-23.06667,806.2,820.8255129058186,978601.9,29.602203581482172,-57.96764791742845
30.015,-23.33,1106.7,1121.8700168203434,978553.52,56.90758928284049,-58.23084430183826
30.02,-23.69,812.0,827.3471090515476,978601.0,-10.261258721235208,-85.46812916394008
30.02,-23.185,976.0,990.9278138544648,978578.41,50.888570004259236,-58.27188554672077
30.03333,-23.355,875.1,890.179495430935,978600.1,30.354519132175483,-64.9785938707105
30.04167,-23.31168,1167.4,1182.3950896231013,978537.82,61.08429520588834,-49.28643779461605
30.05167,-23.14,836.1,850.7635345052455,978599.7,31.864083037013188,-60.83171988880386
30.06168,-23.65668,764.1,779.1490344959842,978616.2,-7.723241127328947,-87.21863084137527
30.06833,-23.06168,801.9,816.3210072372137,978597.1,23.7367630637018,-55.11826443514741
30.07333,-23.98,1714.0,1729.4113992847842,978403.2,50.89661824540235,-112.16645493666815
30.08,-23.59833,718.7,733.5989745367868,978629.5,-4.612803105614148,-84.61370235666439
30.08333,-23.27499,727.2,741.9146889101968,978628.5,18.24986082012765,-61.72544599321755
30.095,-23.59833,690.7,705.4961804793502,978635.09,-7.695462641422637,-84.25057191976099
30.11501,-23.735,840.0,854.6986173110282,978589.51,-16.30154895130545,-109.09329018224928
30.12167,-23.78168,784.9,799.5897728828661,978604.3,-21.624314606771804,-110.04046649298246
30.125,-23.08833,801.6,815.8852984559057,978585.61,10.377979146083817,-74.22749020193939
30.12833,-23.62167,776.9,791.4687332727152,978614.5,-3.3002651111455634,-88.71180900625606
30.14166,-23.69501,880.0,894.4780609643316,978581.01,-9.868471887079068,-100.85724129172539
30.15668,-23.30499,658.7,673.0124960535935,978641.49,8.009681489202194,-62.73068318279721
30.15833,-23.53333,684.3,698.6597299461258,978638.69,-1.905986669124104,-78.26737176446169
30.15833,-23.82167,683.4,697.8514733707659,978617.4,-42.58594297012314,-115.60418861917488
30.16167,-23.48,696.5,710.8435773556499,978635.69,2.3746232610428706,-75.39607104189444
30.16667,-23.06,834.5,848.6146906443354,978565.91,2.6215978865511715,-82.87007026251749
30.16667,-23.39833,633.7,648.003961171106,978646.29,-1.0388711695559323,-70.76609680641701
30.17168,-23.64999,783.6,797.8500335298961,978614.3,-3.4084614595631137,-85.58326362775581
30.205,-23.5,626.7,640.7550721820606,978651.69,-4.575098946224898,-75.18963739520846
30.215,-23.84666,659.6,673.6360031369619,978616.3,-52.82628772477619,-126.21449410170418
30.23167,-23.06667,750.7,764.5877009939643,978584.01,-5.642629370326176,-88.15376555447074
30.24167,-23.86667,600.8,614.6532321111736,978627.8,-60.86516951350495,-125.14654572154654
30.265,-23.92168,534.9,548.6597392593081,978645.69,-67.0193574471632,-125.18130153446847
30.27834,-23.05499,668.7,682.4060485490023,978610.7,-3.554746315581724,-72.3423651567613
30.28168,-23.97166,565.1,578.8347352386043,978659.39,-47.35298585915007,-109.1223317100326
30.3,-23.12666,655.9,669.4702569865532,978621.7,-1.2134737588930875,-74.56021785783777
30.30667,-23.06332,657.5,671.0927834887091,978618.2,-0.08798306516837329,-71.04462946788198
30.31332,-23.46667,631.2,644.5904313892628,978646.79,-6.092849472886883,-77.73687601225626
30.36501,-23.12833,622.4,635.6651704820558,978632.89,-0.5651765525108203,-69.51175496562303
30.39667,-23.02167,567.5,580.7878037450913,978652.49,9.039437592378817,-52.7365366684666
30.40167,-23.42833,581.5,594.4145561350108,978652.99,-12.852036383235827,-77.34842689195132
30.42,-23.13,622.4,635.432381822038,978640.69,7.054103986476548,-62.6152468768793
30.45168,-23.36333,549.2,561.9095955416938,978661.29,-10.308557173819281,-65.84719325544204
30.49333,-23.12334,620.6,633.3819248913474,978645.29,11.455457203206606,-57.40497946136955
30.51666,-23.11333,651.4,664.1254283122415,978638.39,14.695820614229888,-58.68769593289062
30.52333,-23.98833,650.7,663.1202869286001,978639.79,-42.058348428225145,-115.5206582777352
30.52499,-23.81168,533.1,545.2147978602306,978644.09,-62.33622814028058,-122.20278987489664
30.53333,-23.77,459.9,471.9744286328851,978659.79,-66.46387260907795,-117.8077045726643
30.53667,-23.31332,491.3,503.72620731341834,978673.48,-12.792733339127153,-67.00589774355745
30.54668,-23.875,574.2,586.2990809227109,978659.19,-38.78224001976196,-102.18561757488455
30.54832,-23.91167,579.7,591.8555027369321,978660.29,-38.41849391697906,-103.59308155390254
30.55,-23.14833,543.8,556.3632714731489,978651.69,-7.54405994550325,-67.69067352099475
30.56332,-23.075,601.7,614.3594915661101,978646.09,9.533096136525273,-57.3165708800623
30.56667,-23.96333,588.0,600.2088135344233,978658.69,-40.898379382211715,-106.02420964737695
30.57668,-23.71667,466.9,478.8325373995731,978659.19,-61.39959188562352,-113.68366973752698
30.58,-23.92999,574.2,586.2926671251109,978664.49,-37.16091867967043,-102.34968322566377
30.58833,-23.70667,455.4,467.2999750402988,978662.09,-61.39446310233325,-113.09573388507498
30.60834,-23.17,490.7,503.0861845006545,978665.09,-12.001419537118636,-66.37355977830812
30.61,-23.68333,433.1,444.94511909532036,978668.19,-60.64392388937995,-109.2342448333534
30.61333,-23.95,559.0,571.0352424749627,978669.78,-37.919201900833286,-101.03100774974857
30.61667,-23.03667,576.1,588.6651922951618,978649.49,7.495974037796259,-56.43734912129167
30.62,-23.39,533.7,545.8123400247798,978657.09,-21.22976462636143,-81.55079338951833
30.645,-23.64333,443.2,454.97494731460677,978663.99,-59.0942691572709,-108.50203051885924
30.64667,-23.00166,533.1,545.6190310860129,978658.29,5.284672642592341,-55.43339326979268
30.64833,-23.925,533.7,545.5932893124931,978674.88,-38.997875494882464,-99.11757335383862
30.64999,-23.98334,529.7,541.6905359360111,978671.68,-47.30944167135749,-106.34114424055042
30.66833,-23.51833,433.7,445.5382324357306,978668.98,-48.74520471773576,-96.28432650063732
30.67999,-23.37666,467.9,479.88198466489507,978669.19,-28.601179884863086,-80.82492538605328
30.69,-23.45168,523.6,535.4721851457994,978668.19,-17.381389818154275,-76.66040558717694
30.69167,-23.31,451.4,463.4354020439236,978678.58,-19.9103521121433,-70.92718356983872
30.69667,-23.22166,476.7,488.82658450112626,978670.18,-14.687967085512355,-68.22194875605308
30.705,-23.64333,427.0,438.64825826353444,978668.48,-59.64340748055838,-107.81690510441538
30.70667,-23.895,502.9,514.6139983509838,978678.88,-42.55272776982747,-97.97955415223026
30.76833,-23.86333,462.4,473.9547097178004,978689.68,-42.18573878973257,-93.07430068330571
30.82832,-23.84332,472.7,484.1456885829092,978685.08,-42.304621763760224,-95.97097157205803
30.88,-23.82167,477.9,489.2819931125117,978684.88,-39.475055049406365,-93.0155097182285
30.88834,-23.54668,1158.5,1170.0368154128785,978540.32,44.2964647692861,-4.2965492826475185
30.89166,-23.605,1224.4,1235.8442293555918,978524.03,44.451500365743414,-0.30121610747121963
30.89999,-23.63834,1227.7,1239.08240216151,978523.13,42.34128416015301,-1.537279188958557
30.925,-23.49001,1121.3,1132.870313676316,978551.02,47.27165526279714,0.09731133097373146
30.935,-23.81,500.8,512.1473921910404,978678.98,-37.539868874591775,-92.823947242282
30.99167,-23.80833,467.9,479.228017224558,978679.48,-47.088653648039326,-97.80119416592208
31.04167,-23.81168,439.5,450.8143769250303,978689.38,-46.18158158834558,-94.04436166738597
31.08333,-23.82001,404.8,416.1097302384342,978697.28,-49.548415616038255,-94.49435410154993
31.11667,-23.82668,391.1,402.41949591367893,978704.48,-47.01872317458037,-89.30277797325809
31.12666,-23.99667,423.7,435.1853735254339,978738.66,-14.094518277561292,-50.2129555641567
31.155,-23.845,404.8,416.1486022927647,978701.37,-47.11353707197122,-91.70173825644063
31.16667,-23.97501,417.3,428.77973579799436,978723.07,-30.20955990825314,-77.22698979360945
31.21667,-23.85834,376.1,387.4883173945786,978714.17,-44.04999592027161,-86.1119323138482
31.285,-23.87,357.2,368.67257333337324,978724.17,-40.636169708683155,-80.34713864671477
31.34833,-23.86166,391.4,403.0029344955614,978724.37,-29.28307767782826,-74.15026776899002
31.39667,-23.27499,340.5,352.26802831533433,978733.27,2.7625370289897546,-36.13863705280685
31.41499,-23.06332,284.7,296.34032641907714,978745.06,11.107628660858609,-21.655599347973947
31.41499,-23.87,331.3,343.130470821771,978748.06,-24.62989661109168,-61.74889540265739
31.43832,-23.105,269.1,280.80592773465617,978753.46,11.999459009384736,-18.511070757083775
31.46832,-23.13667,261.5,273.27638204335744,978762.76,16.911201866343617,-12.460523695310915
31.47833,-23.79167,273.7,285.67814384258395,978767.06,-18.13808629079722,-48.66691525933095
31.48334,-23.87167,342.9,354.9995492655149,978759.76,-9.377964568906464,-48.05020941119314
31.495,-23.845,292.3,304.40594459483714,978772.05,-10.923539985669777,-43.25926396681776
31.49667,-23.75667,232.9,244.91002366695898,978772.25,-23.20145659777336,-47.99987398101526
31.515,-23.86333,300.5,312.71024147869844,978776.85,-4.783964682254009,-39.543608400592724
31.52499,-23.3,280.7,292.6866301982965,978798.55,48.01276648102794,16.602025606926613
31.54832,-23.19333,245.7,257.5926703080928,978803.55,49.16177140059881,22.45667397683634
31.57333,-23.84833,226.8,239.19906499285463,978808.44,5.116904134047218,-20.41986993367981
31.375,-23.0,285.6,297.16567228230605,978734.77,5.186926107853651,-25.922627203834427
